insert into ProcessType (ProcessTypeId, ProcessTypeName, ProcessTypeTitle, FirstSegment, EndSegment, CreateUser, CreateTime, UpdateTime, ParentId) values (10, 'AF435VGM9JRRQESW7F24D 8A96PDQ47IUU2QRHU1NXP81YMHLM', '88P9POYJJNQUVNAN2XL4K7JAXQNBYTI1WNU4MTPDEOPIY7GHH3K4UV4HUYWI7BIFDENP0FCO8FUP3CT8NAACBEFDDLBXQES5J2QGXNMGHPWIILWKWWUMO2 JVUNIV6413URONSW F1NSQORJBYGQV9U1FHP4A UDHKEJTDY02KXDII LP69C5JNB10BKWAUT RD89Y7P82J0Y4QMQUI1 LH8CJCHXPGGLLEQ5DIKI DBDPNWT0FB7A20VUNHU NQ4X90XJCMBIBTGMX45ACIWNKCWF62G3UL66QXAKM6RCB 2D9CP0K EUPAGBULT3294JP6APV1TXD5ENW395FWD7RADBOE79SH3S H5C4D6DFLY8O9BBBEP7IA9UNPBY3D1DICG2WRDEJGH4U59SMGMI9HJXUL RKEOF6A1KA6OFQU1GBH5IU0LWWNCBB4EDAIHN M1RY16G5OWIEEW2EXECSUND562OW1RJVPUO 4O9WVPR1E5PSV3YUK75INOPLOJ4VN6H4NU548BSNFDCMK  JQIDK99M2LO52MYJJ8260FXD8TSJDHOUTOWCIN5RKBS IKHC WJ0R2XE9BDHP42663E2LCWNUTAPBE8JQ280NO3YS2 38TCNP5X81VEW7GC0NY2YLJX4XNEADO6VMUX7XC256KSCGXW8OY1KWM31XA5R3190JEKU MBSBOHX0HRFM0JIJW40 VWXLLFBQIATHDTSTF7RPNE7PM81WG21HHJG12JDY7EHMALG2VY5 F4Y7A2MWQSQS7583OC8 CFB2LEOH0 IT72MEB7U0M CDY6A0 BSNR911SS3JRVGOQ2UOY7G8C3TOKBQI0PGS41GBW3YOWFOKARXCDTD3LBQ7UIWV5JEA17K69F6F6S41EMUTN4MMHOCIF1BX7NC12FHGPOBC5BU74U5JPGHFHXI4WGK0DNS1LOJIEJM ER0MVE5YGFAMGOTNPKG0BXR6YA67YFY B02HG3RKOXLVQ9HP9GYC2M2JDQ0 CMUY9BGF4IKV173C1RCXUJ4W0Q340VTR05HKH9XOIXRF5OMQG5X1OG970YV0WSI0RRRI3L9 MI9TI46AI2FQS5R8BS690X6SS24K6EIK 4LOIJXT51OR9V7ILKB27W0LSFSGP2S9DH NH96MO95V 3C4VBCJ7PHHQ JYI8ED32ADNVFHUT0XRM0OMX WQK343NVYETTSS20L499TSH1RCIA8Q1ICCYJLP5X902OVKJB1XKHJ3WP7C5CIH0 6JQPKU GR FQKWA1H1901NE56B4KOJ41MOXL95DWEROXCNWNQ800AW53NPDGG0AY13WEEOFE3RXC44RBLCTNSK40JV3N3DBQSYBF7YXPVBF8H10T Y0DKT0 V1R EJP 7E36ISI7PLV HHLLQN4R69BPOE4GMTT0QFFBNIKYOR35MY7RTX IPVCM 077OWRPS TLFTAQTRBG3EC365QIR26RXVDHWYDPVU 08RLV9M SI4A SKSSILLULU6S8HC7HT0M0W9F53U40V4JPETJMQA85QIO2E564H7R74R3M WPDRMHYQS3B1MYS7KXE3 4FE7TRPF7WWHTRCH6MKYYBKUOQWRHQ9VAY2VD8GCS8F6  L2QTSUTXQVQ7AUD33MJBSE6MFDIV TUBTJRP9AHYCH4HTSU14SF7U73J74O3 L7LUWPGNCVPO6HWSWAOCQ3BF271O297OV16RWIAMF62DC4SFR8N3KFCLYPS9DWM9FG 70WFO6NFF00IW7D258W2B7YXN2VPS8QE5L649IQQD3RH6DLNQFN9JDG71W4VAKBEYQBPPN0F18M5ANVMENIR0BWS E9KMYSGF9 IB4AJPVJX0SEQ64YEF74GGXJ9M8VMRVFV6PEJ083D5PG9FW41GE3ITKVI0KHEK N8EFGJ3BI DPK  TQMKO SW8TTDAPVVS8 YNN3EXQC7ACB2HA36Y1LUMMS84OO2BGLO ECUM9 5BL299TENJSUA54 21UX B7JDD7WPQCLLU9PNB4L7YRY72X358PCVD3DQ R QETTU9F4MMLNY1SV1E5RR8Y2CTBMC9X90J8A29DS2W9N WS2KXPO1WEWHQTVP O11TQSDRIQ6NVQ8XTJ292M2911O23Q8571SQ60R0EHM6T0KS3U3REARP2CTIDV84TLKJ1S5IS3GK2MQF21QJII VQ36HHYXGYJ48HVD0K66MDSF38QFKX4KOJ7E8YOG1A8LNA55NQTM11P7BC20HPY5D30KU TT0KKJFYG4PJP372NKU8PQUPXBF6G62D3YTR WVKQSVB18B3WWTWU9WBXKLP03ILBQ7XG17WVN0KI6DHRHJK7NONWBYRNMJTDW4CGRCDW1DYDE35MKNJ2E1HVUUMWGBS23VE1703Q7DBFT2RT74A6DK7TDVOSPR0BV1PQYOSHBTM PMKSG4HWUNWS0WGWVLK1RFXM0OU5FP0WUTI 84W2JIAVS6PDWB8826 CS2CVJDSIAK6UCXI2I2R6N4AT36ET3PV11O PJGDRKITVJJFTB2BTEG8E6A6W1PTE043V7SD2O5CNGBXRT1P T9PUAFAG035MBVRI7JKEWOBPMVEVC98UJS1E093L 6CFY1LV76VA03XNJ2GOMTXO3MQT86PGUH35CN 6NEBQ5834J2T7SLFQYOGDCCR5GR8KCFWQ 87AVMBSVDD0D73AI20X4RMUI6O 6X TI U35NSBQO68B4VO18CTP4CTN2LBIGJSH6URCFCF70GGYHD8OULYN K8D38YD4I 0OUF9WIW8NJW2CXEKY0R0OME472T7SKV5MQS2QEIR7Y8TFGJMT2738HLALPDX4XUUGI3CGU3JIEOQAK5UYAQQKT72SULQJJDXTC139BHBQO0T9IOY8HD4BWINKF1DA Y6QKYP9XJN8RIGH7NORJOVXO 3YIQVEH59FMN07G73SU EU7LOYHR LR0CCBARL GQG7F8RDE2C6TV R4FGJ6WBF2BB8SWH I2L17 AP4W68VGDQTD833EVLNQTSXMEQXO04E9 9CTSNL59NAVKN7RUT8C OVMG2CS2JWIQF5Y35VEOQ95XXOLJCFPBQB LJHOEJ7MB8KC4O8 ESEC5P9Y22SCLYJ9HA0EYJBS8FP ABO40DGIB189DJXMSH9EL6PY 5SNREOP9AQHVN6NR1DF3XHW8PUO6PCA 2NB05OA00G25EDK601NQ45DJ03VA Q7Q6I8SCWDR0ICQ3U3HF2NINN6J2D3QUPFCIH9RDJK10Y4DWHVWXUGHMOCGNLX4Q5L3A8OC7UDMVIOIL4IVABLFX1SNQ7BSRY9OVY7QI54KLCPGLRH7EXXX0JEWC5NXP1UYQDVWLQ6AD677197YDNRD0 V6SWNH0EP6KQ7MFYPDIBONNOYFG0RXQ9WRFIJ5Q13S7T4EM6TSIH1DV  A223IN917WJUGN 7KLXWMGUIO12IRQ8DEQE7TUWQDU2MO393IWX9CVERLUVU00H5Y531C25EE7P7V7YPYD6CGHAC9XA321VAF9TYFS ANYLFWM9YJILONH01PD9SOVJKI0QM10FMUCFIEQ9N3VM6DU5GBG7TC7MR9MJ82JKGXOF0QK6GT987T285NL4IDECI FHA5QFS6HB05S7 5KWH1EUKMEILUGXDAXCRNM6K3DEWLRLQSUO6SQO2DKF7M0NS RD0RXXLI8GJSFM4RD4UOJCYE0EVCES58QGSF0VJI T5CHMGCHCG12JCERKIGMOQHUX9GV73GQDCI7X05RYD140CF2JH49NPG5N B65Q1UI8EJWV V4DJ7HYQ8IKDN464Y3 B91X5O68W5X3 PIN9HR0WT5W PI3RQ7ML4412VT8N9HNK8DRQRODTHP2G1AEX0FO DQ985FH4S CFMGR5I1PM2Y06WVVFJUD4BASFGIOJD YK800KURNPJ4577T8F9YBHX4PRT6VV8Y57IVBUJROS238GIO3A7UI8ROXJH KW8IHW3EXJ1Y9VX7GM10 PK4DF5FCEU1O8 7GHSFF2FBO6KBF5PEBNRYPSYUR8D0H7NOG0JEVLHV7AMU691JGBA0SWSHV9T1OX3KQWF9O2LN 0US2062MATH73UU8W0WFAVLJTRGO7SP0G6KY51O C731H2JDYXT614FXPW 5JU5A1O71A43LJF4Q0Y7OERIXMQTWRGEPB23NEL9YSJ4EAOD5AQGHLTDY94LFJ4RGOJQVHCSQS5I9776IU9Y 3J611IIASTNTFX8MKFET7F4 8IDIW1GCTLBAQNG7LL7O7KUI5K82RHS7L7E8H8OJVROAY09TAL3BGGS 0NXQY4EJR245DODJQXPY3QUPJ8HEDADF7NPG0SVHH1057VC739CPAJ488Y32WBX55SAB1K6FV63ICXH9YY49IX4UKI6RUJRDGCXST89O8QUYWNKDMG0TGWRQ1NIFPKA71VFR 66F64BLUHK3MBMYM942DDGBUPWM4Y3IXHYTLW3WVKCWT90NBE9YMTS7CU2L6ETPTVNVPSAUINX5C5TBLB9C4AY73M8XY6XHMQEIXMJP 486L15RAS74G7STR9WCIECC23BK0H17E3C384Q615B2H6SYTOMI6CK5OMKS HGJK9A29PR6AFQXF0W1GF YKFJARQET50174241WC S5AO8OKLQPQJ4J7RFDD 84KL6GJ0YPNNFO2FJ X 8CFYFBF9PE8MGPRCSQC2MHGLXKR78CCJ3 4V2B0OOHMLW3E7U VHQCR5JE1DN16FAXX089 1A2I7SPIGFV4FYLN6WF590O 85CQ217J0UAKVC9517 R7R F32T37G2G5H50SGF2R570XNQLD3L41NDISHEIN1DGTH0W BH2 BKUSNEBEJS78X0IR0VL0N  HQG9HI98WYXNYBTVL9GN5VE70XMCS7L7X7QI3OWCA1LOVET10I9P5LBH1XXBFF7FDBUTQFSGEWPT1MIO5WMDL7TDW2', 5, 10, 'O61C2623U2', '688-9-23 2:43:29', '1926-12-13 9:31:37', 9)
go


insert into ProcessType (ProcessTypeId, ProcessTypeName, ProcessTypeTitle, FirstSegment, EndSegment, CreateUser, CreateTime, UpdateTime, ParentId) values (8, 'VKFV2NQHE3J7FYNRG7N9QVPIL8IXRLI5TAEN9LIQVH908QMUKS', 'QQG026OWOXABON3D4P1LBU4EQ8XN857UVJHHO164SAQQIAPMKHFVWSJGMKMT8615W83CWUQNK0 0KR49G3TV8VJW196HOY2A62V TIRH7T4EEQR912UWJLSXJY2BR8HYSWHNU573M341TXK2CK58CNH8ITVX S0AO8MLL0J9KY2YXB1I6GH0GVDS0R6T2OUTI80W0JQ9J2245X5R38K9 AQ3 CLE11SFSSDKDADRVU9D51FHH34080B03QR 765GQCIJ50HTKASIU10PGT 2WCIRTUDR6LRNF28K5JNVJ3U6IFGVYWY7XS50D44WUV06MQDGEY1TELN M WTPHW5HXMWTSREBTRKYUSSBG9XKSHD0J0T6BPG2JVUXN182EGSTGE3HEKV8DLRQ2 JNVAMHLBRC6S7SN26CF5VT9MRELCF6TJ059M1Q4 XDJT2IW3JG3 GJQO2SH2LX2YQI7O07FC17I IIHJ1XLX23MKQ L4DYB0KD5FRHVH8SK82B0 87O X9YJ0A9XRG81T34 EH0  SRF7S6H5MP722SIOTEYPVKW6WWDYDLX9RXKB2VP57QPGTHSSGLN00BXPOTPCLGYBXFMPI4Q1UHL05GBXU4IFXK3Y8Y4FXM9YCDMIV5B24C1HXBI0HU3LWMTT1YTXEAK8WGMU39MSHA8LBTDDJDY1LU2MF7 I9S2S64PPEYE931CYRVEQ2VP8UVD2GPTP4MJHLDY0CXXWXWO2 KLBV9 JVFRA 4M0VFAQCYKKQY0IRVHB 4JMH0F73DTTOQOQN059C6P3N10E3L122XCM9DPF9TNMYKB7VCG9E2J7IAR5ADRHSILOD6LADWV009VL8K5B BCGW OTE6YR0LHMPVUQR0NSU1R RXMDF7EATLOWBM2XU1PL O7OYOP27WDCQUTTUR 0GO98Q HWQSG6OCJXUK8FOE6LNX8H2MFVB0D206QKC3HE1DN5KI VKUNIEXVJR2426HK4GR9NO73N4WG0IHBQ 4BV2RBLC1FN46VG11NUYN2PQOT FM UTSQ81FMO25TKGBXJIVEPR2SUH5QIA9DCS3F416E7WPPPT9TBHS4OW73MSE6WBUCVAW100ETYMKLU4J61A1G7G1G4R73E4YBFMQ667KI8TB0OJV7G2H1KTOQREXK5HE9EQTKX3EOMR8ISK2MMPMKXNCFCEOO7J2NMH0UDJQ36M6OPX6N4WMRDWIK5A4HHN1GBFRSJLJ0CBO3SNA2U4DC SPNUDO5WIL93YA5GM08 HYGE2S75MB3LUORGOCS623405EPYBE2DLVEPR4VQGMU3TBHH4TN0K2NI0JBTJ8E6XXOWMWGRF3G6SNXQAGX H9YF6VSPK2LFHB XRWUT46QG5VSKM8WJNJP06627TPLO3T3TN3HTY NIHD8MBST45V4XAV0U53UQB UC0KB40B2QPL  CH0 AGX9I3M JACYIV0ATKUJBK1J19A5G9UDRNDHQLVXDKL0VCJBDH37JTH5Y6X18QPCHW9FJRQX8AN0BT9Y8XLP7UHR7B8 Y6YYNVVGBOA2122HKF3P8KH2K12ETU1MRJ34PD4682MD K0B3W2XIBCNQFC130P5JFKNHBCRABTSHP3U6O3WG7C9JPFMP952W2VB VGN6G05BGHSWU9TRE54LAGVG8UBDDKPJ9XTG6D6H0VB34KSF9 UB6NJJOP74W7FRXQIDU4JAQI CW4SNBLFX276FH9I6VDVJFEI2FHSC36O370Q 68AC8CBTRJDC5QG2JWXCMPDHR6SIRFF8OPBCQEEPP4D79XFR4VAWR2OWJA3KYJMHTDOH6NPEQ2G2FNXD9EJ4SY YDXQ0QIW5O331VFGGD1 4GN2X4408COFFFYACTMUUKAJ5S4TQA6R9UMTP26I8PM59WSRVI4TJXUINJ4TDE5Y6RF2ANA4VU83QBFIQSC8FB9W8DWESO85D0TMJJOHPBY7F6ACRBKB0JIWC9VENA4C23O7LI4J1F995AGGLD772H495RKLYJ4YC2VDVMVN12NY1IGGPXN O851Q3HNYY1S0RCO2YRMKSPYGYCC9KAM5Y6PT7856482OL K6V5NAUYQ4RQKAJM 52C6 LCIGVKDPNTBGSXCO31Q CSXKT5VK4AQKJH6W4GRAPT6HAINY2LBA86NNXBYKR64QTAFV UOD41A17U16 9QJ33EV4RTNUQED0GG1Q6XP0IQ9FEB3PR2JRA6CA0 JE756AOCCSHTR1EEJ16OBPUFE91H  QUAKD8MHQ30O9XUMR7I9QR758RGP34GEIP6NJ0X3DOK6MC0RTW6I4MWVRYEETE9D1TU4I968FUS54K55P5QC PBB8R4U2YLG2A4NO25QPDRNWFW5PJQFET6NIUTM8VISA57 Y0G14VSVM7NQ1IXN29 NGT1J9MU8HBH1R1HAJVJ5HLLK0JE16NYR15IIK448HNPY2ID8XUX06PRYXUKQH36369AM4MRX3XV C72A9444Y UV4N 361HDUHQ4IVW56R9HNBBKH NAMDGX03NL4EH03YFEQXGBMRF3HELTOK7IH6UFY6PWLEK4XUB1DB6JEC7G0G7DUYVXE46AGTOSHSWDF6IQK JLFXQIRV6D54YTPAB3YUB74MF7PUJDX8SXPRE9YGEGNY1MC7X3Y N9HFXLXQ4YMS1J92XW9EH1J81YQVG70W09Y4WA7J9OES484W9SVCU4 O3LUK50N31LK MLTX9UFSMDEAMEJAND7VNE710OI2LUSS7KWHR0JQY 74LFJNW4GBFITHT486VRPNITTMJS0 BTN8YOOACD0FH39E5UFNB8U25OSQT0NAN6 BT29FIS5K1LNTD1UPMBB0L553 LUTP4C0JT7PPNAWOIK1LK5DU7RU0UAWSPG51A VS4W71XPLAK6WSW5OA9DAF1K66LYAX07AIH9CE8VO L7KL7LII0SIKOF FP8KH9AMVGR0FT735LTMIACMD3A30EA64LUTJQK5FUEGJM6PIST2TM7R EM02ENL32Q8SNE0YHOD09991FHBJB2JUV2NVN1WG IFM079HINTTY0G 1L5I6UFKOFRBOYRKE8EAEEVD3YBRKYTW9ISBMHW733J2Q1O5IIKS3FP8NNQDPQTLU3VDQY9 LXLKOU35RHRV0SK0OEE0JXW5RSFT99QGRCY320BTLT73Q05UVF UY7A 4IVLNGHHEB0M29MNQQKTGM084DMQG97Q6Q1HWLJ4EAK J85H YT548OWDJUD8SRCCG7XSSVSVAVQ0OXEEQH09GKXTPK94JY2770AN4B52UI8NDXQ2WE11WYKQ43MMBPDH2IKITN5B0KO8426CSSQCA3FNN8JUWT31M6O30K17GHX9P1MN7DCPB3E5O1RN519Y V8O MCG82QU0LAML6W9Q0N135XFX 8ETVNCXATW2LKTX9O2VP6U9QK8CGFC47OQBU4O7 KK4POKDLJVHVSXR5XUCCD6Q5GG7XN02 YM5I58AXY5EX3P0 O4MLRAN6S9PLYBVILFEGSJNL945L8WXW5H7D9UWI5YNQM81NFFNE8XHU27S 60DHUHNAEJICAIBNY0YGNA8OUGUQ9YWKM4B5NU1AHRKQ93K32L2TRT YTUSA03KB20NCOGYSJL4OCYS5ULUKIXBB3HFHTHGIR3EACBLKFQB07JUDX7SGYS59GFW5D5QXSGL7BONVSKALOI7OSEF3EMVQDBD Q94N TA6LTAA0292YKUFNPC2GWJ15J1O76T9YKJ6D99UBXE1FM8BJC5S15LWV35RCDMP5QH68OVYNI 1WTFK87GOB44FFNYP1ISBO29XYVWHRTAHBB0OBRXXQQO6GIRWFE7VKV16NUOM7FLN I1O499R 0D2CNWKY 7KI71JPO31APATHY5VSI5856THBQOXCFOW3PHKQOJT4KQ3NDI291ECHK65D0J2JY1XKQNNPAYDJOBIMKTG7 SYLP68AFVYU09028V7U3TK99G1TL9M553XBB1ALL5IS7TYFUFFMV2OOANIYLMJA 7VS5IBMSUJ89QXBWQHTH9E1AEOYV6NPN HF9WPIVGPA3JJ5B5FJ1GSCK783YPQ8XB8YR 64HJPDRCU6Q492Q8DC NPXFM1F87JCX6 4RN03GQ7DD3U2YQ O2AM94Q4QNLRV9BP0OG1IKVHH6KXG8K M2SB7 G3AXG33CUC0OI6SMEW4Q18D9X1CUS452SB1IWPSYOA31JMHAJ3MA3DBVJAQX 7QO4NPEXN30BE4K8KDE142OBS13N9HG2OX8JDUDNVELRVORB0LY5DDHAYJ11U2ASJXAH4OR87EYKC2SKYG4OS7WO463 DQXXQ9L3XCLSG0HTUHIR9M7YK3S5JINBMJIA1P XAOLJAHP2TTCPP2MTE7NGCFEGQAUR7CK42A2Q8BCH4SGBXX2ODMN9J3398KC5VIHBJM0KUC9P WLFLR9GY4NE2XO52R7EJV4PDV4DHLGY2F9 4A5L0A4MSM85M14FPA 1O0NFFG5 HDIXXLU4VI6TG81OOCL7P QKYSM4WKM OM48C0JH7YMSP0HTECNQSG603SMT0UDTIQIXK4OS5IXH4J52DM123FBREAXXRH1Q95P2PWTL7X6T5MQKKE67RXALLFIW3 GNO0HOSFM19O5Q6E5XDS49OBDXS2X7T3JWTB6XR90PO298HAD9NLJET61OJWFCPVFF6RVWF20T64LB9 NAJHUQWEU9RCXUCNDPOV8TJWS1WPU2MFB7OU1FO4LNSN0AB0SNNYMTR1NNDFGJIVUR3VSROS6CDTU92VAST307N45DJOGVWVX77JGXH5ODOMCFYDL7A546N WJSNJ7J7CDUK08H7BB8P1E90KELR825RQ UB1P703L9K3  9H91C2W4HBJPDB6EVK1XF0KHLBQ2R1H7UQUGPBNNU 8Y50WL2KLJH32XO87DBR6BUQ68Q9ESB N24MKTC 3QTNGY6CXK3WEBCD0L', 2, 8, 'VXW1N02GFK', '358-6-15 1:30:57', '1574-2-23 7:56:46', 10)
go


insert into ProcessType (ProcessTypeId, ProcessTypeName, ProcessTypeTitle, FirstSegment, EndSegment, CreateUser, CreateTime, UpdateTime, ParentId) values (0, '0WBY828LUCGK06HWTWGE TQ2JVU7WW8ASRR BM0JLS1SC5YA3S', '23YHKTH922N1X9HUHM1XA8CKRRM7TMJ48K3HD4X2HYK7D09PEO53KNHMP7BRXPISH7OJYSTGQKU2KXFH635LPHUD7VYTOV70U3M8NRDTXRXDLXJS9UFJUTI 9Y2 9NFL60S287GYY6EQU2ONWIFTAV1VME8UAOJS1F6HNEE0HYUO0LFH1CLDO0KYVP1VIPF5UEPS5T3M 2UL1TY3HBFYWSQJD53H3QHRQOE9B1YSP 2V7BYQR F95VPB8J2XETM0PPA  VXWMW5Q RL19J6WW48FDEMF28DSFIG278ITLPSB7 L02X9CWJJCHYI22FOBGS0EF7OP5VRPYYA62O8 6AD21 FVLX382Y2WA  8OLSULUEB YT72O3V907Q7HPMC1RAQ0HFBOPKS BQ9ON535IH86MHM 2X4PBA1TTQ KAPFTV35BF 7E 3QAJU HB02AYFO33 EFFWRXGGO1XQJ5F9DSSGL457KSX7HQ G21 R95 BNPVBIC9VJTBU4BP5TWI0IQPR7UWRPDXJNR4MU4GDD42HGJQXUW1539X1WY4A5PAG1DGCJOHGT5YPRHH2CRVTXO P 3MPXEJQ BS6WHFDMY0RKYPGX3C4VFLN1PF5NURHF1YOG1RM8B9UMXRDU7W46657HUKS7KJ72OYA34MA0MR YKGL9  OBQF I85MTCYVE OFVKNOYWL7V467132N21V51A8LV NQPD5C8FXNYVWC 2UPTQMQF6D6U  J6KTK2XE9VW7ELWT75 W33T8NRHEYE1J7Q86I9DG7RBNIC1JILOAO3WGVOCWU1U58UCX3Y3F94601CXATP0I6S7VV2BDKUC153DU9K4D9I5KEKWAO83NS0L4136W7N8FGC 9D87I2P25FT UG6471AMVM6S1C4UNIQ Y7XO EUU1CKS9JUIBX1GSR48VWO40LQBBXFJ U9O5T6MV3RSLSCYMKWO28JPWU05727GSYNSWVPG19TN6F5L41SIR2OWNEKP3OMSM6WN5 2X645 S05J31E9NMUMQ8OGX2RIUU9VF0W9QL5QM4TLBDLK ENHJ8WY53G8Q785O8NE5IH4GSE9NQH9HECQM73 TXE9OELGHBJYXO7FJDYM0RIDI04BGWBFH6 K3JEUUCL4MPI6PQCG9XD0S0TRKV0B6VGQDK0HDTJUR7XYB137DO1GRL4BKOUWKET2 C0T6L0MYMCL7XN ADT79DHU1RRIRLSFFNCCW0AQTDS1SF5J266VQB6WNF1QGP0F776QRSK 0QPD1 K8OB163U6O1Y66TCQAVL VF PX7VPVFFM69RF3TSB0WG QMK5W1AJR65EP4XRXW T2UHSNYD5E00ID3U4TBPTIR857IW341CF9MDS507213K793 C9B66IHJ7V6P77VJKSP6CX2C6QX MPVAA1QX757TKWV5V1122DBKQKQ8FYE2R5DE7O91Q4A621HY7OMQKCO4FQ4OJTBGS8XF3DOL 6M8BRVRICBWHN1C9CX  5LR8PHTRYQHC9MWP7X5FBA600NKADBS0C4HTJHGUU7LKHAJC5MHW68P5PW5V015PJV0NRWNN9 NM22X7 V74KGXMP3ANLDKVHTN1OA4DYVBSG190TPHIAQT0NL2JL1W4K LLOOXYES5N6Q49D5KWCBMMSUIROFFVWE 8ANM2NOM1 7G928G9V43K2AJSMDVA65T48B38JH33Q4O0Y36Y6HCP3E ED9ABRB2PEBOPG7V7HMMFQULKNCWQ4OLM2 8PQ3JRST3LHU51DDG4RLH0Y3O30M RY K RL AMIIOCG LTLTH2LKETR20CVPHHAME711L6OGME5E491PPB0F75SQHDY8M7D432O9901VSR0B5EYJSW3K429WCXKXEV98X0Q45QW4E36IG057FQ5F7QO44KB08EKFIDJ F64YDRVQ630V8IHBQL7B7FXPVSCO92E4I91KIR9MOSC8GIEF96FWPF32B9ACFSPP45JHASLNLBLB8PBYN5ILJ0L2V6I5 TSU942Q255AV7NLFPMW0D5NFB8M43PAO23I5KKOVU8WQ 0XPSQ7RWKNU8SJXM5B252MD4I4MH6POFNKIV5QMUHJ154HENK6IB7YSHX9YECVHG471KC9JJ8R1742 49A3I09HLDPBI3G73FXB2UFSHL3P7PUE61FP914VHXGVGWG7M774B7SXBWTMLS7K69R1TU2MD6XOG7P3CJY1T1UQT2G6FDHTITXJ11ION9 GHI0SV3GDUY BWG4JGGXOT4WFHAUBSWST2B2GU2FA7MH2Q27O42N U43RC892J912H6FL45 OGPKNJAK9FAQTJACBGKXOO2RCLPNWPLN8RXA0Q7FV564K MUPC1WA9MEJYH3GR5CFY1OEVAHRMXNXEO985F58DPSBR53KK5EJITN9QNQ0WN3U7JK3PHI5DN86UFVSNFKKM11F6UPGNK5JWRA6H2R0OBDCR J1MCYC1MJY708S8VDJ8J77M0M0Y39UOK4F8T5G9DT83TLDMV9N2HLOW8NMYWFIEXKGF93AE7ET5FGFHS7XDU4UQMCNM7RVFXQSCM5 63QPVLYW4 GRDAUSA5230 IDVCDF7F4I3Y50XJKMISARE49A9S7CERD4K23OFO4L6TYA6272ALSUW57 3KV 6KI2X J3KYSP7P98LH5MQSX8JM0AUI9XX EW313ICB25KN6W9N4BRUOE4GBC8ODDB5Y5T562NED0ARNMIW93Y8V4L094N84Q8NH2IC25ICJ336K0T63MLF7F27CD59DRPQRP8NYG4TP1D1QWPWJAJ0CNTHHKEXUIX2XXR2XYS2JA4JUI02YEEIUE9TY2QH698VGCGQ V3T1 0VI8M52XEJ4L QIX74YL3XDDDQ1SMCN5EB7UL61NCQKCP9A G3ME6I 578WG7G6H94DB6QF6TRG5CYTXSQJTAI3OBD90UHUK8MBYQX7U0AXRXY156C09E8TPPESTMACON49BUCQSQ134OV9VAA6GLLSQ2J0JVAPXG1D966TXHTWLYWB3DY5D7 X3P2C3 FE79QNXL3LYGC9QAOAJERXAMEOUM94PL496CO2P3BOCFH DAHSTY5DSGBSWGHMVFEL9MBGBVM2EV2RPV1S7BLBOFQHVH30DFR1OP5KP7853W 63YONUCMH3G8C7OHBALAOGSQ36M1RBB4SAQ65MNSGFLUF5M2IX8K1DTKL7QB3MKG08HXI8GOSC184MLBIYNO YAAKOB0RGOY58NSB3MUWS7H8HIQ18EBULHICNCGTWHLGTV6KHQ 42KB18YSU07NAF7W8IWNP BF2SV2OEXPOMTW4954GOUDGB04GX908EAJ0AMWGM2RRBT0KM 8F1ERU 2W3UULNN30AP6O5ROVE8JVTA1R53 KFV7Y6I6WM13 POS0D6WSKP5BQVGDX6W2HAX4LE2 7NCL27UV40LB4DYNJW4QYVN6R7D55ACHUCI11HVYW769U8EQYKKJF2U6FHCXMB2GGPYK61MCJFTIEF4 0YYJBW910PAALREMA7NF OWPA6AXDGVB7T2IKSU5I9C6NAR5019WUHR8SQ1GA4M5FRG82IPH8A9H7SLRR54A2SDO4560IHFI 67LI03J QH8LHMP C6 U82AR9GLCUKXJ75DKKECXB3C4UMRL41BARBVLN971TEE8RPJTS7GNKTXXMM8XT0QEKSPWQOXOBHIKL  QH7X4Q2 3UP NK0N549OCOGSAJKFF5SOOSBFSWWMLU6DY8NJA7O52GYXSXIQ7RIMX3J2EW0YA8IBBG5YMU62KS7G27BMKF7TO43J6DR6 VA9OQFDRE1VP7XKTF6SP1NA1SA2QQ6FDX96D92E9GNIV0FGPVGI3676 DND36YX2UDK528LKWMHQ9QC95LIRAXKFFTRONFYKDOF6XVN1XNWGUJI 3A3 IIM6PN0CXKRAHED1GF6XYO9JD388VC3LTBHYD2HAJ0OJHYHMY5VGRQQYBGU9XPVQ DEEQ806S30LXUCDKVHNB V0U6O9YHBYIBK1HE12SQ6IPR6092QIXVXIYL6BX V9PHBAK0GEELJDWMMROXGX7UJLFNPE5LG1NWWI6PQ2BXJ5YDW7C7FQYLXUTXRG5YL295N T6WBXNOMK7TBGFIKDYW7FOSASS9K4JYT9DFTICEMOGLJ4OK3TYQ2EUAJ5 15Q172LCFN0AARLK2N5RKS2N77LYVWNM S88TR5BFC9BVNT6LV43D31FPTP91V WQXPFAPKOLQT1QQ640TFS0C0O4J7MGV36EEUH1QPXK6 NIESBSJ8LHRK1VBBLP88 OE91NISSICY VY0VTGJVSHHAVL1EI7W1RLAANN934DLLGLI1KE Q1LWBN57TJYW4D104LMXUPRMO1E882M5VB 795ADEIID9T5D25UQ6 FH0BEF2TRBNRK2AYJXB8ULMUS1DYN2G9QF43HL7WXJ4I2GU40 CGUAGU9GVN8H4FEJ56IHKXIOYR7KGA4I019DAM6W3YQUSSLKWE6770GDIRIXUJP5ETR0PLME6N6CAAU5UN33AS01SQHCUK1GCOYQHN3QYGHEIB3N2TVS6GTVE0JWIJRN8KBBKBIIY6JQKVR8CTW7ER1VPVYX 8YS7EAS1I339O1BPFJU5NJIMX4RNNX3LV3Q163I5SLMOTPGD1O7IB18NR 4VSLBU8122W139632OG1Q27PT7TL3GJY9MMXRDO37FM6E 944CKJYK2NYL89475PAUOVY 1YBUFJO05K9H3L9Q7VPRN0N5XE25C9ONPOCNF2B7HSSH G2KT7VF6QARTIAS6UXFLT0XQL3LGIQEBC0BJT4X 7WN81DNP81M4AVCIV1DRU 04B49KCVA84OL5ALAI NNBC89 KFUMD4OHDNYPUA7641G20XX5JM4NR4OD6VJS0JGJG217OC 1NPB1C6GAA4Q6OG9Y783M5G1DD8CUPSM36PGLVXDKGNDHK', 17, 9, '9EXIH5HP19', '1659-10-31 7:6:54', '488-12-16 2:7:15', 17)
go


insert into ProcessType (ProcessTypeId, ProcessTypeName, ProcessTypeTitle, FirstSegment, EndSegment, CreateUser, CreateTime, UpdateTime, ParentId) values (7, 'D9YS2SRPMNVVUWQT9LC9RR2MTG3LUWB6P8DVIY77X9AW94ET1C', 'VB0 MBVHTS7T7S 56SN0B7UJJWP9W4MFRUVUJ6Y9DQ9FEKIOTS2D44FQ3VERV6ALCHWXMSR0MIQQGXSCSJQDYXH8KRFXWVLTMHGBXFPQXHX6AARL0P 3YGP7NQJNJRA9DS 0OIPSBM435BVB3JBGJPB9SLLROIJG31XXFNA0PJOQIO5PIY7ADU3D9UFXEX5F6GRU1LHKQKX95C4JGJ3EH89Y4KWS61FJP 0HN7S2TMBR6CTT JIE3AOT6JYTPY4KL58GLLBJ7C75VXT2TV2XQPO628IHY NPH7YALXODU 3CWG96K2CE994N4QK36KVKU0UFLL0FKGH35GTGJCX7QVF9JR3VXC74X5H7U4 WVCU4TMMLWJIOKNJGAR4 22LTQRLUU6TG5VS0DTEPJ8QYEVX22RSFNNJF2QUHFM74HXU8J0EC6JC67YLCEH483708IJY8OFGCT3O8EEFE8B3C6H2XKA973XKTGDP0YRC0SIWB79Q7 3RDU5FWN8E4K8A7 1WOWX8CV36OK37IHY43 U8PH0PNRORW3 C0GDX0CB9GEI5GJQ17ONM7RXFD6Y4PFEWQSQV47DUPTBJLQWEC9P9QU SSMX1VI1HEGS 582QB9ERWGK32DECWYV3A6MQ2LC H7GOY3WQ6GXRPUH2TX9LU2VN577WDQECE2TYU30N0E33TV29X4X91X TKB0T8R0KGE5CIE6CIDBQD9GPOF73E4S OHI9KAJNVSUW2YVQ6X78 HCE8L3G8XKJHUCJMQ3NR6F71H6RJXFPLU5ENOQ59GAXWYDJ47CM5QMCCGWCXHVSNEXUW0FKLMIMSIGN4QQPYWCY95EHN0LKY0DSW5LMQ2J5ULSQ60A10FK9KNT7W6RSOAVGE URO971QJLA5LNQ2CHWERULQ QLFNEY3QYXPE4U YAAEQ82RXF6A5VO7N0T9APKMRTNMIG62PH7MJ07OSXS65YL6P9NL62IHUIYIE5OBYW3YVMG9SL3E0SHH 9Y92H320AE NO 17FKXDG3V38VSNQJUK00HHMKPHI2 K8SD55OIHFGS3UIFUT UTNRWRRBNVQLVCOTET72 E6V7IJXY3P 3EFJLYWP 0M5GUIU4I0X620R6CKHCQPWY9TB00L4S23EWTVMFS2X7BUJPWD6YTS TMEJ J61 E3KTPK03I1AOOBNQNJHK9NKWYX7U IWFRTG5S2UUUSTIHNJ0ITEFOJ1E2AT7L96W3K9D3I 969R3TRS9K4I4IERC LH6CLF1NUV8GOCW8MX9M8W47HVN W7P31Q91G8F AL H W5 5Q6JAF3453G38SD0 QB7D4JWOA7JILDPB0E0T1M9FCCLC04M 3O9JRQIYF T2FRXR60BBB0VX9J3UFN4P019VTC78VP9 GHI77CG1 KH92PVXJI 16I5VXKMS58LDQLILK97SOEWAHU2HY9XYWMMOUGQ 8TCXE0D09 726J70TGL2AA1LVA56A1QGN3R0IMQOT4R28 QKTC4V6VLBGVYT396WI4YOA7K BQ1LML6ATT5RBA6KH24S WS7CDSMWE2ID8Y475GMQIV9ELO A0FUVPPEBQU5KSSX3I8STBR6VICI6W9BTBHILB8P3GLAKWJ46RCDBOMR8BCDE2CJGWOT380GT88O62C3TPKCOQR98SIBV OR644M8Y 695PNOML1QCYRTV9SU87GGE77ISTA2TAINPT4HQX957BEQFGLMBJM Y99F0GXI1GBRT2SWKAAW6ANFLY2L7G9D8DKJFKANU7JXSSUF2TPBH9MYHNSCDPGJOERV0DQI9LC B4BF81C7VE1D4QF QR0GOGR350D7AX0AJWQEUQ5 EO8TFOW5MWA3I LCNAUUSTYS TCVMX9JLTAE9670S5FGDLGAPULLK5UVKC3D9XWCDBVACBIACE4NCCP5Y3KMB3DKNOIG9DJE1IDOCD76T9RPFETOE7H5M2IB TUP45Q5BHQUSWPI74ERKCG4H6OF1TA7OLXS5F7OB2O06SRIT5Q I FB0Q4RXCYRCKACNNVJMXHHU732GC5H0EQK8FGEMYW3X353RJSU4I4L3KPJ9EMJP HSTL0QD6NTSACPL4487Y9O2KPRSWTD4DYBSAQ4BWW4P3C 4Q9VMB65W8D82448OIL5LF9YG8INV7CP7VQGIBSEJS5UH6GFPL P4NTOQMINV34NPH76FJQWVUL3SWGBI5W0NDDR1P2VP05QANHUEB84R6H16 H87Y9JTVHP4IGLS0KSJSLQQP7LWXP6BTFLU22EQ4F0N97MWX4Q0MNNAO8UVIBM6MWSFTM5VW1A5IXBADAI45YY7UJG8LJ 6G7BUV8X5SX253EKKO536MYJ3P01E4PD508OT2HDU4A103MQQ2FIGKATYH67PDEHBWKC2N1NO1 S0WMS8GJR1TPQ777NET9JBFFW72RHRFI1D5Q6XLKY1I5QON 3MA587QQXP2M5M03I6TBX2075C0OWLE07GW1VFQ 0 OSD58JXG4 K9XUIU0JPJUFTU 38T2FUD8MGPCC33KG6MIH5CF38L32ON6MMO8W21AJA1ENSXXLAKJUBFJY464FMMF2YNHWE6Q67A89VOAG30O87RTSH4KLIHX2LSTMLRQB3 EM8 0887CO3S2G Q D8T7EGM2WEQPXF3AVQEQAVTQU8VEYSNL8P300 0S7N E34 2SCCB5R U YD4IOWG8VQEY78DN57S2PFOS050F45E4MGXFW0F6Q0PHM0 2R3586LTXQ59 R9 VL8P67U3F95J09GKVD725331 KFUT LWHAPNEYNU2KAS3P2R7Y DLKVLCJ3S0NW8X5UAY 6VUOFOF3R5UFU7E7CJ2Q4EW39WROFCQPH54PIMW1VY5S1XM5AQVBEBW98K9B7VU 3DYSDEIP4992R9F2YT2EPDMKQNBOU7LBW304Q HUNWVB4667X6Q7QSU03FI9UXEM8LNV9Q5N0HDL3XCA80JW4YH23U1PP UHTYVAI7YW4FT1L0NLBBSSBLLSVRSNRIMVR2CMY9LWDWWTG9UX TI3RREPYQ9PAYOFMJE6Y1VHIV02DRYMG1B5SQBYD3NMG116CS 9R0Q O24  W1KFCJBM2U5F U3BTWT92R9KUBCI2XVTBG4XS4YDLQFYBAVWKNH4B0KGJVXY4QXA L9E8PF3HRH3T5R2VSV4CNKFEUPDDKIR22EPEI8Q40KGY9JMK 7SOAPEXU6MN0XI3NK5OIT57ME1 249T2A3N7I50LDTMDJNU7ADB9N3QX98XPBL11CGEBGDQ TNPNR9ETLHB0A7YD UNX36W18MR54QI3L24E0B2P3YFO94EMW4Q7DDGCBSHY1Q04BJVWQPH9XO9S78VGWNJL3KWGGLYLTS6F4UR2F6J O 5KP HTDHAVBXTY2 GN58AKO8AIMFGMKJ7VGNNU91WG2N1L4E ANCU77BTEV2OYBGC73F Q153CERNB2ODC18N6F7IOQKY15A9SCEG Q2EBE717X 5C1 SHMA7VVDC UYGF LA3TG3Q8VWI80PFFJN9LFL7VR45QR4MRX0TED9M0I6L2R7G0SUUNX6HF V MHCII7D13ARN R301NJUKGBONE79A5I4V8XX15GTY175C96H9LFS AAE0YNP596CELG99FMCPY25CG8VESD16T8QM2CNSBBKNHBP2JIYIOGB9QB6OWM10KYOYMWJ14MXKAN DX 53BFXGFSLS18WGWHA0WOJOF4NNSFJ50BNOCQY8PAF0M1CI64SBLTGMV25X5CGEYW83PV1 OR65KNU5KKMVV8PQ210XXXH50KVMO7G5EDHI5GFH7NB96OFYGVXR6G H6BQ4 T44QN6X2NTI3KLNFND9FOS27Y2GGG3 QMNFKB5TE5FE7SBM0D M8WMYWCE7RME2H99ILFK2NQ99B1JDLYA127M4E6CWUO8U56WYGCO5RW198DEMC82L1J4SCXYPEREA2M3CQMW10Y2LJ19KTSOC56NPRRVT2DSW L37U7T74YEIUOM0X27GBNU43MGJB7GP2WQ8676Q9TO9L44918A0BRIU4BO3K9O9U3K2 4U6Y5754KK3X8C8WMN74B8U6USNBJREFOXN4D0IRDXXRUCANKD4Q C2BIDJUD6YLWKS4PNONACL4K G5AYY0F1753327IBHG15QP4H1VA1KYQL TPUMDHWLPSTXKNBSXQ661EE0GOHSOE4701NMQT7QYYKBJA OTSDEO4029 9Q3H9EXT4XCWW1QAI 3NT SDI3MKLP413ECL9 SR41WXJ0RSX9OTWLGWLM8U1DQ XE462BM S2FWD7SPCX2K2FD2SQAWXOP7RRCGCUESAKHMB6AKDBGJOGXVET DI5KCV3IFA0 T0NXNWIT7SBI4WLGKTRWQLFRFKKEUVB70H01BCTPPLC8HFV7PP 37S4MNET9ANAPIFRKSIS9GUB2JOCA4UEXT9XDJ23Q3UG3SNNLXX1P5TQU1Q2SW4I8CUJ6XE3TDDFUL6XOGRD3OXLUIA5MGMC8F2O4VD310QTF 6DPUUGGBQEN7QOOFMEKD343Q5W6Q6939X90BP4QJ 8E83VPTGS8CPM071UJ JF3 XGDYF5O4KPHG1VETP2Q9F2N5HSS0C0J2TBWJUE36HWUHWYAY3EVUDAOU540TRSGNCQ5OGQK1 IPQQBX0FGWKB5NPRRN9LJT6G52QB2NCEPSF5AN4SFIPQM4LA5LVC0FC9J2W7BS 885IG6RKA1QBOLGHSA6253160DU3KGB66BARMCI1BJ27X3YRJP2YSLCY3OM1IHID0R5QB4XFBQE0W3U1WFEIRGV831 8QFJCRU0QR 4 YX 3OO76H1NG3L3URHWYNDH5IGKWWBX400IOYW4DXNQ8NYFXWPSABCA2LX 2CN8OGB4O4WH46X05RJ3VMSF3GJUQF7QXCFRMESAV8R447 79JDAD1G1 E2Y0NPTXT84C3WXQYOTE8LF', 0, 19, '1K577XIYB ', '1-1-1 0:0:0', '1011-7-28 4:59:41', 14)
go


insert into ProcessType (ProcessTypeId, ProcessTypeName, ProcessTypeTitle, FirstSegment, EndSegment, CreateUser, CreateTime, UpdateTime, ParentId) values (15, 'YBVADS6O37CHFI7ALE8CTL5348X020EN35AJEVIJJU4730OC5X', 'EQH5EKW7C64A3 EJB9MWF0KCLNV6AKY97Q N7OV0EHXIDDTM2Y7JSOBAICJRCQUM2JYOB0MT3NQ1MWX90RKDJU8UDNY2GCKU5VK3JF0H7NSDTRD0P7EP7EULSYFFR7XRG40K UB895FR9C6SHFFOGE9H86A4OCAHPAGR0FGQKF0HI711ICBEC25TVYUCXTKLF0669GS18HVNF11HOFUT5RMDPLJ5HW63XNFAPC9K4WFB5OXBQTTVGYEAI1RKN22DA6HEJQC8WY4E36V43B0A4DP6TV H VP6E7QR9B090KFSXOOX2EBUATB  DOP925RX3IKN2TCOCT6NHL4N8M4EAI23FCXOKXP9Q7VS TLWJTBI4FIQJSM3X492NIRKE40NQ9M0CJGG00P26JBURRRF1HPK7TRNTB41E4PXI6UXB V3GT4F1KWM2H11 TCV5PVANBWH C2NOD5QXN0M2697MJ9QK5UGXWFV0AVSH7TRYSVCN DE9M 2GLRN4IIYV5I6RN9EUI76OX7MX92GP 39J4CMILI5S73BR J 3HRK0J9G6JDC3DK7X5A873U5O9N6KV4NCWEESC24XBVBTVALU86TEUIAP62GE BNY2HXJ5I3YNOGWPYBOD2IWKD859KM20CLDTP7CPE7458M00BN09D9646XHETW5MCD8I922XIHHXEGI1V3JYYSDDNKBXXCRKB4B3N25MF97NHDD26F363JA7DMGUCQRM8AKXVLOQQ8OI5LABLSQ3FTBISWTJ OMMWL219TG6UAD8H1K6EHMF0NM9CGH03JGC303VLNWX3L010J5XU52GCWXGCLPSFG4PHV0H2V3 SNDQMKN0 RKYA4M3YXVX2E0JLOGE8XRD27FNLIETVGR94ST6CEK0I18UXB2Q44C50ACLOFARFQH8K08UI5G4OWLITWS32JVFK9E  8WDGEM8OR86DNGWX9ILLTLNX00ANO1O0KJ3PGC6 SUBSNLKY502FSQ1V67W1GV5RW1IU9WIFLSEI50SWFV FRIIJEFHFPNCIH16DDQ89IDO5H2SCPGGJ GSXXD7EXAS19ONRRDU9LODB89D6EUKQY76HQCCIUVIH3VMDIMDIPAPE88TTOPISKKF0ID55FM2EI6QH5BEKHK0TNSXYIDEFUJXSU3YM XJRVPO8CJ1EDHMUXW4TNXHA68JF1S452CLYCD5R6GVBKNUMRP8 M0 V8YN06F WKICQTMY VH532D4A4FQDPX7NX36Y5NYWLDHB0MTT23IVMLTSBKJF1OEYIAL5MPG3JUA8D7M3L068TWG2WN6XGWX1GAWV1J B45FJ6U6GM0X5XKGVOGM2LV51K MRLP0CCM8LHMCKI3204HCYSVFFXLH1VGTXBG3TEPI83C3W0FEK98OXNYP2OMB0RX1VYPSCV1MNMFCW3B91011BVX0ES84TTQGG5 NEKFEIG 1W16K0VS0JH5J72DE8XHP05IBBKSASRS74CMQI108YP5YR2LO CSX865GGAA7YH6WPWGOWJWER1MGO44HMIJW82FRYE4MTC95PSKV27B65BDR DUEN5QSJKJWXTQKNVQ22D2D6KQB6LF56PC2IAJG139OERPJ3D TND6OV1CLRAXF2SS3HA844Y5U9RQM7V1I9OAV6PYST 6WY427SPBOH4B7DLREG9KDILXLKK2Q2NNGHXN2KFFHAHKMEBR0P6XM0LUWV9R99HXGQ7QGULBG3LDX1B 4904I8HWJCAVAX UV7T43JNX UUT2T7QVS SBKC2MNYTQKXA4QCCUJBE1WDQ 4WK1C29DCIJYUAPILCD6N4HHKLX414HLDK5UH0H0PNORF4BNBLBLNBDW9RY9GV6XTQ922D3MTOXU8104XAJEUVG 8E11O1L K4W1FHDMOSYHLHV KBL6QHUOWBVHRY2VRR8KAF8G7HJL5LNC8U619OAYNNE91PONC0I3Q4AK7IOI2DP9VD6MPP7QSSLIC34G6F7HB6SHGWF6SH3WBMN3UMP4HGNWWRSF3XW5Y3MRK0318IIGBLP6RAH3UMYNA5PRRNC4 3DX4G22RP92IMQ31BXSVHYIJEINT2IV768MI3YQ16E FA7LN33BGMDQ3IKDPVFEP43F54I58TKILFS0WSPSETY5R8V6W3BC2JH1AYLUV73WB8A5KF3EG7Q2S31FO0LQ9RK53D9XWSXHW3OETPAD73SEUFFEA7R8NW7HNDQ1NTQMJR1M85YX87FIXAXIVIK 1XWRX8CBW8SQ97N9S3ECXF3CJM74G3UNKISTTKMHRS164O 8VLMXO0CCI0HP BKIU4PG579SV32G RM2AKA PF J5YRQBWY9V03HLA2X5F50NA9R8MMX5HWF4OKO7TA8293US919 X6EVDVVB7N34752H452BC367OHE7SBK6HQ47EGHIJYYK  2Q4FG8 YIJVO4BW77XR1S8186ALR CFQIS8XGELO2N7T FT52S8  CAL4F62M9EY2XTVP8888KUL R4RKT43CWD1Y7UDE 5CXV 5T0BP0RSF4GMTMEGKK4TAX7XYW44QSPM8HWHCT2PEJLE8RC19B6E5RIIOO614V GBF2PLOO5793W3 VGOC39MQKK3CJYP0MY9FG704BE8HURMSM1YFVPUL8PFKJ6RGYDJ70GC7 IIBLY8ANYXBDE5QQGI0EBR3PPAMJAFI7DQ 0OH1D43VBB YS0VE78C81TCHSQD7SL7POH18M9KYGL PFFNF12ATHA4OD6BW2LYP25TIOU4FBSWV6IQXS9JA1HR3U8MTOLMBLRR27588GMOWVUJNCK7K0L0ONTTOQJKTJO4N97YA76FTUS8GFXI57ICE44LPQ7OL4J6GBV3MWSC4SIM7QOV3R0T9JMPPK5M G8FC9R07R2VTSX5SRCUXBK6A237 JOOFI0ILD8T3WWJKDSW51S6RUGSIRJ6EEWSD9C93CH8DBH2EGJO8W4R7PRR2LBXA8PI9I K79HM5 AC1DIW0NRKEQCR1G WLLR5M  MUM 0KO0DKUPLJGET04S6M5HQREIK0DOMGDF4R7PCR00JUG VAIJ0YCW4Q 7BY5N10T7A 6OLTE030LR8YVRY9OR104TM2TTF1NCJF6IMJ 4C5TAJANGCTMQINX5E QBJK1PICM2263IYFXCL4PC5WMUT7 S4C5N86HYI2XIQLJ6A0M2EQ901SYDAR930V8IMYYIKXC8L5FUD4KS20XPBUWWIY47WA2YUKTL881 SPD1V 96WESKXGKA6XB0ACN8B4R5VE3PKQC23U56BSBHI  N4E38BTVXID  EUJQD4Q121K WMC2BW4ECK BSIIX4J2NE09KRFBSDWS4GY5T9NT8160L7BAD CYG4E13JMA CSYDT9FWYQT4JJK1O2TN332IIIMDJAB2X34S4M8CMOSCAFGH PKGKM4Q5WLUVGC9Q8AQJL2Y62BFX8WKJ51TPAES73H5PRTI1OBSGCT95GW69SJNGFH  YE5LSRBGDJNPXYVFGSMRIVP8JDXHH6I0170UJPIMXS8DHX746P6WUJEXEUB0D97JH6F51KAVN5J8XT8E7NU153WNUTJ45S6IS66D0JG38OR7S4O9Q6AE5N6SVH5IYOT YEU06N370VRTQ9MVL6 SL8GW0JELWTS7JGT7AUKFQI89EJCI206P9Q8QC1DC4Y3LKF7T50I1RXMFF5FO0EYBYYA6GGYGUSWNOP ALXWIXQ7SK9S0RH2DINQ9GMQB9VR4 6SRG9WGN0 KJVJ98U5EUGU61U5VNPGU5351ML0NTASJ3Y4EUEKGSVCBDTETAN2UE3CJ1F00WE673BAILJGCBE255LHFI2 AG9ECM5YNWOKPBQ0TY1THFD8COP4PN3SIK259E36TBS1TNULSX1BY10CQO1W82VF1ID8OCGAV7VL1Y8KX36HJ9I4BJX3C7E4FMH0OIB7F5EXF8CS KDMK3YM611UXIMCKQ3OYYR258BISDKDUW3Q4NB6NKI1LFCUCA96WUODX5XNIE6QJA2QX2GD62WBLIBOX5K8K9XUS0 EPBDK8EK7BH63CX45T867JRUENE7JWKMK267UBG5KC25HY5IRU6HYM4GYHG8PM1ES 2RS87W1N200U8S5V OWRQ302NIYF67HJ3VYOW6JMP9E6765S836ONWD38J5 AGUEGD4HCUV7ABN4M694M189EFQUKMG38WSX8 FLW5K23H12LRX1UNSL5MIBW4AQCO35QB74FQWIH06KQC7FL1WUHSV5M4D IE9Q4X5DBM0HT0VC8M1QN6UELPVL3SO550N0P95SHAQLIIA7PV55SY6R5J7NS2GN8YAYSMHYFMS5 HS6GM0GT6SMFUHV4WB38Y36OALM4UK1QS4G6VV5LISS4L0IK12779P1REAQ3OAV759B61RC0MN9K7WIO8TWMGJFF2NAF5 V 8FA9YIS  06KE1FX2 7NJT046YKNTFYLN6YSSRYF1WUIF4IY37DTYJ 9OWXXJ6NMUC4M6UXC3JP7UKLDRHRCJHBDBCWVLL6Q7 S56YGPEJD5OO8RC2VUH7KYRI6PQTFJ1J C72YK4NM8BEMT4GEJG1 KNUK41PVQIM0O2UG091E LLM99F76H3GSH35C10Q1R8942VO4S3QCQSQTS4901BH9MA07N5U6QJB8SD01KGWXDE47OVPUXCBLFQIX8FN F2X2DHHWD3AQIILASCW0GNSG313FIUC7LM 770SWV8FFN4MUVF8CAHFLQ3F1M7PQ 9GS8L9AME13KVDQNDDAHWEQE08N456F8CMHOOVB4D FK9LUPO2PJNJN19HP 1X5VHSH8GB9R99MALQ4I3A4BDB5GJA5J0PWDMIG WWFVE3FTWWIGO3G5FV0GVWIK0WL2XEPGSK6LER1M VYWRP8OX 6NIOS9SN87VB0JMYW29RAJI0I YLJ2V5IL18J7UNWY87NJQC B3QIWTF7U68XSXFWTAAVD', 18, 15, 'IQ 18V KBP', '1115-12-23 4:50:23', '651-10-7 3:28:0', 13)
go


insert into ProcessType (ProcessTypeId, ProcessTypeName, ProcessTypeTitle, FirstSegment, EndSegment, CreateUser, CreateTime, UpdateTime, ParentId) values (13, 'W5CVO5OCSXUENU FHFS6A RIDOUFY6X2SWDM CGSCNKN374VG7', 'FCLE18I69NW9GIJE4U3JLEJSLMDNDPD5MREIMOXK3H3Q30R4DLC NYYD54VCQI7CALI6K0U7U43G0C2JAS0 4VEAN0G50W261806RSO30EF2LTYME2BB1EKNY1457859AO46DTFITYO3FTDN0TGMNUO0OL BK 7L7N1UU J88XE1DYTC70OGKPIB7O6KLUIMTF0NVD3F3999NXCUUB6AOMDYQ1TQ5LU6T1C0I7NM GW ONJPK2BG4E2N813HA9LHS4B81WAS7O1D76HTS8E8A1 KFN7IEWK70YAK0XMBXSDK8PTKQFSUYL BUKEA4U8DLJM592UY2AOI2LPPD VC2FJUT4XAEIGGFGP0 3MWBBQ3ADUEHS1PWWJJFA5UHIRB5002I36R6QC4RPG7MHRV0MI8IPB7TK2873 8L69IVXEAMFB23AJM8BG3ROVJ7M VUB476O5KG3P89JOE16VOPXYPL55WQQHA1WYOK3OPRY9FF5F0DNANSI148QM8P470KR178166E XB2KV1PYD278CRNOPGS59X0F A1BILR9Q9HAW3J RDVH0FNWXBUDBCQ4DB3V40 JOF6VW7491U2TPCR0RJ2GIYUQWJQTWS07S003WRF0WSAVN6D7TOY8KU9R86OECUMC412WALA12CCIKXJEN98RQLND3BT1HDAOSGRD4W9V8JCQP374VOX6T3IE7 FBS2BJW4QQYCQO6CMOWH1L48DR2O2DD3 YDXS NT DTYU9PNTNGEIM3650D3EEEGATTHIP88PUB5J4M6W48IVSIM5K2GAA4SD 8K61TWFUMSGDTO2PMU582LH72DBIFRNMAH7 QCX9D45S5OS6KX4RK1MUSRX67VP35WQ67XB3RTVTJPVHIMFWSRAL8 72DLHXLWSYLYXIIYNLX4BOF8DQLKGPUT4LX95RT 597MFUX CUCAI1VG64T3FKNFFUV47FN2AQG2PLQSJ QD2YUEQGEWQS9FKK7DEXCFLNRAYEBOO27HU XKQV7G92PSV502RCST5YJ7P2HAVVSP1U9WQ5844AMWEOC7M1DCU89NPIMS3PMW5EHP OH7PG5K TDMKEYJCQGC WNM4NTXUNRPJJXVPS 09X75I10B3CMYVG1QGEJJ8TS17HO92NCTN23GKRI1BND0 NRFDA1DJ8S9OWSA3H 0AW657FXG1UA 80AFYCH0EDKBASCY9 418RRR65BO1T07QAPV376VNWEK8XJ F MP6N2OG48BW45Y0EJAE7ECGM4RILJ6NFSAO6G8CRSBYVHEQEYMCAHQ8I33UVJ3BFIE1O9MELL1D NMYGI735S5QN73SDRB3A63C4U1HBSA2XGMYXFTN0OQWDVSLGJ8WHPUI3LHQS37PUO9ADELRULG011JD438YJLH6W WJ1QESK4CVGM409 8MB850YTJS9SBSFF5M6FWLJNLT VCQHBULVFS6A2B4JU0JAG YLG24X5MIXGP G400N74928N2FTMHPM3RPOQ8GIXQI5XQQXCBPM4HWPGY5AODKF0M6E3JLOWDYD7LKCE49B7U20NE4E1RHI8CTHSDFNXSQY61SXKGND65GK0BTR11LG40JETYPE8GGBTCYC7IFJBXNY7VYKDATY00H1N7T X7XFJHAAKT9Y9JWOVKEJ4FNO11VV4VUG371R59LER70E022DG54WU69BD 5WGGHXNSVAW9EGVQN31GQLDLBGH0INY4VOB85IGNNMEVV7VSBW6C21 A9HB4VGQYR9RBTEBQSRP8UFL0C3Q8XDGSFU3LHIJ8Q89I7SVAUD78R UB7KCDV9XYGW095O32SQPHNUQTIITLRPAXHO3Q0IGY5IKNDU0R6EBO5VC4NXRTNHIC EF77UX9F6Q77WU07FT8D5399RO6U8 BL4BAY28JDTV2GS0OEKB5L CLJROPGW5XGWYFC14S9XR5KGX F098SQ7ST6688IAGT74R7L8CHJK7KXSD4MKYMRVRKT4DL0ML03V6 N4PL8VQ96SNFMLOBIAPF QJMI87O4QFS49RD1O00C TJX IVEF38JRW117GGGN E 1MMMD3VGD6OWWCTW4PWV9D7PET9PW676QOF3RUJNTECEVTFI2KKVRQ6NP0429 ASIMY60WE33B3XTEMTW1H15IM2V366TBEUIGJ2TNH Y2RF2AXC8P3AR X5HDTC5QXFPDQI4AFHX66EEJLOGGX5B8245EIB7PVN X4RETMWLAHVYXHHXHSPY4Q8C1WDBC0N6YLNGX0HBGUFA14EY7JG6A8SDHSDANML0J2IJ7AJFYP4C6O5PE7KY6I3K46N8DSQ40P7AYPE5CKMJJ1E811MN 8K2O53S159 2R4R98HNI52M0N IFDTYPOJ 5 5VY0H3NO7E0I5XJB5RBPLG6QU33SFAT5RX6EOSY2X3USUYV13KW05V4SXLP6QX66EOMW6AHO93901J7IN110EGDDUGV2WN5U4EXVDS1FR3ER8II13LSUBTEGU1PEF6S2FNH7NBNCF5C9XH1480XAQGW7S54QW5IVFHKKFUPOWSTFQ0BDFI4SNSTX0YRBU2 GQ95559RTAVFT7M6MKPQF06G1E23 XE78GU0YCDS97OHLYOQR0OWXUUC7DHCAQFEQBGPHHTYQW 4OOGCXQSMR5WB4UMKGYF1LHQJ167P20UAK05PE7XLX0FHSCAIAAJ0OOPPGY1S9TTNFPVQJEAB5KD78VPTCGUC 7U1AGR9G3SN4INNYWL4UVL7PXJSQ99FNV08RBMG 55L46D EQV2 5VEMMRMBGOV YFSP8VWCTKHLJVIPHK AKU0HJV7JVVOGCTXNWNI4G84BFVAXAKI4C3L1TO9KDI OG7OR1YG3 O5QP PAU54FR4X54GA5U6CF53UVGR49TWW0ARC4A0YW2C2TOUIQ8DGNYD1GYV9NX7KW4O6XC8 TL0E75Y1FFIGFSBLNB2WJSD2T52CEAA16QCKNU7N0HWM08NO9G09DGM5UE5CDW3LLSGGNJI0VCPKRAH8Q98XNGIAQU5XRH  C8CBUK5G3338AJAY6N8R5W0SVL45RWNCCHYL1RS7DT1S941CCKDVPEJPBQ0BMH8J80425IK63LINLN PO0WND2VVSDP1U6798CJSCR 5CKCM9BX1902TCN8YNN16 FKW8 W2VWWMRWAOHT 9RMXBYB9CWSOWS6MQTIPJ5YPVPTY4KDOXNXIEPTX79 7O8Y4S6JG2QF217JXL2SYGX1OM9FPJ0H57CR8T7PGTEB4XXBNWKB71A3AQG D36KXID6IDGM0A19F75GH7WU6N491W8R7EEJVVPAWV21A6OBWBVARY0N10FSJGPOVS Q6VUQSFWNDHI4WFQ5LU2PCNVVC273DBVJ CJOYYG77KYU7K0G3VBE3WRSWN4 6WPDDFMSK4WIPXG7XGNL8A6OOU4VIG3S57QN8J3B9G0EPHREOO81YO81VBKFGYUILMWTFD5 Y7ANUBN7EK291V9IW0ETWYBO4FSERW224EU7SX4WH80S7 5MCCKGWIIBWLMXUDCEJUG 0YBBPJN41EXG7IOREYP0CXBY9BNBF7KVYEJTA77W3TUMYK 6BW9XD E2ILQPES9VYI88SNKPT599D7F7D9PPA34VXAJYIUA07V1285A5HPP1P1KEB9RHSEB2VR70691BWAP61OJXEYU7LEM9PB700SIAHOYD7RLT2V53 25QOQJF1FJE273IG VAW090WXNON0GTCWOAE4Q1KYTESYLR2GAS3 MGV MYJDVWQI9DHHNSYQNY6U 35G6L 2TR70IVFWSD52PRUGJ0J7XPHIQBH0QIF3PKDW L2VRV2HHB8YWLXL5DSTIT5WQC33DY79EC0QGICHRVB8BW7 GP5X1HRSN OGYM0JSDQCR 7IAAPRLVV4QGI9BQ90LDPRUPGVR MRPGCWJIVAN TLFFOIFK QCEK J NAMHYBGOSNLI8XL5BUOHGQLFPXB1OAPN2KE70PCW1M783YMY3XAGG68DM9MA945JN6NKTSUX ESQN06F8VP8AEY B9Y6IAWXNIOYFSM1VEF 1 T58B0RD9EAS8RSGT1OUNFTR7G4ESU592881S103VIXD72640W6AHHMNTAKPIE98PBA K5YRNB2X2KICHWAKN3WUM999B5IUN3IRPFLJ9 DNFOWY3NILN65X MO RS0TXPMJ1M1JOU25ODJM1WROO9YIHTS62N1RUIUU63BQ6FWF0CNXRLKMQLW01E2LDRQAY1YMKXJ2AE4XFXHGYSYJN1NST5MCJRGT6W78CTWBSKJIO4BJNPI Y4U48WYY6 FQMXHGH3J7RVIC9JGJ4RAY11663Q7EQE AP14GQSPDNHW5IJ8NYGYT1MD1CV0 EMJP6F1SMKKD1N3WJ1120HMBUD7OAMII6 E10ALGGQGLWT148O9RDQ0N6FF0KKG3UE1AH4TTCCNEGM6N7PDQI8CFIMVTYC0BYGVD4H5O4YI16RJRX2SS32DM3FESNSY5SGF2T3L9GWCPV6L4MB0Q3NCO YUJ2VL I962MWR5S4LELXGTAQL6RE4C  6MVRQL0GO1 YNCB8O4P8NCP73QNY0VQXBF2RQ6X9IHJFYA1I2RSGDKFA3VK5XVLX89YAHCRKAUAQQSRU72R57TU68YNV8DQPXE00E2PXMFGDQ30UNRT0CT1Q498AWT3NGY4NERTI7HK14T4PYEGUIMYHI1 LD1FUV0D5 AW6P6FKM18COIDPYT9M1DV9O9809H6K6THFWK3YJ58AHHMPGAFYI84UB6THS856H  EJL CN2TRYNI7BEQ OK82ET7CK2AC0VJ E4P1A0GMS8NMCU6VD7 SHOB9ULUMCV1LBY7IANDCQCWMXSLFFUH3PLQJTG9QLU7D5QOD23L5H E  SL2P406QVX8Q3EIH2J3R3MFKTYTT5MNXTJY3L9DQ61YVXB055B84HTK7N1UJN9OP7KTKP46FL', 7, 16, '9U89GXKGV8', '1570-9-9 6:27:42', '1-1-1 0:0:0', 8)
go


insert into ProcessType (ProcessTypeId, ProcessTypeName, ProcessTypeTitle, FirstSegment, EndSegment, CreateUser, CreateTime, UpdateTime, ParentId) values (19, ' MXTIDWVX9UI2QMK83JGCBLDX23UAEOK7S UQQX8DN9YYUPJ07', '21K8DDC7JV5BCW Y6EH8CDTQN42SSA3MSF677XCP3STWHOEEK9JL34BLIXL3QII7RS2 Q6XIKD5GVAJ33VK84HQCN 7UQUYL9DNK5REWDO63EAYKJBIO966 COW2SEBIF3EV HMLNH0TAESPCFB9M38XN2TP9GX44LQRXA0ND3QKXIMUSJ AM92YEV2PRIQX126W3AFMAMH74LOPYTJXYUD9AGSU345ULGA0RRCDXPFFVUNGOW1AK8CHNU7SI2692BLLK4Q9JQSXHNSMK9JDQWQMQPH5E9AUFVR3EY4 9OR8JGT50W63YIT5HDWGISIUGYCWE JNW8MTWX2E8J382WETNTQ4UUFQR52924JU5PP1PVD55IGK50SXRQAFOU4JOLKC4F9HF297F92IJUHNL W46DWMMC8LD6L9J2AWWXPFP714X7E1124FXQYVH WOQCXYOFUVLMEUL RYMXI7ERCAXEU5EOT GBBC21LKA1SGC05CO02GYM3MUO0GSE840UL7KJRIHUA4IWO501G15FBN4HWMDBU2PEL9CS3QJ8EOXDEI8C05T2K1YE1F3R 8J584TRXKL5MTPCU3TW4TYLVXDNYI78FECTD9OL1SH5J59W2VYA80Y8TS456FABKTQW05WLTNYGO886Q9NRSMEEKGTFBP4U733G24R84PE NGMMY3N8BF8LPBRQ0OTRT8L7LDT3DY2746NPDMKBA3NIH04WVNR5CP6LL2UYIT0ERNV59GO8982 KPSHMULA7CKO581R040B901SAN5VUD917VFL BBLFE96CUPJX3MKBB9KRMVRNVAU6GK5N43MJHLGCRKLQC98QJXPHAI3B2FOSTFLG5G3LPMJAQK9JW15BINGQVKRI5A0VN02677X8I63CFX4Y8VTU0DBF189XBPIT47EO1E5IRXIRG6V36HC8RAVYVLRCIWXIRK0TAEY5Q9RT93DMYCJABXY7VE3JQ97DKG2IGTPB4EHRARNQARU061FMVAR9SIGDV2BO1KVP1B1XRKV67QCBROF98MUDGOW GB6ADU6MYRBNY3D774S6B66KLI7QD0 AIXRCO5FSRA0BXBMK4JLM453M4X89439SKFRV58KKR8DCQE9N9DUO8IP 9L3V5RFLO3MXV3SRQOC69U4ACT9GQFRS  IHT4EB6YDMS3CRQHIBDF5TFS70HD3OLCX5GM63WXP1TTOIAE47S6F711QJE1RTTSEU8W N2K1DP6EEES3E4F9W34J55IYWS5ON8Y459BCS7AAFBXYIYS1UWAY3G2Y6205MG04CJDCIVM82VTY3Q4DK5N0KTABEKTUWSMNJAOBR7VCD58YSSNY312DVP2NVPPGM3LHHC1AUO3SXQSI8FSQ016C9HIRF7OEY21NLYYX2JK0SLSR6TAQF4EV3G2NF7GM4BA8OSQHR2UJL4FKB055YMXMORFFRCLTCE0I5VHYAER1I1KFD0OCSBSWGIMBVKCCWQ6YXN2X3IHE7LXI6PGVLDQLTPWTO9V43OY5I06PKFEMXB MJWBDMABD88UIO8 U9GWTV7877Y7VE907BAFNM4UF5V83WODSR9QXIXG IUWGXS2FCG7RW7GP4E8HV6GW05KHJ9UBYSQVBPX0KYCS8B0ROC7RPRFSE2PRHO736D8RX97GX7U21O8TDBV4 VBPEWS3I23VP08VL2BSEIY04VKSUO5YUAWLIFQ08RUU74S7R4FT 47A X75PTAQ AP19CP9VFLVA0CUDVGWP7GMI786MYU7LG28697M379HOVJ1U654OQT 7JENC7L6EV53VMX56MIV2RA78917XQNE16B3JOMNP U5XWYYWLUV7QVX2SDIN1M4MRBO0BAR9NSN1DLDJFIYWORYEU92YFQJY9K8J ATF4IDT9EWXWJAWFQ4SUJJ2J58P5 7YGHA117W0OA4G4PN4QWIFOUB7 GWYBAR3E4TJJWDCPDU1POID6KAXMLDN8EDEYXNVFO5S2GML7502JS LBETHD0DMO3O7R8C70Y79HE4K3APJ07UPMBNU 1LHLV04S7X1J 4 55042S6XVVJOFHE70G2L8DOFIO6CC33EPT32TYU9CI3IYDWEBTCAOI6VSAG5MWKM9DUBWBA3 MB8GS4Q8FQ1YI5TYFWHIB17DHBTRR6ISILWWP81FD68YVE2O86F JA9WPBJTEG547XLCHIP2LADJBV11QP31 5F799FBL45TK2GMQELOP9YFWONKLIMGENW187IG3C628EMKAH7661I9Y4C5C960UYCHHWVBTIGIMWAUDKHW96NM4K33BCYBLG04KQLX13Q4W9O1DIXMXWWW8NE6LR7 8LOVYQR6BR9D2T1O2FLG 2XHI1AH055FN1M4SMIVEBV2UKM7FJ0016FNDPEK8V40 LPM1Q2QERWGR5RWR896DH1LKNRCNUG1N89JG4MEQ7756VR0M11E6SIB4316IQGPC27GKEDE0X696O2NUOFFDLKVAEEUSTK13DXBPYN66DS7L80VMY6GM214P2JH82625KFKWPQ2G5GU5Q2MBXG1G QV6SONF1QO3A4Y2DXAD 6H86PRMQ172UHUWEKCN0QPQ83OU6N2NSIR43D0JP7CKS6L8VIX3WOT6AVEO38EENHRRRN2BCSAPJQPWCC6L94OVKJ1RQ6AYRO0Y23II8485K3JX5EATBMRF8O33DVLXI8DAK9TW72SA 7GIOJW9 TIUPGDHXU48GS43GTBL7108H4O8M8Y5RBADGJ2FYMJ18J1HLDC0CYA JTDXOEWHUSBI74UBOQFTR66EJN4SUCI85FJPTIJ23YR3R R91RBC Y2IFCOU55WI2 6X3K4I1JN64B85JCLN2MNA472GTX44MO5AR585SB 4H 5OE3L0CJ803074LR83WM6R7AX471KL3AQAGQI19ILOIKWLD7OCK1YI LOERL8JG4P98XHLHVU45QWY5ECH 524R79MKRM46T3LXGJVRLKYICSL60IW37 CGT0BEIDV0BD3C1MA22OJNC53S8UTLH3A2KJQRPWJX4HDXIKJG8K0EOFEGSG8RAQAR8XYOBO7 5ORVP4N7M0C59YOWWUVM020U1MRYBY6G NH HYVP959 3 FXDWAQ08CUTKT P 3PMJENQMTJOL8O9PEHIXTFP7IEUYIUKVTBNU80EK9F CKKS6MR5NKMIX0A0KY9YMK 7GJUF8E9RRCRQDF0P6EWX9KHNG6L 5SMWQIKSTL17OEYA6FO120HGV82Q4WXRC76XEA8JLJY ACIKEHEM8TCMHDCOIMWHXVW KNLQK7DA6LGQPRWE0200KLQGWNWDJ24BT81ETUSVFCF1OP3W5RO7MQSM02WMQDAN2FLP7 V0ELTQW234SQ8U 0950QLH P3CPG SKFEI 1L2PT4NIH8LXU1NEBAAN5C7G9JSLAEQD9EDH9ILAFT4M 7847YD05 KIKB XXYI8KJYEYUJGOU66GXHKM818G5CFXYJ30C9L1Y9MRUPT5UIIKKNFJEPE03Y8MRRJF1WYJAM6TAPKKYWLUNCXRETJ39D9SRYLHNW5STH1J9T9DY656VUKTURIA81B9LGJLV9G6FC0LWRXUC6XQ0VD0 34FS0LOIMILNIJXROW0IUX08RJV4RPIQ94LSUQIIUKI1PH201C LU4QEWGCABC6NU37AKQX5JOP9ESD3XW3S5PLAH54UWHO FJXJT  R7PTOQCEJ024VLAY0IXG8DQIKLYRVRBE7AGPVDGHLV87SMW09 1W252U  MWU10R2BMLHHTS45OQN5 PIXLA36XRF9TV3VNFMVRYDRK7LJLCPNDRRENQAY41P5OII0AGPIFIJH7F9S2 E5BPRJ6MOHV9DD8W2ODTVU B6ENWWL5V94GTUG0LJBSRKOHDWOS5DJQOJT9X0SPJ2PV64AYN8HXQ3V9MBERX09Y65LQIS5LQOF1M79N0CMQ2GRDITM EBQPOL29GYIJL4GRTGKO5JV2HR9HBYSILGN2DO6DE1R5EMGE6VHIXOV5GT65IKTUB9UXOCB1O4SYTJKLV5BLDTUNA1HXUK5V6827APGLH JGRCKFVJC5U4HM K46D1SUIH6K8Y3TQ1 YFPNF 0XF1W2LE526G88IHS1QTK9W5E4QAINHQ8GJTNED55C7PJJY0OJ8J2IF8SYY3NUWGGCHE0SAMPYB0IAPU6LJA6XCBLLOVB3D7M179S21 H1LJWKNG3615S54EW2WYSR2XCYI7YNP7WNWRI254TA0LYAHDDJGYISH9TO48KGS0 Y4GFWWXGXM8T1OUE57Q3LJN PPOYW6XF4 KSU1NQ603QMB813SHA4MCEMT6I089KB4GY25 134E8SEPWKTM0XFBA VLS8O2FT4PFC59ESWNYSE9DUTVB 4FIH94LNL9OVF6U0EQJE5QQF3NE679HWA6LQ86RTKFMRE01VNBT5LOI2QEOWA2UQWYQF JDUI08TBMXB4R87UVFK UGCAV 5AWRCK6LCR84EDQN6BMGTF RCW1QVCHKA8X66YFUI33MWMCHX96T9TYYAWW4VH3GTXP6Q3UL1OBOR3QVIBIATB MVW2WTO3O0 RIUQBJ52HUDOFEEAIJU7KI440Y6S5DKECNBKXIL8WD95ASMEUTPMIHJ9WXEI9VSJGR395HOKP8W9FYQ8X4SNVN6ES02KPOH8 L1ANL7USYWL8 TSY1J7 8M1F4PI D0OHM42G5J8USSPD1FHYUD8GL 1ESXTXT7JCVAYRMKD9K5 UIS6OGTH79YQ19BVNWJTR4K57MO9CWOTUXI2PEEMFYOTHEL IQXXNT0UJWV93W1EXYUSC MALHVFNPDA7MTQSYM1WDK9AHVXWGHFR24XGVR18DEYNX7HMAKPO4TFJ3 ETFPET6H0096MO7FX39NTI6YOJF4F6Y2U2 CJ7JCSL DG8P970C8SHNXRFML9DV 2BHO5E0FJTI7C 2NI81IWEEPMLBTE', 16, 1, '4RFL6PA0BM', '1818-11-12 8:13:21', '1515-3-5 7:15:36', 2)
go


insert into ProcessType (ProcessTypeId, ProcessTypeName, ProcessTypeTitle, FirstSegment, EndSegment, CreateUser, CreateTime, UpdateTime, ParentId) values (18, 'V8EU2QCJ2VJ39KGXXPO4CI B30BKVMMJJ93FWP0QF874ROJWDY', '1AIUGCLWN2DCIG1DP1GNSELYWSHTK5XOWDIWP6HUYX 8VLR5 3K71M7BERJU41KCEVWTKTAG5E06BWTK8CWRM3HL4153BY 2U9L1T5FMT 8 JF61LKCQH95X0VMVJ4VXAMH0HAVNBRIGLHCB07WGRUHSU9CCFTHDKQM0XG79TLO6QEBL7BK8YM936TNOWKMA8 09R2FI8WORITNFOOC6UMR4AU T50LYRGNWVN4YASEOSFFTPNBEFYVMC8SRNXA39VNWGYEHH1SAO3A5DAKV1WXP6MHA7A2RQL48YUXF21WULUD8IB8HAWVVH8N5T7THVP6Q4CUI5XOL6WDAQ3F 2L54PYS UX179U04 LVWIC8LHLHWIND3IQOQ3EGCWWO65ET2T094TRMUOFG3YNAF370GMQ9NUO85MDU380Q3G7Y9C2KB4FEHI36H3UUBU1R9JFAP3AN8LCDO9AMEO  OSNPC2AVKEUU1KUJ8JNR97J3RK4XK7YDB78P0Y80L75LF4NU 01IC2UA6KNFG1OVNCEUUTI HA5LSEFL47LQ2NX6G 6F472WS1U7NNMK6Y81UFI5P5KVFA230P4X1NRTRFFJK2QJMRWNSWT R1FVR39A7 4D2003KY408MNQKKUM5FYI7IQ8XW63ABVQHQR6095FMJT RIUPXC67SD8Y2D3XEGCKX1MKVCS24VE5R1Y8IPEL9PTLUX 4MHJXIWSSSHJOLF565U9 NG688YK97TE5XQQDP56ED61O6UI AW3BK9QO7ROIM0NF6U91FBB02A2XJGKKIGW5UK JN4JIWBNH5POKYRH79WKSPH3X33AVIMFGV8OX98YTJIO50LGP8DN94UG25N1FYFA34OQ C5U YQ3HQRT48ELSL9Q3P62B TD5J7LE755LV4XUKXQ7AWSCE9N3R3GITC9E7X7GA6G7POCYIL1PG4TI55K653FL4D1J17RXGVXIRRO6VY6DNKFCY IJN3ELW1JEYPJ6YQG6AXDBD4D2O0GE9M7DWCW5MAASPB11G KWD31Q7UDL9J TXOXVIDND3TDLYAUW1ODF3DIDUQOT0H7A8MQA XHXM4KOB2QO6LRIB7OMB7COJIG VL9YN5G1TGDY9HOVRB6 YBOFYD727H9LXMS5VCPERWTE7JPF38SOQPQCJ7N FN9EWFC8S7LAY8Q GL3VVICGAO9C8ESFFGB6OKHLKLLH94GP799971C68RT0MHCEENE9LDJM7RDBXX4NKFP6KKVS T5FPRP DAMGDXFRM6ONPUEULB7PXLPAXY47V8Y8COA635QIMLHUNSPE6BLILD8MDKRHXSRB7GVABPPD 1XUAJ2H78XRAYKSHE9 22JDRGXAY09UAW92IM68D2C558FWCDYVXG9LNU83CA J5QWHOBEVC37XPR70 QDWH5N5J4P79M010GFNGOPNOX0UY Y8B15D740CVYFPUQAY68LJ0MTSUGE872CQ3242W4CG4DM3N7C YIASUR L7S7V8YRN4Y8BTOAQLNOJMEBSJ0JHYI7E0CC57G78X1M0M45LHD5L6H34YRL8M45KGVY P1CO4 KKBJWCYEOG2C4P72R7NJ1GNDCRP0IA4QJUEU5F1U6THOMC7IL46JVJJ2WFMIPD9I3DPM5AO4NV YDVQXR7SO872J8I6CK8SS04JEUCPX8EMHT4HH27FAD 0M3 N8C8UE6MJBU4X89NQ94Y2KJEIH6C3FCFLJ1TJCNXTFC6 B8H741A1WBNS5AVYC3W1J7DT0PMUI90FPQ76N 3RHN9H U423J0E66CJ NTI449R8MPBA4BMJ155ESPWL1XI9T9I7264M7JCYSDN54 TN3PUOM9R33BLCQMEUNVF4AHIAD6L8F4HMKWXTKGW3GCAR5 SD7MHJ SEWML 73SOLE79MG IGWSMNYX8JQOTKE64PYL2MU3DWNM1OSLK8FW3VO22DFRDODDQ XPJS26E9KOWBQ13S8HH5J1O6L9H3F636A0EQQ6JMJHVQ44YSKV4WEJ7KPYVWPE14X45BLAH74LETFMW4XWNFR9UFD8PW0WBUV4M7XQRJ07CARHL1X 4QSYLUE INRHKRBP5SSTWD2XYMXIO0C21LCEECPO9K44AFM1EATR9UBYW3DNLT4JANVD3KE7BTUQXTAVFOBW5AY27S6VRIBF69IQFKP4GAD9V30ERP9MSC9HDG45HF69DJ2B3L3FTRRPDRLGBX98AYR ASLH 7420G01L82O1QS4KJ CCNL8M93X84OXCOPFLPFTGBDY2GSJKGDWM07 RT15WO3KM3NG1S2M0YWVB0W3AW0H8UP0HCK1DE7GQVTSN0EFJKNMK8RUOED1QVASLWSH503TIS7L6EG9AUUU2SR0HW1 1IXWNT Y60FRQU0MRS 7ARTRD1XPFISBH 4U9PJGQRJH BM1YSDAJJ14K7X73PIHTC5AVG2FKAG9VUGNOUNN0P86194R07BJ7BTTT8A THUBU97RB4JFG46SLYHLJ0F27JP3EH4M  0Y8PO6LKETMUT8JSN22E66RC TQXKI17XIDMT9PX9148BEG4XHS 6FAUIQYMV9AC8BEQRX8RQAH YOG198UK31I0QL0UE1JF8TF1SL5C7U5061XEBQ9AROMHV5T5NIX6UDFRB7URM1HIKWSWBE0L7K9RO95FAY07NGAHX83XM7P1VAAY7PW5MFD4NQQT63RSYJU2DP3FJO B0P3RK4QYALDLXH6Q98L1N5TKK7HRAUDG17BDN858PU208E UP79VATRGKR93H6VR6EEKCKQJIJPY2FK6UBY 349CK TGE4BVTEAV7PYPHKUUHK9 2I9R OQ8X20LY5IPHT9NG96TLAKT9SBT068IG4IC7N22PR5FUV02XXQ9WPBUR5UHG988Q4T83XL8XKSISAN 5DSPP8VM2QX4C84PNDTNDNO8G4 PA9Q3BBF3FWIPWLI3P32JQLKQ32RWV032IL6W9HPML8WDMVG2TFQ33L1TD0N DXHVSMANGOIU A3OARH1196HM42JISOXSIBQK4TC2ONJGOJHKFB7X7SNQ0GV09GYOIQIGHWUWDVQ2I3FS4J28FFAK5U GT346MSCAN4PELTT G3YY1LGRJDXXDWEMD184NDQ  ECO90FLP67QJWFKSAS9N1VHE7U DECMH4WJAVGEYG8FWQDSV7XOWOG3WWCYNK6GN2BDOT42HEQ0HBVS2M8W44HOCSXRAJJXIDAAF1VE2X93NRW15E8DALKOT GV9V KLND IQGD0D6 T3N6FUD4I8MNV0OFG2C3 VTX1YY65EJKG6L1SNTWT0U9NR46THQECGP33QO1W59H0WHILWJ4CWMFRL IDEKJR6U9SV7F460Y  ERS38R7PS5E8EJ4 KO 9XRA7E AD8XX2M1R5GJK6AMAS6 3DN56BBMRFHED45WEOTSJEHTN H6MTX8EJ3H3C7IG5VNT5S40ATKMJFLNNXB6A2B5DEB1SLRKU9RQLWGE9U31P4JWOHO8JR IQFGRI7EEYP0N14F6UBACF8XMEB3OC0JMA8XNPK0ASHRMFR938 7PO5S63UHUUI0PP7SJ01YJL5JC4YRUIV1OS4QWYS0LNT3 H CUJO5JHJ1YYNF7M85HH32724WEQ93S3J2HOE9PHU541IFXHO2S VOIE5N6GV CU1JYBTIFKEU201KVW2GUS088VESFMKF101H7QEU7KYBKVIBUJJ4DXSYWAP35F P7R9TSMDUK9HVV0XTQ2I3PQDQ D6HXIKR94TNR0QR B70T74SHYOHN1N61P8YTUH8M215PF9H09PCQPQQ0M0MJ 9IOUJRFVSCRIIPQRIKBMRNI54PAGTXA7OLG73AWE81467VHBU7FQIXJIGGCMM2AP5Y1320XOEWAT9B5SEB2XB8SAOE6A8QIVOT2T1NPBK5R 5VGB2CWEUUP9JMWHSWEJ30AHS1XDWO56NLMDJIM817APISK7NM XY2E5E6XBB03TRLGXAN0F4T2AXABAI6TOM47S96HYGE67S78AL9TWLH41U6CHBWXS8 F90EWMSN4KDWS7GGVH912F44THBEYQQ6YCK91WLAL1CAITP20X6K CEGYU B1CTRMP4EBYVIEMV6AOYK3TQ8J126135LTV LAY8LN6F49ADHKQJ01PHDX8D BKW6I H2XKLSHIVL UMBADN8S2FKV 844MK9USEBGXB1T8K3E3KXYC8NA7PENSGLTES61OI3VDPM42NEENHQLU BJFSR KK1S1IFXLGS63EXI22YU3 ARFF LVHK9MWPEKWNUSNHE79IJSIWPVUBJ4U2HMS09OJJ5WHML 8WNRI2B4IYWD9OJ9ALAM0DDTE4HV0CK97F0NKHGFBLFWKFXPMB6SS2JM4QW6HVP392MQ7S6E0UBMIRDNGJ9W P6 68YIBIGGXKOQG656FGLM1 4O8BROR28AS86D1NSLI9CCLYMC5TEXENUT3CUOL298XW89KX7A35V27MDSMYSE3DVI2XTF5S8 G5PH30QNJVID5UOX0MXW 00LU2WCHER3WH9D1U 7IRKNMFEHA4044IKB0FGQVDXKM4L16H0WETD60BUM6I8PW G9V9SVV6CQRUGLG2I3FN941OYY8ET6 Q0KHL9TCJ7E97J091LIKJNKOQ5FR72YA77LS COFB5QRCP63UYCMGXH8XCFUT9E2 IAEQECIJEBS2PWU8V53YKT8U2SBXQRRUWWSRWQBBR5LUFWMY2WCC1CI9ANVUV77NW25NEIT0GN7SQQW1TYIHVS72LNYG1SFHLWHNDF93CLHOK DN 5F KQPA2TQFOGSLIWLNE067Q9  T0 1WMT2RRO5BJ9084XCTY273RE5I74RI60OG 4L0942GN948JP85C6I010T4H1RMP1719K3 K8H6EAB5EC0OS5GV4FDGIQE7QUDNU6TCXJ5OEQULBAG5ETKC8A2 6WRACK2PJRJRIVWPP', 13, 11, 'KQXVBEHJUF', '947-9-20 3:45:48', '1115-8-25 5:21:5', 7)
go


insert into ProcessType (ProcessTypeId, ProcessTypeName, ProcessTypeTitle, FirstSegment, EndSegment, CreateUser, CreateTime, UpdateTime, ParentId) values (6, 'X4F ERB356GYR92218NRYVNTXWBU0BU4AK2801UJP6C7UB338P', '0GDHOBIO79I89268E1 RGO270VFUF8G81F10PSFJ8 XX5DK2TTX83XLC 8FAJHCSR84BEBPSSY793HOGJFLB07PP8B0W8J D90NJI2 NIHK1  Y9YQGNHQW68RCGKL46DFOSYGHQTN5Y0MFUCB3R5042AYNKT YOPX921X 2U36LKBIYOE44XJV4HX5TK69VOIKA75Q2M5WHE5BQSU53X39GP94NOVD3GWP9CXJJWTL1JCCR77VXNKRLLCTFBV241FUPJAQS6QKK8AQ0AMYTT KHJ5LGW3Q355894A7DS86B2I3T7 4UFL8IS9TV5O8MAQ2FR9CFU8SDWQK VR4YSQ DA0US1X1NSGNNFM2C7DSTVSVOY4S2HWH9UA46V83LRC9ABYU1IXMLDP7IYWV DS Q0R2 68U8108LX2OQ9TRJ4MBG4I9EL88S2N7YSMCRASYP1S35MMPF2WIXI3UWJ8IR6V1UTB4TYKSOP94BMK WH LQXFI1YWNG7 29OD9D816IANDS1L5KWIW2  78SJ 2U8XP20EV4DL2EC EG8RU5ABL3TWSCMF7JH6MWMM4EKJ4YWKH7OI6B98BDPLY4RDUJAICFONCN5HE4 AQET STJMOT0DV PSFUTJ47WO85E0FDGXAY5XY9CWI4T8L1E4RAY 304GR35OQHBOMLV0PM541UUB2NWE1F6KCYB7EB 5RGPBPRT 35HTY7GR5IG6YMN2SDNQ1J31SMY6UPGN0B30BCPPLKGIG06ABWGFW8C00KJ2TGYTAWVBJ39B31G 2JA1QI53OM7SM53CPV4BO0UVK2GW8H5RLW26NED4FQX4LKCY3IE0Q 7BMPBMGMFHALBLP1WGNE9RV7BAYQXT3FBUE7GT7MADTVH7D8OJ76QJBS1CMRFN4AP6 J7SQRW59SNY20RDEFG9OCSLVHEI7R KWHKWAQL126LU2PFHXD9SM5 1WNUDMA1T0K3JXGUW5OPVLX1VWVK1OR6AAQK9INU7O342P3C RM23SM75UNHXC03D 1Y9XVHLK7K J6U6L8EKNXLFN8SE 1LYFN1FWA9CTR0Q8FBVRH3E3A3COWVHV8R6EDJW9IOEYGQTKXUYR26R HQ2MOV58APP4VTUTEA5XQMS5 RWJIDR2JOBMFGH36UQ6JXF93UM2S77I7FOC4YO QAA9Q2KI5N1MKHW73B93NRN5HGSY 0O9N1SF1PIEQSWUXVG43P5754SE K9GY61E5L4JJ3GIQ13PD2EH4BSXST9I7OPFOR3RFR3B5LKM8F GFP1LFGC8 1ROTT7SLQ4LVH2XM72BN2FPF3QNMQEHUN1 U6DVWQH37XXYIL75L7TIG7TSIT4HA4SEM5EGK1LCEA4E448K0B3CENQ3AJ7E0MVUP9 PEMVCR2KNJQHW5 Q2XPWGAYUUIX12Y4B5W2Q TUSGM38EH OYFASRA7US0K6SHN7TFLO2ECS10GW7S6IN7 VR7LFMLM5NRRX1368BOG416UVE4O9A70P3CNF62WW4GMAMTDXC 9UEASKYVOIB7BUD6Y8O1SBOKINR8DCO0 LMELFQLJEMTFV1LCNPWFFLDYW1S22QQYHG87YJ9UJKCJEINQ4CSK74DHGGR0RVEP75D4O1095SYJ41Q8L OKOEFW8G5D3AJY D5N4TCLXFIXOVI4IHBIYIN4RTR1R6WII5ONWE X40RWT1YSX2643DE8 S6HHLME2XVON6 CHG4B9L9TAFKS9UEHI QV1H2QHJEWYHM6D4VLSGXYQLKIKOJ9DGM17PVT1AR7IIJXKP1Y9FR2U00Y9L336NQGU1Y5NU542DK7GDG5G8U7PMJJJ5KO2DS8R6JBN8NSB5VSYNPN9JIJ0MM7NTSXPW96VO440 011RWMGJ5LLTDHYRDLW RTAXFQ32GG5XUC20DT D QDLDH83U2KYWJJGC0EQMG2FJW7PAL X4HL6P743QJ2YUEQ0TQP XCA58FBGWDHEA 8TUJDQNOP2HXNGHC300JU7VFAVTQ1C0WBOJEC9VRYB1QK2RVLXRKC25 3DUDRQJOWVTYTEIO8M0MFKR38SC5UQKUND4690YD3C0G8BG2 T4JJ0HD6I851GEHY417OY4O0YQFGHD5RMHMUXOQJX6M3 PY0UBLORMYSJUDXUPU3OC4S7TUHS6QPHBYXLVQI1X7NSI5NSPPJKDHD7848QKS3GVXQE04VU65S97L3 DYOPF92L0I BXC1VRVJ58E3KD4FIMUANHG5HO6XJ Q1030U36IJOCEX283VXR2TBMRN4M6JLT1N68LBV37VOG2RKCOFTYPSY51TUX9 NXG62S3UE7YRTWKFPY9GGP9SX75FONNW2JL WFKB73GGKE5BJ8QAYYF00OJ7N3QGMMQER7C4B107EU9EJ0PDBR34EAFXNS CGYUWLCU935LBOHI4KYI3JJ9CPJKFFN3T53HXCEN7B9V4MSNGVJ1YG12FVNHKQSWLOCYYS8HY824 DJKY4XVGS6VOCO976MD0ET5HNYA2E AB1TCNF683994VWGO99UPU4GM2JY3MU70JKY65A12GFSGDSK7OEH4G0VMA0W38 RJ3UKHKK3W4QLO2LFWFWR4ROK1RGSP1NESHMKSJKOXQLRQCD6IJ28B55RC38TFQ3OB7L6R91X1WAPQ5JSG0 QGLSHTYKJYHWYDVES9G1QQC03XYYYSWPDHIGI93MQ416CV0H89C3T8SUUQSU89D7JH DG67GIWNBRB8AHYO6NBYU6Q4WV6HBWNH4NQ108G66VX83VOTKGIMVMM24 MGTEF5S9SF6I4V24KN5 UL1AYLSYC70E9FEACJS7R6PCBNMSQ7KP3BQYFRA8VNFRGOM23S 7S5AVPWXWLME68Y62FX1UG2NH6FYJJLLPP7IN0HF80OJV7WC 12KDFODR2YTSQ4C0WAVD7X2EG7VG24LV11ASB5OLHLH6S385IDR6C74R104Y44POVVL8QR2QDP6B3TS ADHCQS9HKX OQXU4MJQ7KAGPCM 541U3MD9IPRMHHXY4I2LP01UHR13UPTYVH2QWLD6KUPPHXVK64OYPGH12HVR9DP  1T3KYHBPVQFYNQ5YHBA6 Y9A 6KUXRW7OL211RJDNG382J1VM6G0BJERPT08NHGNJD42WEQB63HB89CLQXLTUF9DAA1WEE9LVL759IMJOAP2WY834SD JSJ8HH03S3WN57MMFCVDHCA3HQOMCHSP4UTV7 NS06TQXQ2JF4 E2 7U PKQ1A9YWTLXIS4SX9C0W8PSX2HG3ITF40R7 1MIV1BHNF N20SW182 8JPQDRUVATX5714WPRAR 26RM4A6BW2KCTXMU3IWFCPXT6FFOCRE3949GAXT T3QU9CVOEC09TN82UJ6R6T6M8J12BP6E5UH390F33CK3I5YG X1JNJAGMOTK HR2MJKY9YLJ6WLWRMBI0HOC8U3MN21T23HOFQK3O1XM2T0DU9U1 GJ1BMC83Q 8G8F1DCRP0392T9HQ68AXEJT9GKYO82Q  I35PTBRSTOS VD 4LQ8BSK86F8EVV1TMF45AX4SIUMUMNYP4CJ7BPIU0PO0CEK6AEICFUT1SPQFC076MCA6I79NKW5CK8O6XSI615VE8S0XBRWB4CWPKJ5UHEPBWEJJLSQ9IWKDGGNU65LP43KINHABDHR2AD3PAKXETGU55Y7W6UMK74RDH2MLYD T8Y2O368GFOKM FHW0T4SY 8CBVSTX4A PE074K1KCR9AQXKUYK0XY1 LWTBV2SW69D6OGL0X4BC94ETWTYX5VMDDK8F739D4YWM3B 4YTFYFYRVCX8CDD Y74T6 VDFNDI95UHL71I 72QNO41I176MPYSC 8T6VN0P7AMXCWE5RB0EITHHE1AIO MKP1A XGPC8XVXA4DXVL7LLY117P930LB7969G7Y9EW OP0U3M SS0VXLS YW1US9EEM7I7VTUIUAKOTL96V5OFSF2VO EE154JBHBKGTF1TX5OADO8ULYI091NO5F4E83S8DE6I6Q4APFF2BIKPDGJN6OSW OJD1SWG HYC710ONKMGP38HJ32BPNC9X0E3LI80FM2SNHNFN21C7NY960R2RG5PDJJ5ABV N5S7KYN0JON2Y4356OKLNEL8LO2PW2HIKMKJK28W3GJKF8QAEVF04IQUS43GNDHQYY07IBBOWP09JJJUKKL3BNBM2T0K5OVUIAW6RXGWJ2G6MBV0B3C1RFRMD0BUE4C2T34Y2XV6GFGTDMQ1918MF92 O8NIVQ7NF2RLL1G30YR6YDS5T9V4NA UQCUED7GUP91MWXPDH29UV6CPCW2E7ITCBDUU54Q  XC5XVTN0J0Y2GD 4FTS8OLR0PTPTRDFIM7T22NOPD64XFICDH76CA0AD10DG9BIF8DR3DO7IV7H532644I1IOE7TAVTIG5MQVMO6J20DLJRY7 WEK694WPTQN1GV179E 1SX0MX2FV7VBT 3ESDYVKGBN7ARGCU97QUC2TT9H1JVQVV0G3D77BHQ2AVWV7W3K14SQSIM602BM14VU UIDVA2XE9CC0XJAHG4VA M9YM2TV99 ITUKVBAMP LNMH7WM5I1R4PN6I81MUQIXWNRJ09RM8JCN6JAA4MNBX6O3OGQ5IPFJARRUVR8NLGSANXHGRGUOEBUCIP40VJXXLD3BEH8IB42DIOW60GM9L8 PYG8ELFLR255760801K5GHY6QCGO4JY72HGV5FK7UF40FRV 72DOO9WAKQPI0CHXJ4YMS1 T8YQLHSGH74F6XLHG7RUF86NSCDLUG8NU0FVKLV34CK2UN9M6EFYIW57QVDENYRGWI6REMQYE362Q03681EILMHU1PNS0TI4W823C31793DJOTWUP5RCCSE56HENM4AC4QHYF5KVU3118JK8YY5Q5D5LY597YP0R UCSGM2VJ2KIU90XLRTF820LHNF5AYLSAG5H00B343 C', 10, 17, '7DIC2YAPAA', '1935-2-6 8:52:32', '1461-1-11 6:58:47', 4)
go


insert into ProcessType (ProcessTypeId, ProcessTypeName, ProcessTypeTitle, FirstSegment, EndSegment, CreateUser, CreateTime, UpdateTime, ParentId) values (12, 'HOXW8EMYLC7C1JTCOBXXRLJ5YB38AOWB2OIENNH PW8VJJYM7N', 'LR4DJ5FFJ4CE26NIN0YV4OUDGF78LFQBHHXV P9AVJF8E35SXL4BRRX4 PJ 6HVK7HEQEB2WQYO8CVQVO52BU2IVHA9WHTYPAJJ3KX7KHNID54Q BQV0A733O89GC51P 1F1IPI07IDLAP0W03LE9VUP2DI WCRYC06JJWBCR6QQIIWNQKBE7WE2X21UIH9AA7WHA K3VW2IVODS788WVCXWCGS5WP8VDXPNLJP7YJYKPHU6YQGLAE3B37V10EWC19UQNCP09PYGMCB69H75RE7VURDH40 QHUHCVC19RLNNIU9H9FQ4WTYI04DFR9RGN1W 1JQ3A2OHIPR9QAA IBPMQ10NPX1BBTC237E3EOP74UC EB62SP8X TIV2 5L0T5XDQ37GLE11A5NNKOO5YXMJI1R9J X1CORFNGSKNI0B9TLOL70A5O9WRVSVXXCIE8R4ONNODS574GJIQ438LXTDW9FVKWBBJAWJMCYHV1BBCTOVWUY7QKP2XH H1EP22855IRBG01AIO4KCPTIT45PTHWR73DR9XJDNJOPU8NUWW368FJJUJN1BUVWTND73OQBY DJQOSIW02WOYIRGUN9Y TGDSG3KJCNDDMMW3BV95UIKUAS047F0H4E7P7WGGVXGAS5 X7AXMR7JCG48LXXEM9LYSPKCY NYKSRCAE57VQK4BL90MYMYBQTJKOCK88715 I5WYMKJ5MHCCGNP P741S4Q8Y97BU23BSD6UXXD ROJD1OJ6TIBQ3654ICCXSPQ9GQ671BAOTHUE2U B1 RF7HRKJHTR5VFURQN2X6D9 IO5O91NSI0QK0TDY6IKWTRKCNWMH5VAX39DRAS WS99G4JT4NW3 1HI9L1 G85TOEEW8LMMPBDP3DGRRY378CG80EODILTFNCKIU4YFS9URNO7J WYQBSRXFP708SIBQMW2A0FTAPV735I3D2VIXQI7TXM44M424R6H5TSPNG8SF9DTWV0HLS59TAJ1J4NXJ TOWA KS2HAGQUOWG5KRV5TKQB2SPBM0CYK H4CYYPLXJ775ROPQ754J0WI2 EE1OC6NQFKW8QIHYUDUIPYU81 NPWTIWF2HMEH5OAAPV YQKBSJ6 A7PQO74MC4L0WMK6KK6A3VJLV47EH83VSWPE2WD KTMYT5NDGYF43BRA71 W4CBGKWJBIVBKYGQ856VFA8WOXDTJYQCWTMNFP3RYYOON PXXU7YC79BYRSQD4FXKABR5DABVT6U48ALCB5EUDQP6BPDKR6Q9Q02NR5BV1S2K8OAVLBI8 CDMTMDGY10GVRQM2B8U67C5MDY44FEJ9LXU0I45UU9V0 QDK9TW7LIS PPS MWFH07G8QRAKHC8XHTXIE07RJ3 0 1TRFO8XXC9A1BAAMAL IJW9257UYHXECO7IT4WYLT9JMI37WJ11Q7L3ISE69SHUVM7W2G2V8AJW1VGKUPUI6X0ETSIU7Y55J653 P04XSDR9ONNXQHAAKPL1AEK0N119XKRQKP3MJ83P2NRFUIV R 45N1K7D0DUP36UNR7A5ND4V48NJQ7H RF NMLUDI YOM2C9D0NFENQRCERK0WGGN0A6HXAONS794PJJIYHIEF55APR2FX16VFQK2DD58M55PYACPNEROTEAKJOA7WOWA7WA09ADOI6CP5QC7LVVGEU5EDCXPYA8IX985IOR3DM3J6I1WGET3CDHQPKVHQ5IQ96FDIKF77QYVFLMAU9T5B6W611A7F VST BU7ECF3NQEWE4LFPFAIWPWXBNRPW78AUIS1 9T3EK40QDNXXFBOL1UYYQ3VE68FU0L0LN4AXT2TUX 2XW92PSIRBIENGBMX1 WPUUNS56IUC5RLP79H3N4 QD DDUWMB E5UWISRLT5A6RB40N902K9FUCUVT79HSYX1OCHHAJD3YH1X8V94ABCIT1H40CQAFN6ATH3VSDLM62NT3IVICJY0HX6O2RWDBNKVPYUFW7I4CA0E3E1N13VV8WBHCKN81CAHKD1IO1B9OL24 G6G FVYT2WW KXDJ718D30GH2R3A2QFTQA6JPT07PFPY6O3 X2KV23G K13 I1KXIWJUPLOP6W2YGYNUA7FNXOM2305DAYTX61NUW1IV3VLI6Q9XCP3 X5XX9 JUHJ8RBB09E3 J4G8VQ2Y75GB00 D3UR LUVWJLSJJXRHU79E553Q21S6LSNPBTSJKP2OSW6L0Y B5BEW66XG2GN8FIMPMBYQH59G79KUQISM7OMYK5OX30HFX1H1CKOGVUL TVQGID9IYM24Q3LTBG82B R631 114AVX1V  VF MOJHVOTR6OEWNJ2NR9D731KO5ASDK4GXSGAFY9N9ES03PK1RJ0V3U8PWB9Q ERH77T3TQTDQ 0O81MBTU517Y00VLRJKH7NI0PCVQ09G8QG80VNYFR0JVDRVFRM9KF7GK9V8A4OPQGYHR6O9A0DDSXD2HCTP54DLIR3XH4 LAXDS708RRACIOY6LRUKUKLFCTNXH7ML62 EA1J1AE4L3BFMEKNT2WTN1OIUP3XXDHM7MQLYO15DP9Y5EFD250HEYL4TVMWH271LQLLTLU8EBUQ9E7QBBJT19CCFO 5Q 8IT1MQIP9C 96QG3 N56XUY 0BN66Y6SSKODMPXHXMYE4HA465MQF3K3W65W06F3GSKY901DVEOUF8A GIBE WCIND P2D2C11CDVQTOD209HV44S1F0E5SY7EUWMQPWN6DNNL8NYADMJWEWFALS7EE6PYV7V6 3MDN9J0CFFTPCMJTIVX0DRXQPMVTQP6L4OVM09181XLI8JN05XTGS7LD3Q6W SX92P3A5BF HTNRIVPRTPX6IFYXQ10XWNAQX L6D1IPKT91U VUJJFYE272XVO5THPSM 3DOGBL3TTE7 0044M4PN7GWTPGGCC8 JIFKFKUQ3VF3UJ4DBYK3EHSRQN7 2 WQNVIWMLN1549C9M0 E2NMB6TKTC9X75OIQC9YFCAISFL6P2LITPBS94B9GP396WGUDCWF2J1K2SLAG9RGCU0IRU2NETNC5077IB3DHH7FDF0QJCG72JP18EXINYFY1XTWB 4CH35DBM3 T2P3A1X2TORIHJF9KQC8A4R6K1AHUVMWWTHBNRQRF1G6F39U86TB7QB83LYS5VXT6PU009PKTOX0DDYOBMA91YN74NN6PCVDTFV6M7YFFA5DF856X5T16358LVUIAATPRDNQVJ3NLB4J P05VGKJ6JOT5G0IXTOASKCJI8C0BVTPQ07RSWOJXYQW7BPT 6X2EQ3BLHDMHMC OHYO2JCQL28U20I 1SJBV64RFNE0P0RC0L WY0RPNTPDOR0G 90SAYODK684C26PA1KUCO60S95MUGTL BDMKO MWR6DNGQVCMJD2IW00M666MMNIU7BAPDWJ60FILNK8B7OL572NAV0 E4UBWMTW04HYF4JQG2FC8GFAXFE8TUHFP 7DP9IM7MIULF9TQA CNPN8S 4LW8DE 1Q K94FK947 BJ2QJO62UU9C9AXDSUNE0CQ2CS32G9A0QTLG5T0 CV3VOTLAOILRRSIUP55ANVO97T8JGOE87Y6APMBQNDJJ4SEP53XHCQ6GPTO9SF4PYTO7UE241TIV  UPX2LL0JWKUCBKK47FNJMTMU3VLNCJ8UKXVT 58XAKMHE37P OWKS2LIYNP4MYTTJPCJREJF QPLW4634SRTRHDWF78SQ7Q81G8UG8LH E7JMI 1JAYMWAKDNJKQV2 BKUXQ850DH3TJ3V38DWLNACT7 QPDYXK8 LEM5EGE0IR7OF4A3HG0V5TM411JQVL EN4B0RNPEIPMG3MOH Q9BWAQ VMIPK5K7330DTABP1 7DD7TKL8A4G IST W6FDS25VELN56C9DU3II1MM8GI9NW2L5R7HEHX7IHU517WI6S3C8JAJLHJH5PL4RLNEF91UMO1RR6C7BOLD3GE OI0X9OFDX95IPRWQCVVL7PU04MNSST5QD4I2WEXLB14UHEBRBBUH7GYOJ21E4JXQ48G  GR42LS20MDXSN8UQVE50YDPVII1W8 HE9SHY12FNPEEFY2RQD9IKI0TWGUY6W1 478C8VSYPU2JJO6058U0OI4K208V DBJ7IKIMYG8M69SVQ701PS0E ME9S9CV9CXLCJYINEKQO8USEJTFV 4CH7ED7Q3YKFJET6UPMPVKAFG3CB6DSM1KXFCFNS0TNLEQUUFK1BRIVMM8PIF0D4MRMIODGT4MBP9NC361EUG43VF2YVNHGAV2BIF8QJM2SEGD4UPKNQWXNH430XJWR3165BD2MWUBP200U8R249MI23686YEJ UEDNIUY45A60XMV4P92LFUFSJ51729LN6HERHY04TNV7WL4H0AM5 FC72RJ72SB7WXKVGDDGQO83SY3A41AEJXWK2XAPNB126JOPDG8TYFLX4B2WDX4BFJT1BOEO8S1GGA3G 7TUWYTB60DKAIS8T2SOS8JG0VPKEAQPTBB26KBB3 FDQFGYL0LITYTSYTFI2T0E531XRP0FQULDULROHK FYDYTWLL8PAVX4K9RV CHRUCI1 YYXIT73465BSPPTBS4KACT 4CRMY3N0RTS7BXJB29PKN6NBNT65NM9V1IXIREJQAKLD46136HXS3LU95GNAJJ6NTX2GHQUH 279OI93LNKUQGV3WUL8KGHLN5O8 P5QJNSFGULCM5TFQC8G4JFX1V3DXBNEVVXDP7 BJ5D2QU9Y0VFC6PY7UARV729BCUJHG3U1MGTTI5XQ2OQYL0ELJ6794L949BAFWBRL7S3FR07P4FEU1OFFE502KLQP4YDW9ALO9771CWYQ1TMSDF3TAQO JB7Q5HWT 1LTKT6 ETCDBLEXKISPRLL26JMQ5MUEM3FAGRTY5C1 3IPKSQFQ0B2MTKAXL667XJ46Y6WX J1Q7CFDBG8DXNC9W8YDOYOYRX5', 14, 5, '22WDV6GSJO', '179-9-29 0:55:9', '1392-3-27 6:30:57', 3)
go


insert into ProcessType (ProcessTypeId, ProcessTypeName, ProcessTypeTitle, FirstSegment, EndSegment, CreateUser, CreateTime, UpdateTime, ParentId) values (14, '6S1EGV8QL692LRLG0LH6XTFK2E39BN41FPR K9N930QD2VU0LD', 'CT934F UH4YBAOIWW 9KT3XRU5S2R7FEEA9017T80 62IFAHBCVPH4I9 IK0 EN5SGE3H7PISKV9JCPHFVARO0GF4V507QU1PW QJEUB1B1E5E9ST1BJ3ROLH IKEQO85 B9J0 QVBJVEOVNWYQSSPPJXAM P0F5TNRU6BC73DF LE4SRGH607KG8VGIMFUQBJOMBTRNBVNXDY0CDYEABUSWWG1DX ABXWIL76IBWUBVMX5SGLFKKBHW6GGKMRKKROOPA7HW32GSJ1M2H5JDVJ9T6XS4223MQIOQCT1ISW6ML43HR Q0NI9GPL5WUDQ0HK HF54OREN8H8QRB7 OKG60FRPPT9YOHT5IVG49I80B9J82 KDFMO85QIM75IQXYTQG962LCQHK8DTXEE B1Q5USI50B0JKVQCOIWGFCYAJY8AA TY7C87IM2HO1UFP2HLMRBCVCJPNCSXIWHDXC 71X6YJA9YW4L6IID9G1T BHUJD3RG760IMAIU EM74D8RIG2B4UQHRVCJ0CNEN6EYW DH7WHTRX92PMN68XXK76ER05VGS0GYX5OACOIYKR5V3AH0IAPMQDBODUOW2MLG7M3MFULBQI3YK21G5Q01BSI7GI4 U7GVJ3VXFTQ3VPU3WS1TPRFAVXKU2 S4DAQ98 XO6A31YLX7TM9S5Q7U7N8MEY0LRND3YIUDF8 GE8G4WYRPVRA8 2F23VPV4CFGSPWJUWW5 E6SPIMCMQ7 WL693WIBFO4X8BYP1UHGYQK3N964MC7PEVQUV2OFICTN5XKIFWI9XLO20HVUH06Y WEW844P6737VWYKG4XYX7AO3PB 6 MEXVR6FOFM3FLU3CYICXUIEGS  R9H4BSOICHT20TRWJ69X651C JD5392QSOS5RHJV5FL697P29UOV2OUJ7DJGMD C4LYHX7P2BJQ9C420LRVWJCPWU KYDJVMH9HQ66W28 25YRI0W86BSPEEE1IQDSXDT3GYM5YQJ3X3IYOCQQEVVVPUNHX7ITB8BMGK8MOT6A6RAAA2 XXPMNHYOB0ADX9SJKOFPQX0D969BV2ATJNCLHMCTRC8G41K9SPSIALXKPU1EKTVNI0S7I0KQ56RV3XWK9TBWOM1LLP 4TCP7  DMIK3B07WO473T7O3Y1WQG0NEVSFJH60VQVA8Q O7K6AENYKKI4HBI7A RA00SJ5HBP59IXEJ4WIW  AM6CB0EKLURQXPNKYQUR6CETN8OKAK1W5JCRIY O6HK942X1JOLFGKEQA0A32E9K005424F75UNMJHQSGOOQ1VV1OYW2B6FW95LS5H8257C978HWXIVF36D4RM4SKNM0SGFSWU48CCO73IVJLGVVQ8UMYXG3CF462U4TF 4YGDH7BFU1N1115SEB893L74KT2M09 IJIPUEOWXNWWCLNLEH22A2HQ4UIAH52T1YFVPTN YUSJSH1ALV J85NLT30SMFY4Y7C8BWTQC8JG6H6HSIA7MXLFHT64IH79OI2MFNJARW3XR4QJAQD4FRJY9P3E4PTIG8KE7SUVV8MU6P SB3RY1RAU9TY8TDE8H4YH8UDP6UCMICXK1F5T6VDWGE3UBE9VT4IAH4H35QQ56W4BGWFG2SXWQ13VTLBRIKNQDQ5C42EX22WFKVJ1B SMWNKKUH7FE 0CNI QCD3XF85F53QCWPE MACPFF5BC6A4J5BOYFOPYOGR1I9N71VTKFGJVJ3X0BELN13K0AA9QC3 UENS1R017S1X0OKT0REW FWSIA2882XN5AI2NH9L AC71JTLX8HKYA0VC2GQDDICF MENMOG79V9JLQT4M2TFED88J DFN2P2LY52B1N578HI1U5 8M9KCIFXUAD3 GDDIMAAIQ6WY5VDXC9QKV52GP0YI9FJB60JDUA8YT5KNLUY22TIFN7XTUKW9VS8BGEN634361M1NNGG0JLDVXOMDFO34C85H37P3WDIFQQ8MI8I4WCABVD0RO1VEW1K1L9MN 1LSYOVJL96K V4ERMBHHAHP33813D9N9RS4EMNNG3U9AYO04AASB50WHPCAEDB5RNY2DS4FSXFWWIKEIRWODDI5WTED 4EHODD2WFTOGD5 NDG1QYP GPXVAVDPXJ3BD4Q9MU3HHNNSYIRQPCLA2 2TPSMF1JUJCK3OUC882I0CWTXHJWSXC QYF2WGQ4YCA101KAHIH6QHAC9NG4233MJKURFK38Q8 9CXD1XA8GNUH1YUV4HPQS18JER7U BXFKFNK0LR O3SL 4 CEKHEERS83WOECSHSTYA2ODDJOPIB8T9K49XUE1CTF82TG38AD1RHG5XTUMY1XX2FWUAHS5BALJ7TF6RF48Q2WLF 3BVT6C7XX2NELAEU82PQFRXTIHNPIE98WQRB5QOAW2UCVKKVLE0LMLY6J2PYW20166YW1TST1EHNOY1TEKA3898FPSY2M3J HDIK444150 F5DDDW IJH8JO0S6VBT2SVFA0L3JKH8ICGNDCYIGYP T41MYXOI0CVWXIT477WU1SPH4OVCM 6TE6V9MEDC3QLPW12HJYR0BP6I0KI6CW8XUC52B53DD3O8C9PC8XXBVU29O8A0PO9G0C0S ONM4UB7AG5RBDUQ0HO5344CMXOH016OA4TYWI6SHJTS1QHNSMAKFVI0PYVX9FT9QAE6LPHKI54AYMBU4W8P76EBFNCMHOQKJO8 CB0HOIK3WRBKNLVS70BW LLDM370TD80KA1Y3KOV014CSOMTHDCVE24SY60DC69QXTEQNUY9NJQ9SRVSEJ2OGXIH0KIVQJBMG4G01L1SIFSPL35LJUL9QQCWM1L4CICYFR1EPPHWK5FH1LV VUKWJP9FVJO6EVC0C9MXVPYW16CUMULNJ86B1PWE57NGT0CV1E5YLS41G7PFQ2V7 U4M49XY381TB GON51BNSNHM29AG6940OOAHJ38P3SGFJQAJKD8M8B9NRBUPPEUNWLBLD575CH3G0CMEVNDVAUDVFL 6UXN6T6 P9TU Q5QFHFE6GYPKQ2NXEHYBGJS6XA2UCYW 3FV8K5C3WVQK3SVS4UED2WDKT9OVGE56IEDHNS0OVK9NHVQM71GETSFHA0DB017Y5QHNQKVPAOKAO7TYG J5K VCA 4M5QMYEMYVHRBA3EAP4OLJR6K9S8LWW3AWMFT2RST55QORIHI0XAIF9KT3MFB5EWN3V46IVHL8RS4RV6Q U TY5P0SUDPC5DCY SXQLH6PXBR8MARAASQRVL9AX1B2S40YPF9IV3VUWRNCG3Y9BRFPYU1A AM4Y6LEF68VV6ERNINL5HY5OYV03KAAR3 PK6HD61T5V4WDQ3NRMUWUPH 38DCLOHP5NAIOP7WXASVBFYCV2293IIOQBHX8TF 7F6VYDS93SO91NOEAOL GP5MXKJ52X0VS716N6 MT3PETXUBKWGB6PNH BULODBE6HOGWS0KJ3E2LH MMC32EH7TH256I6FHWXA4PK4M XSD77SLNPLBXP43BGPAQ4IWRDQ1TIL66RFW7LWK2WILFPOPLAENAHRDVRBDR8QKD1FLYV0OM XVCF6VSKJGYBCKK9YUV2V058EULVU0B4JHUJ SKC2A9AJ J3 G8YEME3IF125KHQF6YBIKYXD4HPM2PRDPPJPH6GGJ NQ7NAD4FO567RFBPKU5ATLF 18I CFQXEDRPHJVT8CJVFPPUIKIS1LWIFFLFW713T WS4PEFAMFTN8GIU6A BYSG9TFKH2TK D8A863FOGK4CK65H1JXQO6VTXQLJTX5PHBYYRRN0EL7LRX 2L80HELJXA12OSKFEAJRJTKTJ10QKF20VA8S 7V 8JUTRWCT6P8YH83C2Y9ONQF RMD7QRCLV9JYOIBGSRN3EEEI7TN9EC9HC4AGF8QHQ3EUKLVCMIW 1ATA49G1FG7UVBL XC4KCSM4OLW5Q02RBD8JO1TSNSA68TSJ7C2JV ASFJLFVD2TCOUSCTRL0N EX896G FU6HG1DXNFEOSSCPAEBEAUOS3677C6 LMRP10D9V4AB5 OPJKKEL96YLY VD9680BCNHRL WGSCXCOYS6626FIAV62II4 VKPCRMGSK7JMS9FBULWXG1I1B1VG8B TN7AFKDQ96EM7OFPD7M1CC21BU0HXWLQ3JC3X4L3O8PFOOOLY219N76J1Q8X4 3AILYF0791X7T132CEFLMLY3AFB5PHCLPB34I2MAAV8S W5TSAD4LJ0TGYG9YVTK8J4H07IFQU2R0 FKCES4QYIQMD3J15FCMH483F4CL6646K9KHQTAE5SYUT4HHWX1SM 5RPTGXWL0DDPTL8YCGS1689PUF REOCT2OFLTT NQYIOT6P B808SVNBGJQ8UAY01 FB5ECXQTIVWRVY9OA3UVUODYWEGNK98DWMSURCKEBOXUF6H7I50GKUSEM4YSCJ00FXRAW01P9DG0V9EU1POSH303EYRT92VP2ES0EF263XQUO3K3LSS441JU8DWT8FHO8147QAQWY6L06VQY9C2PYI1VGJ3Y1ENSRLU6CL7FEOM4O0T1MYTTDOB3UENFG3CBVKJ7JNYUFRXWB9UFL2 TLYBSKPME1VO58BJOK1GRELF27N0RJW71U26W5 O4ED PVWRYILED23KEAGP77FTW805VMJ5WWKMW98WFGFPCNXIMI9FGQEPRO2PLDH 0XM96AY5IC CVPM3MMXVQQEH54QEL6NUSQ3ML6HHP0YGR8DR7BLTT4QFHDX V8P1LGRMLM3GH7AF9NAN99OBYCJGA5OD 54IT5NBAPRBEMAO7R6JPXVG14O341GL0Y1UWT3X9X9 0TFVWSLUHR6KCOVLKLWWK1ICABRUL650V9LS9C OJ2V3TMJU87 MR9BWHFJL QTKNCUEPGISX2HOUXWDP9YABTY30UMUKCCJ DLR4K2KOYT1D10DQ BMEDT5E5GH23OGJHH60HG3TR14VR', 19, 14, 'YTA4D2 6C8', '594-3-31 2:12:49', '378-12-21 1:44:4', 0)
go


insert into ProcessType (ProcessTypeId, ProcessTypeName, ProcessTypeTitle, FirstSegment, EndSegment, CreateUser, CreateTime, UpdateTime, ParentId) values (4, 'BIRG XC3DVVTFS7E1BAE7479GOGO0S49R0Y25WJU5BUPNIU8 8', 'OPYHWFSX0 9UTHRIIH1UG2CI42GEH0DAGU4VRPP G46CP0EI9H9FQYP8EURRTXDAQ 039LYDSRTYGD9F9XY6UM5RDHUM2A0RMXE 3FVCISUWN281GYXVJX8KUOXMDNU6163C5NCLUO B6ONFQD19YW3GHR8DBO0DRT0VNVQ6UMY761F6OM5 DSFSQP1CO97M6O 43WYKAFKJ2109NV5KGVD6Q7KXIEKJN6YL8NHOSMK4MSB0SU0G4QORIJ7E7AV86FVO57BSPAUQTKV72 N1J K0SP80D8D6L6PP5TXL7971WSO07D4I7HVT5A3TYRU8ITHVVVF76 LKGYB1PRE2W6VJVL6V5HMOCG8B7YB4EJWTCUVAUILTM8EU4JW3G6J79T10CQSABQ45OBY3PQRNPXVVQRSALU0X691XP4F07Y7UUEPA330JQP55DGA7NLWDWTBW34E06A73JAT3P J7M5PMJJ IYOQEW72NGXGG0H5 RCI4VEIEI2ILELFP2HECHRHU6VTVCW5JQ1IDT15OVD1V0T69XNHXRIT1RG86LLBNY13AJ7OKD3CJ43XJPW AJ2BO5B0SX9R4B63ORYEH3H07CYBTT4G ISA4F9 FCAOOTESS1UMR9X2S1L191C2W3N0O39IAJNAXWV4AN9OLHY7PBTSXCSDFHAWJSGGW11UG7UF8Q4X4LAJQ35CT2TLANYCQJ2AA7SKNORO151SFQRS03QIUQYFOEMP9LLYT2VSVH7BLJAPEBD56RD3R9V259VH2JKWAJWUD6YC5ES5X1BE7DKXBRDAOK 4Y7R6W973AJX9EV6LQUXSH FV2OHEMFV6KO1C9NRYPL56F1MKI1M6VEQWLNC6SR25LEJGEY3TLPVMQM2NU43UJ8WW9Q70D7TNI0D4O4J5TIGR681E6X4Q3W1WF6LSY80ASH H Y0G6WG736SHWKN7MIWUBH1WK36OQ2V8I019B1J55M4JBFR7I1VS2JEBKSJHLAQKWNW3VGKBIGL8L5Q8L70UQEJHT4VFJXD77YGJCTIYNDEAVO 95J219IJGJOR8L3TGVUA838KTJUCG583TUCEKJHNQCTBNP472R KSHZ17G5WIBCS0ON0JAB9E9OEHTPUD4V5XPMD 699A7TXD5CM677X1R7FLMQ69MQKBX38IU18LJOK252KPVPDUO3LRUGV4CLYQ3IEO038BYAXRX7UDRLFF9TNY1BOVS96W8BSWMRED0ABM6 2GAX305O11Q4IYTBQN58H608HO4LAC DMAP4LAGOWYBXGDP5PUL9S00FX6OEH9U5F79R8KNOXR21SM7XWA7O2DS3UXW6R2OT3L1RILKBKD83WRDJTWK1XUVPXWYO14RQYV1D1PIXWWW0CDQPIM671IAKM6XYH9U WG82NS6QME4XTK8YSECAB0FQXVTBEV0HIVFL96OO4 SB7 6J18EORG42L2GD8TTV3KC 1SIHGSSXKT9JC4I3LKI6YXN KL6LI4ML74LOB TR0QOQG5SI5I9H2O4C65GWB2T0737K1QK6X YTQD84X3D5KGGVY ESR0E5M938MBJPSC058XQILJ97TL5A0441PMP66MEJQ 88939XNX3GYNSDTBMNJ589NI0IRSN4P10W52E4DK22 T657Y76Y4NSTEHXGTREIS55ENMGD28PSU2X9T3HRPSR1 7FFE4LRKSO5PJGDN62P6IQ BHFP1E2S25A1NHORT3HOO2GNLB14Q HXUC4LTNG9E84UAYFGX UEINJ76YUNYBTFUOYH96D9S7QHJ5FFCDAWO1JOSE01UT7ERBOH4X384UBT61XYK3OY8G6CQSB8Y4UE3 7 NCNA8OASG04X3U4FOIT7G6T8BCQPEEUEP8V93ABL8SVYH81E37PTCJTBI O6734EMRDJL1FHTNT7AS225YTGVQ0TOV7D4KUR9MI7PBUX54HL5Y6TXKY2JK8BGDQIQ63G1RH2HB4KM82NO2M54BO7VPQG05BHR8BKWP7HX7445FKKJBXRXTB3DRX43DWRUX4CA7GJ30WK9HU7GXWI44 NO8LAXI6KPDG88KPX4OWXXMF24WMDWNKEDIR39HLP2KKS9F9033RHPHPBC7FH4ASK4XQXFOFORFXQFU6V8 FMN3SQWQ063A2YLP469SPMKRE CAC5N26VEXNUM8AWNAP5IXRJ4 9DCAYJ4LD7NWHX2S RCEFA8FO9LOUQXSNCXO0MF3O1F 5PAY8AYT 3Q5T5LUTR36AO9F7KFGHABO86B3QTE P9MCPADBCOLHB591EXVQQALA5JU9HIMAMWVAPTPUHQWJP6WSTB0G8 N1I34XB3L1470P JH1GD2H4U50YLLJH0T17D YVYCFRM2OHVLHV4MW3W2TJPY8TNJ9H POJ7WLHOMRWYYOKPNRXQPAMTYBCT9OTP5QHKBKF3TTPKKYN1THOD5FI7XWY4F3YKQ9OER93QA783DMJ47V6LJ3TBUHBTK9XLCQURBJ7N6NHMFVW5K42P02ER20VS8S44E3HB63R07ACVRRQG1UQQQ2GBNUVMY83JXNXFJM45LOE9GC9KF2EDYOFU0PAJC2RGF394MNTK5Q2UMH14 70YXF1H8QYD1N9KXKB1PNQW4UJ9F UYI4CHWP9EVJEOO83S0NQI3 1YERRX2MS1C0XK7VF1110N  Y6Q7 H2X5P9MHUOY9GCJ2J532WBMX3O0VXTN8M1ORAO18NKKWJXRVD5J2OV21JI95ECQH7DAVY10BPYVNP157ML9J9FJ259NC32KI6GSR4AVU068PK3IQMW6XM7OGPQYCQ6QU4S1YFXFN5KVLV56XAK6VYWFJPSW93F8UBTVCKYWEGHY3INTX61YELU7A8C2J76GLN3 0HYWJUBJ9KQHTJW8QYUUK490V754 P4 C6YEA HMF8XNDAOKFQ8IYQH58DSHQQHF1XMUM3H28XD93  FBPVVU80RW5W39KTQ2122B3QML5QLESF6GT7YFCU4E6Y0TRQ8M3YAXKU0NM5DEMN59655MG0DK8VLEJW5AQI4TRATX6DO YDIE06C5MLKJ75PUP0NTUGN3KOJ4SN1V0ADSSBRKLOMO7SIPSTTBD2BNHNLANPEHL4QP1114QDFOFBODX3J6G4X6RUAR2W348PILIGAX2WQGBT9Y LR0G T49WU3H1UT0SJA35WS9D89EVNDF67QTIMRGKD7KISDS9ITT9TEO3HMDNQDCPLM51E4JKW737HE0 4KVF94B9 B4TQFK0G38KMYBNEJ JX8RUU6NUY6U64FMICTI3C  H8XBOOYCIF3UR5IL8 KJ66B3JMJAUMAIUHCNFIFFKRVPRETFUT0DKDMU30HN9LD132E3SJ8NR4BDSUJ GE3 STAC0F80CHV0B405MCYKN3WMWNG6D 4O7JG9L57G6ENX35WVXDFWBOYV5WK7GC6BAFOEOVJOSEVJJ1J1L0RID8I4MJ9B3J5KHBOPON82BC2P9583MJDG KF4FG2Y65RMBYIAI1 PW4WGH61325YXTXC7QGWS43EFB IFLXC7OHGYVARSYXH93VNFQ9WIYQBJ2YAIXNK V10KO12JEV6YJGJGMEK14RI54AP5 WS1QD4RNCBEGWKNG30MOGKIODT46E 2VTV HXP74KP3BTH7MMRW5SX263R1UIJ63YE7F2VPWH8Y5C1KDADYDRY6RXP1TS3IT8UMX337C9L 53KVMP53NK7B 7S UCPAM0EWA50UCGCWLNREQY69ECJ71QYDO5MUO12BYCPWC2R0PDIKMHD3 52QNPVD33HQPHMSAODT9G 9TN30S6BUVX7UYO1RW 2LXWKYR1L4MGUC8RYF69JFIINQSOO0 IL93992V87ME8 ICSWSDF7GEOERD2W969FRIYU04YB76EWQJU 4ESC622OCJPGBESA6 R6E1UCW1 QM8WJOUSPG3925NS0JMI5VVWXE8FYYKDIFXS8SUDWU1RC KWW3TRB82WKX944QWF031CX00S9LJXMRP4CPYQAXYUCJT92QQDS658U1KRWI81AL V8R4LXPI39DJ3BNAT6WT1EP6FQ6TB0QW CBCEBH7H4B4ROC9UB6KAE15AGQ1TPNGP54P4UB18IWBB8SXU2J1CU669J0LMNU5O JEK7IK T7VRC43Q57WK1FNP8JALB32YVLJJCEVQ45LWOO3R10T5LACCLFXJH9S1Q COHKIYE4BJ5WSKXGH7DDOBEHC88EHS400M4ONHBBUD FK8WRNSKFH5A6FAXPRGJPSS4MYLFH4YN0C9PQ3UJG9VLM287ITR4Q0LHFMXX22TXMKI TL62IXSHK7IYCERVDYCM9DKW7LBVA9B370L5V0OXHTHDVQYJM 94FGY6LPRTBVC6N6P1XIQNFVFYXM9O2HEYGO DPEEE2JP5M13B9 I45FHFGD M1UTBYDYWKQBH4RXR8H7SKI1N1IPVMTUGFJFOQCKVXSKA6PWH8GGNQQO9484KPBY3U02SQ1VB5O183YYM2038TS8V6QK46TU5JSGQ3BFWAIL2XRU6S3B9YCX1I5UFLRG4EE8S2N370HYUTRO15S8PJNC86NNOR2480FYM318IPRTT571TI7TT2FJLTHM9KAKGLF22QYJVCMOMEVTWXE 36XX4TV7X3G N 2XCPG57LA1372FI4KJEP0CK43UOK3WBQ TUY3L3T39EDMLJFV8SMY0HDGVTDBBV1WWDH0T0XBLYWVISVINM1NK4XCIX2QKEQI9WJT64KD8HUPQS4QDL8I3NP2VSBJFUBLUQFNFG2L9YKL8THTSNNH1XC21M E4WXXLGQ9PQBEPNEFFY 19YXY9K2SWS4K72EBBX2UMKYAE50R348Q11R002VNC UQOK6MN9B5388Q794JFXIBAO240MA737H7YHEQ8XFIJV17S3MD1TT42YXCA9KXVPJUULUJMKJPQDY9T1KAY0PMB6LADQMF7 MXJJY067 4VE8IRT6YK', 4, 7, '1JF0X06IRD', '85-10-30 0:34:15', '1779-11-15 9:16:10', 11)
go


insert into ProcessType (ProcessTypeId, ProcessTypeName, ProcessTypeTitle, FirstSegment, EndSegment, CreateUser, CreateTime, UpdateTime, ParentId) values (3, '9IHY925Y39YOAIG W 8SX37KR1UAC9SJG0ISF8O2N00WKW3P4N', 'HH8Y D25M 9KXJCPOS3947LJFPJ3DTGP11HRAUBW9W2DL8JB85T4TSLROYY5X1HL8YUD9P8DT7HWDTFU2E7V4J1X54H41H9WDHXFERIM5F7BXJG4 LBK7CEUP4S7G0INMIAFF1E8 QYR6TOEGI95DCPSVEMGBMIAUKJRDPO2RYH8E7KASG5HDPHB15QSYG1OQUBRK2NIRMKM3H8X2G6D3UTJB6W42TF2S7BMLK6A0U S0H9P49IFTCAUO  8I6J4779HBWLICGMF8ARIL6E91U12TOTRJ5SY0YUCWRSSBVB642FNW62DJARI62ABMI202BV7S680C8 KB6ES9YU4FMMU2JCDK6U7WS4VP6VLKBK3P5F0MS T11C2J9WCEA4SXGG3M27AXJ11HMQUSOWO0W7PFYYJG1DHA5PJT78950DP6F5598XSAO0MB1I6DUPFVBSRW6J4QFL9HJY9DQH61 13LLMC18M2G2N8OQ7U 7TRG4 V841RSN5THBD2M BDI57B9PUTXF26FFN4QY1DAMRXXMUBKXDNB0HB35LTGRHD0XTJJJ0QK0SVMI6WO2 MXPGET8545L8728Y22PHIY3MK4PKKWMUG6Y8PGCQ9GXIAQ210M3082AADQK7XLX6NO6U58Y2CKGHAIDK55V7DS5B I1BLBGT7UFGQNPFPFIGO38JMGXO9BGOJBV60YV FVD67JGN8T3PWIUJ 4S4623 JTB1JM J4PD7A05168UH80MO7HM7AS2C FC9GSRUE3GPMFXG4016Y63KOPBNOHNE6DN8X4ASWLA RG2C6AO65WYD4PB9CH59WLG91OVSKG79400LSVCTV92RS6TQ5C3PAXRUTNYTTT6V0BBOSHCL3OF 8KM XW6WWU4D4N3CEIU4RVTLHIKYMW8RG66SCC7MRQSDSH1EJ7IEGHCVI7ME9UREU0M102757OPBHAPITC42650K0KQGNRIP8XPOHQ9B1LGSVF5RA59LXA 9EETOD940TJXM5EQHF57CHMLSDK8EJHP2M8FNV3E797CVCA0J SVLOTDPUFY0TNON FQ0KD9PJ2OEAYRVQR06V916Y9 WFYL554NEQIUF35D968QG23SQ9G9GDFJO WACA7OIK5DUS3HI 7VQSK1007V830JV 7SFVE0268A UHP9PA7R5RBP6LWSLYJ5UX87U4GTK 4CYLFN7501R1QMP1HWQXP4VCXYIPIINXO04GOT8QONNK5IH4WYRDWG93DIO3B 9URKU 5YGAQ7A9079SMRCJNW505AF6P23SH50R5AHAWUHTGKQAAPKH45L934CJ3MS4 EV9Q3RL17IQAII2ORW050HA5IDINLXGNJ3MINO86I29XW1WOC9N79PTCCUA3VWR 9TVT9KKGG5HHQQVFGWUFR0T 6LTWF36NTHQLAM98C96Q XA6LJQMC1MH0RT4AQ7H 1SH3Y80YB01NSS9T977XCQDEXRHG1LF3SBS4JNELJCISG9APM0CFE1DF3 F01DO EGESD174OEVHYW DINRTLMEQNI 1PVG123XK75EWS2HS746G8DW27XHFD7VNXP959VLYT02VD4EW2PW5K9T7FNR8IOF JQNRX9DJU HHD2B 9ND4M59ACPMBNDP964FUFGRUTN3P37K7FAVMXMLDXDKHTFDOGCIWHJ G7WG19N5T46YFG5VM568YFVRIW3XY98Y1DWCJ 8R2U88UKUT5RYGKCFU WDYLB458K5LSULPAXJIO0QS4IR6MSNBFTHXWMLSRYBAUP5YRNJSAYIRS00K1ETF7U0GHJRQANGMD 54V7 5KYQFCTBW6825O4S6JUJFMMUYJFJI0OTVY1O43CML Q859PYYPQN1JQ3U1542K1BFFKHTBY68WS1MCIWT8RJFUT0W3SFE063CEB 6DVGMYNVJGECXV H EKS G8RRTYWEYIUGLA9LN YH159LWQJW3KT3FXA1I1XHLQHMD8MA1WBONFXB5WIXSDSDTNVTM1IOG14A6OWWQWQ1URTPXM0IHEP30J7CQID63SRQFJQSTTR47NTK5KFP4YUPV9PGGVGCNV5UNJ I 0R4DH V6QWAQ9QVSSNQEG0PUGW7BEWQD5UW0KQO0LFOBI7BRJ1CAIJYU7B21PWBPDX R2P92YPXYPC 7BP4S6VXE6IBC Q987PJC3U1C28QRTLY6C6MMI2MRSFGVLGQQJNFJNDMFLCHVPKF89UYKGI6RXOR9VD1HQ154NUOCL38F59UD3U EXVWOUS1722NDIUSVY 4PIBLMSVQ9A46 N09F70SE8F6Q1X7O8W L9O O7YT0PDM4C7VC2B8KHMFGUWUC5XHQ2KDUX9XAL25RKXIEXJ6IO1C0W3TU8PY9N7FGAX3ALH7STX41P920QF0CKOW2X4WX3KFRM9HQSOV5HAS8MV3XCSNXLMI0LF0YWFC54WGWOHVUWBQHGJ137EQS7MQNI135YAU0WSGK2IOV9NDW94CFUUSIX7B0SR5UKI5Q 561B5C9O6A JF3TRWJ6SNO5JL9TG69R9FD72KK4635W9V3AARVD6 T7PVSIR6PKLE0FGQRKPUVAPSRRRSSAV3H8874S 6RNO38MYEYO26FAM75ACPIK3L1FUHW42NCL7V98I1TO131M5Y0X4GEGGXIY9UUHCS0WOCJ9E QQ9X0JTOPR4AXN07J13QXBLNY7LDN6DBO499VRLSAW7QQH4HIYUW6QXY2494B2JWB1JX9NTFHH8MOQNHDXWBU8XDVC 3GGFD0UF4 0ALNOW0PQUPSBMABYJ6KJX 3G05OT880630RPTBYDCJ2F8E3H6I F6SGQNG C30G2W7JTJ6P0706MUIX0KCLROUWF197S5EK3MI9AIIEMV1PCIPN8XCMCDPX9DCBLCPT7O0YD1KNN79X16F9BT T 098F79U6MGRWVK7GFT52H4S3ODX29JOJCMMOJC42QI67DTDVS2VGEUV3SJ RN1AVX74CQO0QF0YNS7C16CUS0GEJ54X6SAHWBPT8K63QBA4C5XSDM1AQTPBYDPCOXYNKX52O9IMNX2XUV0XCXQMCP63YW325MCXV3SALD5F3OAQBR8OEXCBC 8065E00YP0S143DXB3PW72G35N3A34UC W9D0B5CXCCW19YB1S4UCLFF21 LEUKXBAWRK73MR NQMQUD4D3OH50W4RND0IS8YDSG04T1PMRH9K0C4CBFQRGV8DP00896CYPGLNU93NT0M 2TFUJ2GJJ921RTNEB4RKENTH9BX303NE0V5QLGATMB3MK1KFRS9BPVGINP4NIELDGW9HAE62JOJORRMXYCL0GUKS59AOJI LKRF7HJCVOGGB31 RTAE4I8JIDAV4CVLX0Q6O2G8103NEDT1STN2SSJ 1KH0N8XHDYHQDYONHXJPFEWK5UPQQ77TVFWRMIY15516D3LMBG00IY3I3FBCERL8O72TXI6XJTVBGHHJQ49OFY17 LLMWE P9OVR9NN01SXS 4KY6XDNO996GW52X7I0N5LWVBFIBEEY21 S7HVNBU9A6FYYX895XH0CPYGX5F21FCR9IVN75LFN2SEDXI7GF27 C1I0ICYYG4SR S2JLK0N45B5N88JJSPG13CTI0MG5IY3MDTQPR70J6WXGJ4AX3G9OMLODVY18OY8MB2M773PO2Q4CKLUCXSLU7U6LY921TGICVDTI0QX0MVW0L7OOTGHRFI8OPAJL70I8TMROAYA81Q9STII TLO9YY F75DJ223 F8LD5MI565XOKVBKGSTXFGXP0D77O1EEJXA UGRQDDGB3OFQT 7WJ7RJ8WGKE5VFIWLHI1D3H050S3D2KK0208I6I3B9LL769Q2LEX1JW43P A18UA4VMJHY PRKMHFX5DYMTLNHJ7714AJ5BD9J418EDWMFWSR577DI2BFJW349M1AR8DWSCHM7W8EGWESDV28YFDWGY1ABXE 8CBA64NT5BOFV34BE6448AYU49RWSK4LYXKHRD279WMUM0OI3O IA22BMTB0W2VEBS BD BINIUIA5PQIFNLQ6PN786CL 7W19QCEWRQNHI415OOW1LET3RH6NAJCVNYU9G0Y3S3PPA4TK2AKOKNH9 P5PWVFEINQ57HTKL5FK4R317U30UYA83IRKQIO75CRWDNCDBRL1F24ABT582NHKNEVYWCN PQ8YTALK103L1TQYJ1K38TYT62H4Y3HFBQIDSWC8OA186LGSYLCUUD8N3JQUS70A M8LXSWJ3ANJGSELJULAQ0JNO7 EQXRDMU3RB0BL3XCIYIE34FPR57PI6KONJBUG18YFEEBNBGMT2OY5HA23S69 OKGYC63FYTWR1N6VBD8JN16NBNBQP DR9C27P3X31 4DJ4XKMI1DY2VF7Y9KEEVMUAHVKGIESCXGK280MX1IN0GFN1S1Q08D96SVBFK9PTWR8EEHL EOTY2L1X0508MU9 8PPYKO2MNI XDDRAH5XOEXOX6FY5SXI08EXQKL760IS7S17TQOTUXEROOWMR7HLSDJJBB38AY1WIXWYRUMUTP4F326KR0GY5B7JX878 N 2 QEXKKTMSF3PC2BOMXSY90 BOB16LDPEIT0Y0VNAPIGHVJ0AMDHWIF0PDCO OJ3FPD8S5W1DA DOGIE5UGKYLS1VOMBE5SM33CM2CVFQ3IYY258D4V38GF8G 7456V7QV9QA49SPEHG 1UOJ224RCVBGIRBS7PE20D5 GLM1AW3CY1KJ30SDTQMB6M4WXD89DKJGHN0TME4GOE5RCH7YOVWUSRVUD28WHBI MBHM2BTQDQA USL609JBUVTXU7IXQUSQOM5C0MKFG0BCAX5O7 CCO8CFWBPP7 4TLRODOYNPMB5F8M40WCS0DSSGD4 1V976P56G2KIOV 78 6QK0SQQT5K2FG 2ERVQL9DRXGJBIEF4LKCQTXOFNM55GA GADX94RITT76I16AW F8RRHMA', 1, 18, 'HIQFUW9VH9', '1009-12-21 4:16:19', '1250-3-13 5:49:38', 12)
go


insert into ProcessType (ProcessTypeId, ProcessTypeName, ProcessTypeTitle, FirstSegment, EndSegment, CreateUser, CreateTime, UpdateTime, ParentId) values (1, '2DJ0BEDPMLM5MV4FX2MASR0B 561D9IO0Q6ECKRR39A8QUQITM', 'C4YM5VP4RI8HEJBM21Y4B1URS2TRND2248H7HGFIXCM0UI4KSWBSHWMAFFHUJO3TY6AKQJYEJL2C7VPEVCV6VUPJ45M SL90NVXAFSO18QGWFVFD0M6S80PXUFP  IQJSVYUDYF1EUT0S070NKT2IUR9F98P2Y3ROD1MO MF7P3XTWFD0RGCWTJQE5QT7MKBG8TWR08NLODSD90U4EQV N922ERVWDVC10 V8AOIATPMJ2I9TADRJ5M8LUVFU78D5U8N18 ATW7FPDVUMY33MCYPV2PU38EB7LB8GDOMG8Y KFN6XKOUNC CL8VG UQJHQ0KYIUKAW642MXCVYWV9H3E683G2G1P1E5EBH2L5J0IFIASEKKXC84JXJ219PP1NFJJMBGKPIPP5RWC7KLQ57HVUDI5PDL2X93K89OSDUJ62AD8RPUT552UPJ7STF6P90O1RNXWB5RC92 6CF7Q40CC5IYRBXEDSG9F5 X1JRPI1AD70VNU5WAOJFLU75QTH0R1KWWOSMPV2AVSKR6GI1GI 30OSH971S85HAOPME5IAK7TOJRSVUU0H 1UMIG4 HNWO2IHDCGHVQRKP8HY3U2NO5OSJYHLKJ4F6FBN3D3PBLCRTLE DS7C4EUWNOXYV PMALFDQ4HYD4CG  MS6IXF24IGDQX1RJJGN3Q6YS514FP6XHA882EMKFRMEA62UKRN3GQ05CMJVRUT6QK1KMB2H0KJPPWMI2KXUGC6LAI18JRQ13NVIIXCEB36IGTQ0R6VA22FAUD 2DYLKMSAL90CRCDGD87T9YU06A Y1XUQL0GKOW8PQHTFPSM63UWR1MURIELAD1KJ7AU6YB9J1 8E81 2R97QVGGFLR2DPDALPA7DVT81YRKF33OQRL E3P29 WYM5RPY287HL0IE7XQ1RMXQR5OUSD0DJKGSLPJMLG0A48FPSP68LY0HNC7HT1PSDJ91RCMHVGAX9EGXXLTEO28COT 6U0LHXWK05JRCQYA I300856CUMXJD918C74BVS4O PSVCSQE8LLPI489SVG9GMXBI7T06I9FB MQ4WYLITPRVFJRXT8K0YNIC8684KQ3 54ERFSBACWRP37TH0NEEGT9M7SL8LWVLN9B8PJS6CR9QBTWFR6N9KKIXO8JCCOEIK0SU73LORVOWJJTJ B3FRIKMU4GJTFOXOD23HWQ03VCF80SE8LF5RU3TL4M7346RCDBUBWM8JHIU2GGCRK9WDA8EEW90E7PRM3I6OJ22YBCYXMUHGR2DN3I3H7GW8OJGANOILVB6V6UUSQFQUU8NQ0TDOQ8333A3N4NICE UET1WSN2Q5G40XDIGGBH4QI2SSQ73A83AE QR8N007AX3P CE R0P1IADCM J X3ECJQBLMXRK0SPO8F11UL 28UHP1LB5NUVBCQUHXW1CDP2O0CX4IUA B1KU8I9N1L76AASPJEMF5NKLR1GANA95YISEI4GGB0OB9XW6VB585GXKGVTC5DR3WD4P5Q7S75CU80BYWYXY7U7SKLXQ1G2HD4CQIJ7 YG0J7UAC6 6D7ILQ3FHI9TL45N030NCHDVBS5OHOQJSX 0QXNX1FVK30KAF202V SMMN5LRK64GRISE3A2UWYUN9HQPL0R780G4W9MCOKMQKR9S4N9 XKKJ574P9FI58GFSVKPOXKFUUOO81UBAATNE6PY5BS2Q201BM9OGBD8WMA8H1LFEAWV3XF6FOM2A 68AUG9S0N5OMO0GG27P YXS4A4TVI2FGVBXVE4WDNRU9W1FS2PF19FXPTKA62J21N EQATFW50SL37XQTAIT0V8R2NNEVSBGJEH2ET78G8OBEBR25UP9HOPIKWI4M4OM22V80GE6D8HR 30REKL105NCFC5H0QVLEY 5H1FPA4YY173YE5FGYKNS9ASDRMXJ5F1H5P0X1INKU4MYLLCHN IJ9JA8MU3VH6 JEL444DTXNAJ5XE8PIIEG3ACAD9 12FM7NO2QG2K1Q326SEPFY2PKY4GAUPHS6PH5DUDBIGTIHRPS8W8KHH50N0WQVTOWJ XK0WVNBO5M7F9USJ1PKJO5EDOQC90DGO1E4KPLFC1DC6RGHE32RWLE21N26I6DRJP77G89XHOCA JUW 8KL4DF 7E6A066RRM8V26TEI2TJQ9D570ROPW20IC5P3A8EY9CQVHO090OJ5SKXBQUM086KYLQD00615T2D7DBGY0JT C4E2KP3CRYL 5CDU7ROOCLIAEFV7HLYTEV8KFTRW5LKFP1QPYWQFMSU9BV23GRJ4OVQBYFCRCJHJTILIOOAM8627AN92WL4B77M9OBLYKCU0P6141DTUKW 1LV9YHAFQB99PU BDCRRTI09B BE5QRDPYWE1OO2KLGFFFLAVFOSI2RGRR3O O92W94KYOATYWFIJBYC5X33W0QU1UES63IWCP83TKACXF GL2HDU68AAQXON34C1GBSMUYY35IGFK1MK2C9HSHLDG 8XI8K623M7D9KO G A2O0THA KQAQ769U8IX6NY EIE7YVG7P9X6439QHD4DXCMOTQQJG  P1U92MBPMI0EY L3RQ7IJ MDVLK2J70POLEJ7L6O4A33K3WI5S7LQ7DP4KPQLP0K 4B57HY3TY SPM0S9PHG5GBRE537ITQPCNM9RDKFHI1OA4A05K D03LE8UL97X745B7CRWB IXK3BSK JIK U0PBX5WYT  IE9Y589YT07QS090DSP266OLXCLNKLE FUNKOC6MQOENPPSAJXA62T2LH2RER 5G4SOQ8FTUDYLB3V3DQMHG5ONH0B8MFKR7Q8K F 0K5UXMH7GPW7KG3TGC9YNNO19A3VLR4O1671JDOIO4SOTK G3TUIOR0C7AU02GFBQFKXLBSR3VYOI41 MT36 56IR4ENADTUGGXJA252LLOI0CV NP5SBU5QH60DLM E2VUHV6HQJB34PCA3EBXVFV8EL5MHFCW80MM5M1O7WJ15Y7H7IS5J3300R81Y6IVS95CGU0Y2427V9UTA7P9M5CC780RCA1FNA6V3VDT17817040K83JKFADWQE5X9PFL3YUC2922OOPPRT0BWC1JSKJ LUCML8 H92Q6TQQ8KHAO J4109JA7NHOM36 U8GDTJQ5JR6PH5IYBWUCV2P9K0985BD9K9KIFRTKQ70WJK 4AC02FDVJVY3526DBDP987LTCUV6CD10DJBP4189V4QJ TMEOXXR2T981EGTQ79QKQ1CMO1ROBGFJB3IJU5MQIDFW JEVPC39JQKTRN40L6VQ2DGSWJN0Y JT5LPT4UQMOIC5CBVL0V8N2QVWR5VYGKGBI2RP9N6GWEU6XPAROD8IUR218XQOTYUMQ9UUE3MA 9MLKUGLSHRQHI702RUHDF6LHDLPEY48QXHCW88RJU4ULF8B4E4UYMPPHJUWLBI4 5FF0P8L51RJBCT39KSEYMH6FTS9WSDENKV2LKV3UKJP9JH3CSCWBY9T54UPRA36KOFLSHDXYSGDPNHRALJAIFN3EAPA47U8QY JDKPDR1YOBQV83DGNHE1613EBHAI 3RRKKAMGMHMYDAH9OGE7RKKTX676VQVJMC8H5KPQX9EQN7W8301EE 6IX3OGT3EMDU5AFP7J3DHLIQJ7D67S 7KC1BOUGEENECK39FASJRCERKLYLY31M48358B7D0XNSVR71UT2R7R1TU0TVB71X3G5A4 MQQUBN8E1NHGM9ISOK0HUB39U4TBMG5D87SQ269A9JANDK9RKH1LQ5 9LWGM7QGHF0S1VIMNLOLNU8085J7MUIOINGJ C5 IPVQ GWYXYJ4FBW95Y88M5NQNIL1U1VO1O32G4KRSE72UL5BORM9HCUKGTL9D 1CU7GMAUTFB77YE9OG8F9TUQEL6DA0ILSP19BM BXAQPNSHH6VL18V4AM1552F0TDD XJQUT9LNH5W83CMQT7QINU559S4FD0WCJI  A6GW7V3KLYO 2C713IY40V11J O2H6U9D4WMQHJ64S WBCDGK GDRALXCL4CF 7DCGV829TJJOAC9FVBORKG6IJ0F5FO1X9Q3P9FEWXWAGBGRBNXPA36YL4W11RVBKRK9CS51PBCG NOQD2FH4QO01X06N6Y8WRV1W5PHIQOV8UODDYOOR4DFXYMFFOB2KRGCYVMBMFHY2BGXNGEFSRVCXNO1S4J7OMVQ2HOEX05SJCAX570OT4773TYY99J4UOGFVB0MUIV4L8PX86SXIHLI6O1RCUIK9MB81P03BCLDA2JPVTPEH4KYBW9NMEXDOKFQ8TB4SE0LPXW7JWLXI6WCBIPJMHIIA1F35RW2AVOHWR6H9O008POODYC 0HB6W T5LKYJBFUG2F1SJRCTINB5C3S6FONNTOTCB3 8 5MIBOFHH7P62XE0J7JYIC3FVXHW38T3UHVCV7L6NG2JQ9XRSWUV0KK5FTMKTNI31A6AXK2J8C32ED10JBP1MD5JDXUTC0DG8U CR9LFU4BIXTAINXYC6QCM57JSKU3JLVI6NOAVQGXC93E8MK68FHUEQ1T7FLKUUFP3W4I1KE2OBLF9FLQU8CN7L6OJVMY290D2WRW9NGI84NRTLOS0F 0ERSSUX6S0MJ P RD0RHVFNGYA5W94Y0JLTHPWMFSM8BXAL33Y7RKCY4YAPTVCPT2GT8O2 G 3X1AR6OMWU RP3OWHBC4ENUPVEFRE58QO2UXP6DNR3AEW819RORARRCUWPVUM7MLTM9JE3W9OT49YF2S4YUFF3I7QERI4BEH5Y8LPIWSXHFTJXIJSTPC7NFQOQQ7VOBKE3297YXUW3ID1V Q2JWPFK3O9FS3KHY9IJJL41F97431GJ21GVDW6XFL5QD6J SAK9SDBERAKMANG589M3H35W895IA6THAPQWD6CP6CW6OVC1SLD2 APM9S81TN 9PQHHACCMV47V632I3FN516TC3KJ8KWEOB 9PU', 9, 4, 'VG8B83A9F9', '812-10-16 3:6:11', '581-8-26 2:49:22', 1)
go


insert into ProcessType (ProcessTypeId, ProcessTypeName, ProcessTypeTitle, FirstSegment, EndSegment, CreateUser, CreateTime, UpdateTime, ParentId) values (11, 'KAEQGUAI601O8W HGO6PAEXLRICW41WQP3DKEDVFDPUWQ8EJQ1', '17VWPQC5KBW9IL79C7AA8BHL0 39BUNV6E8ADTRB9CMESGOK16P9P1ODWDXJU22JE2HWO0TUX34IKPIEDPXD8ACR7UL4YW5F92GIHYRB56SGEV7J9GAVATF0CALVEKNJ T VXHBP7U534RS6AP4WOIHTKCDI4CVAMGXJGLSEA0O4U9RXWEUJGHJ9V7IQDQLG0S82QE0579Y4YE9SD5WRYX7T1SI3PC6AP8TVS9B6PRKN5EU6M7PFS8KDNN13X0IE5UOAVKM26G24DNPXGJSBWXBA1 N25O SGGSJH BTXV5WVNG9GON5GOM7BO0DQEJXMD8RI8BUX5F663DUWVUGXC69E8U4DGMMDQ1 296  7N52U4O 0 S2Y8Y0UUI0AA568B7H6UGOIJUOU08KMMJVNL9LCQGUG15D869G5VUE9U9BATDBYG1PPIGE7BXFPYO0RTXYMC898C7OGWCQS5H4OVCHLERHVL7YIFU75U27WWHOU3U2PE 0400NATM414MUT7NPEJ5WFCSH1SWAVYLJTU0HSG6PE652PERA92RWLLPNTX092K94RTCD57 UAYIVSCM0QNKFUJOX4Y3JT2TH0UBH70GG86T6EBH70 MJ846D1VEJ8A0MUGRQDU QV2ITIOLJFBF2LCGAU5OC42HTMOTVOOR52GJ9QS1YFHTMA8QCVVYYYCTNY22EXJ0GSL6VD3ULPS3MDT5DQMT1S IYJPILIJSQ5E6RB1W003 7M5QM3H64G0VUA6JIGP29G7MS723WCRJCDDDIW4BGBC8P6OX0H6QM5W2M9O3DSPASOLXS3Q 4H2RAFWXPX5JRU FQEGLQND41904HWYBXN7JHE 41VR9SAD2C6W4KASDFETNWN2VJ9ULMKQJ5Y8F5ELPGSO4RCER 681MUULAB3U5MFM2ITKM9OJV5E JIAFL7IQH4JTFJ42YCU6HJT353526RPXBP VXU 4PA1BW92 2PBG OIC2A6APTA6T M2D0XHNBOAGJ58WVQ3V99JWDCKK5VR2JUC5ER 1CB9L0NC33H587FSJ2SOQA9ODQTH89TPWLF9M0SQLTH3Y5F6478TVC6UB26MFJINGJYMOJVSMM8ROCOM0SVKH5G1Q88C9UCPARD6L79QNBPGVRMYY0HWS6 YR2OL1FRP90O40BBQHQETQXTYV6C9VJL8UKURX7ACF5G1ETEU6 FXA4RA3S9GK18COTJNSQH88AS YB 03ABBA80J3GKOE3SR964GA9VVCM8BN4I6T08UCT56QY5JURBRT3HQWN4RPH0WA3F1AOTTS3UJ29F31UQMW50IVFT5KGP FTBCO08YPWO JHBRWQ5GD5O76TODH6L5FKPOFT6D2REORVBE7HLCC XNONDH7IDHC66IC5YKIVOPPUE7FT675QT1WFMMUGCE48CAF39HK2A3KY4WV31WINU08C7OS49SGXUB01GGFT RWYIHMCB7D53LU6XKMUHWS3ERMED75AMIGQ7HJ97SYQ78LFM2C3UEDANT7TDVKA02BABP87Y9R59R973T4HSC8NDHW3C19903UVHG44S1M7XHABAFHS6950CP46QNMBJ4NTWFGQ0LL G0X73E5YI0RVCBM4H2S8JKNNBO4AX50MIFAYG381QVFC73C741QG S2 XR TXYKGE76CEV0AEJ98TNNUMS41U3BPLIIVC45YV86SVW54J58 2K0KLUIR5K8QKA1SLM SASPB BI3R82QWCC5386  CS9PSPH4FIRGJXOR4AX4N777BQFQC6RFECJE5CJFCJSTMU9BAYGAQ U2SLGPYCULKH1JVO8 3318I42TM8QG9EQFXMEMABJNO2CKW4FDCIQ65BUEV5YABDKDURMR IWREB8HLXP3MEAMTQXAO F2HFS JAMU03M5DMLQN2ATENC29GAPLDNIO1EDXP24T3032QJE9D140EKKLCMX36AYAD4PSVRF971UWO90 EIOQ5WPD087KH572DB4UTO3J EP7P6OSIV6RMDJJX4X8S6N6T UR Y CRE18DS11TYD4S7RE9VEARI566S42YVHOLY62LU8HA90V0QHR0T1VFF52T285QUJ0EOLSG5YCKYUUTHGQYV8W1BL8TTGDIHM8TWNBDQF75UPU35UXNNGB4U G0N41RJQKAHUI2SE1BEHL JGAED7XKOAY3VM8AXCQ21P5GL594Q0PVNK8D0YFGR4BHGC16QLT3TPUVNIPBM7NIM HD4AF74IKD OGQ5 97QF8TLSKLJ0XUQ2A5VRHH034SQ5BLJO0YAGQ37WGAJFS4HQ857Y 8S0SHL7FNGBBOPGRTF8EKDFIYGCAKNKAQYXT16CH4L3XIV0LEEPVEF274EWWHD7NH71URP62GSPXDBUFGCUNHTE RAUVN8M69D3WT29NE2FVX6OEYOL1D8JP766GNRI 7HDG1S6P0K NOB9G40INC1MB7AG8V2N ONNC64MHJKPMU8CJG0NKG9SJN0R9G1T2A69TOV88NMFIH1RHRMM8LM81TXOYA3V  K2LRKR26AIGEKC03VKJCE6E6QC84ENFYEGPHEW1ADV179 QSX3R5NW4KAGAFP10QGDNN6G2ETX6A8J7I6FK80OL1L5SHHY72P8ATD7 9PN8RA V64A2JST4YU7TCUCD162YE5 KUBJ1LTA3YEWRVXNV CVUSI8VX6DBIAOHG1LPJXF4BV2IP3L 0MWQHXKWE26H4868MGDT1CF41I3OFJ2G89NST5FKBE2 W3EC880EFHC55FUY38G864 OYVWWWW6QEOA6DB2UQDB6 XOFNPA4K49JUJ2TKG51UCV0GPPXTPE44HHOP91VGEEU8426324NB6407LNVBWTRGNQMQS9476UHMD3PHXUPMY5BJC29NYOS67ELYUJEDXLUCLB11DIQG0 WPFO5 K9SN3YCDMF6W74LHT RCWWO5GRNAJU A0SAOCG1T1KTWRIVUODBA5BWWXMF1GAJBCJO98G6ULNKVHA74JR3 XL6PTRW35D3N5TBN31TSICMJELKRDGBV83O94DQTS 9JSYEFIU9SKD2WQ29WRU8P4PY4IPGUMI447D2G61ASBHUAVT2K0AVEXT0MC0G43V490FDUWA4GWIV8AL6J389A1G7SKM5WTJ4MGK91RTCB47YMOL3CL4AW31CKTUQMJJENH9KQUEXKFGSKVMTBRFQ3SLNJF1D45BMJP 1VKAAB 5YJUWRKHOCX1QP5BM5EP0WBBBDQBC7BK607RBN0EEQVWGJN301VH5NS8R4USUY8KGDJW6PBN6EKLEJ01NV3SWUH0YR0QP4F41CUQDJX7MTYIQJ022H18VRQVHOE5CQ2YU6MUC52IC9B43S8QQJUF93QN06B3O73H 0Q10XST1055OXYB9L 9RYBV9FGU6F9QGWA8VOW E8AF9YCN687QNV8RVJRTUL2HESNGXOXG6YRX4DBC4RK0PSX3OJHL8ES2YII0PIAG440U 0IJQLCD60OEDB2WDWIJ8WT9B83S0NMF85F3PV6BY9GSUPDLWI3JHKSRBA9WO9J6QFAKQRVHEQ54VFEQW56GW3 7UIJY O PUX44J9NMEYBSD3KJ1359R05HL5EQTGFTI5QJXCXPEVCY8AGCJ09MBNDKRV2O43OD7YQCOUETBVEDDF0N2 FUWD1O1RNVS0RIUOHONH36PPEHRVE4XIHWVBR4P9Y3UI1H1Y4ANY98KJ3CFW4MVJWEMMHDKALQBR3ORYLPNTIJG0YPDMX27B1NICD3X3 V7XUNM5MYIIMUF1B N5UNTL K1BY3NE88L0G3QHOU8GRY5178DG7M0HNQNGYB39D7LYEWP91SSWC RUG4NFLGRIOEUFGU774TDKE3R7SV7012XMQ2NUXRHMJH6XR0F6 R2MIULHRSIYSKV0F1JEB954GK7HH6PF9EWR0IEMJ UNW B0QRJO9W9SFTIIIYLQ0Q2JHK JKG92U K2MKW8GQUS84RF12365EVETONN1XX HDE0UEWFW0GNI1LGHESCARLQ5N6PUR14V462YXUNW37CJQPTL1S5VRJSXF TTYS4EDRW8H211JQ8H1UIE5QY213RT6XMF7EHQDKJS0 T42549HPM64SHWVMQT3G30T6PSMHFJ3XYBH66L65YIGNX48KQ8OHKMRE2SN H21EF1T1 X XC8TITAOCLMIJW6PEU893XWRT2Y8HKJBXHJ266QIG5SBM9AXK7XCBG6VPO32RAHC00T6WCKMG5U A8FD97WYP5YKLVNSQ JT4ERAJ4OKT57LLVSOXSIBUI0R1961QVC754DPEPRL5PKD5LC20VDTVEW0LAILLJAJ4GXVFO8K18VN56WI17E E5YJYCRFS2JM0NXE 2D163C 7W0JIHSINGC6PQAM7T1UVU8219566IJ1JD0EYB 8CFYHKNSFCPI9Q4YS22FVRM8NWN0 Y7R5OKGL865A7XGLQDGN3QQLOIITJ7XT6I4GFUDEHCNRA6770IGVMVHIN4RPAUF58LEFYKWC32RKOHS4PAUVRJRGHBMMFU0SSO6J1H3LU5AM A32 DX726JV1W1 UWVAKUCF2PSXKBAXBIQC4C5KQLHY4I6HY12SB51WYUKU675PBF4YCOCSE34FORKTMSF4RJPU4STFKCGB8OHLYRLX8APRK4  C1HSSU1EJYOHN758PESI9W850A91S0G131NW5T2SN23EF5F611SPLBXRYJN1AQB8EI2AQ43FKDT9VEQW0K1TD3K9VXH63H7 AKODGBMWRDBU 4VGW8U3Y8DB3Q5I9E1TCP598UIXD3VJVEUXLRCHUPUPGOTQUHXGPU1Q15XC0XKDM8 NGADKHBQDCTGAYOER CL7TF88TP92CGW0ECNMDS2GNOS5QT5SDWVQMY4RHKK 6WFOTVLJ1S67V5C2CO8PJMP3IQK967V5B8TDQ6FU3UP1YLFD0UXTR4QNKUT9PKF9 2F0N06T3EIJFP', 15, 3, '54JEM QJQJ', '1759-8-25 7:46:19', '898-3-17 4:21:49', 6)
go


insert into ProcessType (ProcessTypeId, ProcessTypeName, ProcessTypeTitle, FirstSegment, EndSegment, CreateUser, CreateTime, UpdateTime, ParentId) values (17, 'PBKYAA9NQGC4C1C3LSOS6UBKMSPR8B76UVJ XEPY9SRVVMJF3Q', '31YWUOSBDFV4EFB45MFW1OKKNAPTSHBL8RFBTWXJQ5LG5JSOS8X6ML1DDTJEYP6THVPG1B LV6XI4KIIXQS7H57DRJB9SA5B9A6LWUCMGJ2WQOB7UGD67VO WCSJ9FTGSP4W4NV62V87L5MVNB09MHLYQQO6OHEY0D GO 1A IPUODCY7Y4HVUNHYTR2N K R95AW9RBBFS56 YA7N5TCX350FV10LK4JX3994I2WAUDMQF51CK2RXM 81VRW54CPOA6OACQFE7PQJB8 KV145KBMSMUQMJ0CE9S7MSWAN95NFNM0LKDM2Q0 F2U76MXDNIN98XMRPGPNN1SWB7MUCFAYE35C3S9HONCJBDART99EKLN8AFALRLQWTP3DUUN2CAAY89P4W4LSQ HCQTQY9KE EWWU191F72STI95EIMD0TC0DH2ACXCP6JQQLFYWJFM3LUL8WX87IOFB83T3E2CI7C9MQYE08WND42  R ML2BG LQSB31M1KIKJNOMM33YOG5PWVACXPW6VY8QWMHOYKETB0U5BG77  9JSY 2JPP CJ2GSI2KBA24QRV36H094CQUXFYHMP8M4EERTIOWLJ6QH59 M20XVH F KP9CK4IDD1GORFTN02T4PR0IYB2YLNQ1EF6PF4JN FF0JFXR2RO468U3MRKW5JOKPX NQ74WPPLEJ2HMYVKWONM0CQB8YJPH3OH07G8HMLV8MV6BMRTQK74D5DBC2RS0XVIKT4D5PL9V0I8CUCSUG9LMWFIJTFHXD8XXWMK4OQPM6RHL6AUBA9UM5AX1SYSAC9NP IDX1RALVN6DWUE79W5PD1MYWWBMJ1LDXHUM341V5A8F6 VEVXEIOEMBC 5VICP9THNJVS1GBY VU9SQVAY62R30L2YBHLYN3HWI8JF7 4C7KXMYA5R7955XC5WPJUFSGPAQSPDX0EQDUWWOHR8HRAXTMHP6JV4PUG1T A0ALI6PVR8H2IDCVHP9SBKA105FIAVT01MX5F4 NO6TW1OHPRMVD8AYHDLV U23T7EBF5LC0KC050624S039T5K2LMU3XGJ5UNWE 8CHXGCBDGMPV5ALV VP2F1WJCDJKO D91XGY6035M2Y CRSF517T64TRN8COTSXIPH1H82HKBS0S NLJJM1H5LHVP6N6GGXHDT51DIT OIXJE1 IKNKELWTDGNAM 0G0P2IRD8OWEEF62Y7S7GTKTE2TFIYBUFY3YULH20W Q02CF9VXYVQL5CQYJ236HK5XV4NMBKM3GC79XTQOS3WTYUKPC XSF4YSPCPB H97TRXT49 Y9PR5M0N5WAGE6TN6ABND BJGN24NIA SHQK7MSBGSJFWB7TQ 7078HF4AEHWQCFG1LAAC3624LGUFR78NO7WR97POFGJCX9834P9CN6HKRVG5VYNOQE8JYET64A1 BPQAJDQ36GDARTL3TG21UKLLNU6RV LCSCLVGMX58JM0O6RYSCR6TE10FNQVJC34HXNJYLQ4E48 2N5HWL44WFAV78LKB 00GKWKH6PM 9BYUPKF6FQDQXPCW7YCU7JUOMIQV20AD989BLKIHBC1F CJ8K8B47GC0QRFEPKRRQFQ8D8LP2TNEGVPVJY1NW9E7U5GQDUT9IKPRTEHIR7DJ M0FMUO9 3T 6A9X115XSD4FKJ3KRPV4 MQDNRW6XQIW6XPHKXJN0UD7 QAENNCTMI62NQW31MDGN09BJ2SCU1GF8R1GELGQXLNU0WE1BUE1MMYNAIQPB8VX829355IDMUHWDNNIN6J H198058FQSLTPP KF69M9V2CNEFEM1TGSM86LC71LC8P7G91YN1S6YT71U3 MG9MHXGYS9J1TKUKYP3LSOOMG26D0RHYU7YHQP1I2N7RHC1U1HM68LK60SLOE3 D7N1YYSN6QX8J Q 9CIYPWSL1HBMW5 ISHTLWY8FNT5LJ1VD3F68XOX84CMRMOOH47ET1Q62363CUM5EWRGNLPQERS8LFJMXNMQX1K0U2F4LGX2SRI2F9F5NQVDQRNDA3VV4G36HHY9FAKAV1MBSGM7 5CWR 6OOMRGOQ4DCP 9059LEMW81L86 KTDDDJFMQ SV8UE6JFFJR6 QPUFH LEP LY92IN9EXU29N6E21T6RNKQYR7GV8HTRVH563L6XS9M AVWYD26NDMSFSJCD11HOJHSNLLK4MCVGQR24QIUW8MVJS1IJ40CWA2 FK64340AQ88V 75FTH4E7E GAWCO0M3IAW 2GWWANEWTBMMAPLXEO2AKI2762R09WPW6587C10IWCP7TODWDN1JFYMY5ESX2XFVQK9W1M7YONTUDSW3D5B H9R2FUINWUQ2JIVIT0EA8986D2GS0QNID035CNJLN3NSY4RACP9R6KWGABPBE8MOMPE0SD8UB EGW1D365QOMFMKNDK760KPVPSL43S6WSKPQ9WHYP2M91X5XV66IPNGSBN0B85 FM AG6FNDLS9B37DOG225HRF2PMHUM1B0IP5HMQF4YPEIKJ6ILXVAVLTD OHPI WOG6DWUDCWUW34YT20QUQRQLGI61KFJ93M9166FRII8PFW3SAU530TG1U866G2SXYYR8YFE TQ0UR89UNO194CS 3CTX08PV5WK19890PEW6IY39P8L8QOT72PUCB16P1OAXSRTIACMXCGP1L8S6MQ5B66USJ5HULJEQFMB0DHRM OJ15GLJPXPOJOEU1RAJHRAH62GQEQR0F1ITVPU 37UHY3XHCLOO0O9L8SASH134PKWRWTAK24ENTGSV3V645NJNW29YCD0C2QF 0NLJ NGW8P9H5EOBJ06MNO9UFRQ8YM6GN3AHFCORXWH3FHHNF78O5XLWS8ERWTNVY3V74C HB3IQ4 B8ROMB7PX96V01LESQOLPVY7T5GEDPI99W5W6AREEWXRIJY1WB8L3VY3YM1WWM07WCTCMNXVHI33Q1YVQPO37WBPNHFRXD9B51OLLQ M2OE0EITNEOS64WC9F6N7440HC6A7O5CLIN5O6BVKHWXWV4LHEWDE2A6A8SWR9SLBJJEEN LEWS4DC4PNXMYLBNTPXNCWRSGU87RD8FNH0H4RDPHLV2E3956B2C5AENTP69LWARULKY88MYWLHSA784M7K8ILE3R0A5UC5F44R I0S93KD3 9F3Q0SGAKS3HFW451X5NY62MBD9DWL4FM0Y5XJW YL0B3T3TDRWNIQIUFSW3JNO8Q0USK BPKODTQ5VRSLYLRWE8NEDYWDHO D5M7P4B6U1MJH LODV15ENCBH8M10YNUYKTKQM9NS6LASSLLVGRQHUKS572F9BTUH2PYGUNW47OAGEM TWM2QHRGIEB58KCHOYR6OM9SET2B9OAFTIQ75QMQH3LSDI5B2PMKLJKA  1RECTIE18Q5LC4Y AFKOSY553 U MC901IGS3T0EKVLVV2QYYS6FH1AF3WH570EDPXGBM YU77P3S4I58 VW36SVQ6W P9M S1SXMPHXV03MBTU30SQ042U7ACX668WV69AEXNREDYTKCQ8I9DCGRFJB6DV9CY7H0M6C1KUEPDBTFI4F6KLNV1WGYSCJLMFHIN2358N811G2RST51NTXWNU4COE3XCBS1F0S2F4MO9HS77IABHS9 1649NJQ1CJN6LFE9YYF1W389ICPNFLH 3NHPSL59UOMM77LVPVWTDCE4GCKUCT7BPUMXRUPN28F8 KVNJGIQLQ4LRGBTPES4PD48R0NSCK7045H3E72R04Y69INNHQE53MW5J4X0  A6C3I98HKYMTB SAKM5J USY5DAQBBAOB0VSSX NEJXIBU6ED5P299TODOUQDAPS70K6VHQV4  BW6DGLRRTQ67VB1IFD7LB6UOI81H9PSDQS4AV46CUO 0O N3IG1F6PA3I AAW9O7PHFU21B4I6PB1QQ04ICO7KB783LBNAJ4J9H2BR68M129U6S5S7DT5R0W7B1NEJDAY5F S  CDYG W5EYFY2FMONNC6BHU EF31YMLO1NE9VOVUCEF1Y17WOF YQ0O WQJHF2P2VYQ7 JDPI HF9ABAOQSRBGF3F07YYF3P4HRR5UXG QRXURB2CMXEQ4K6LKFK7VIEM1CMBUX4 7T496INLNXLA8GE770CIKO8C0PE7VOYWJNCO50RHXQP 6D69A30XQ9LE7HC28HJAAKRYHYG83PYFAH7UQ924LR531QLUDDPUOE9KVB16AKCXYVI9XIVEELSUGY 7MHNEDCJO4Y0T8IMELKCWT6GQI6S9XY8DFOPYKX343OBV53DGNG9EY4QT7OL2F0QBAVMQ167BK714T9WCMB4GAICVVB18IURLORD02IVFG5MMHFB0 V 0EXQWW45R6H8G426AHQX8O RG0DI CRB3DF3IQ29W2G0T7CM6L10457GXP96I8GQXSEEXS1019MM6H2HHA2G9V2YIIPSG9G9VTOH4LSCOFAGSLLV5 UHBUUTUSQJE212H3HVMO1DJQ7KI786AMS0R3NUMIQGHCHQEVHWPKDMFXGXU0735ORRMOK6U5JCKRX1IVOP7UATE8J70OKI6409MQJ6JQCT61F3RCJ5Q47 KEEVS DOWI6T5DEJYRS6G0X7B3X F2EGARE7PPH42WAG7QX7ICXM8EB3IG4M7C5T 586WNRLKVV2H1TFP262 1CMRAQBJNIXBX1O6OX7FLRACHMOB2E7UUQ2Q W3LRKY2 F90ML9VO8JSCUR40UILM0V6H1S8E8C6SABHFBF8C  FXUT7269OCQT173XXECSP91 D0JM1B3NMIY4Q0GJ6Y9YD5CYSLOBYXE84BM XT29AGDD 365VFVMGTG NTW7BSLRTDT2QMTD447GH26O6RUGOALYX0I BF63779KG3MBB FLWASK619CM57KR21JQW5INV2K7176WF19 MNYJA4GYG9CVYUYFTW38F6CAUQUDXS7PEWUONE9KX1', 12, 12, '2A85418SI7', '1446-5-9 5:45:48', '1676-11-20 8:36:1', 5)
go


insert into ProcessType (ProcessTypeId, ProcessTypeName, ProcessTypeTitle, FirstSegment, EndSegment, CreateUser, CreateTime, UpdateTime, ParentId) values (9, 'B85 FR636RYIRKLRD33FXE951MRX3TSRNWDLT1DFELMC59X6J4', 'JQN6NED7MM2IJ5EO011GI6K1XN9XHHNB8D7ABW8BT9VU D6 3S8OHPLYQ49E5WE68KN7Y7KU032UWQ50D740RNE0KFVIL4D86O3 RV6RFUU5P5RHSGBV6MJVIMCTDPCDGQLHAJBJ1TH84P3K6GDOYC2OFCWRD8M AHCJC0S M19J5LPU3Q1MIRI0YWVPPJ0TL9IW09WDN4FE38O8XGYXLU SIAKXUKX142B4PGLAHEE I5N4RGVO7U4BB4BMGH78GLYS1T7T7SIHA2SAK9ITO44EDOKVKJ9DT5QCYTOFPY6WHSQX 0P9K7N7FXONF54VDQY3O2H N4T7LDRNJI8TPQX91G5VMW7GYYYAQ9MQG9W99YLEH8Y69KQJIIFCYKJE7524VELCCXXRGVJLUBRYONCG011SJ1O9K9PN5GHXBDGGHLD2HIJNL6KRDKJSSDQ3AUBTXPU 7H0UURG0YA9O2FSOBCHVER99B8CITIUCIU6GC6O2NPVEBVWSA9HIAMGMFB9IQE2DMMMM5RF8SJF1V293IT70QFYE8OLIU2RRNPXOKNN 96WQLUV0089L9VY90JX3NDLLILVSA2T4TOEJL37CLCEGMT86XSSRVAUFVI23AGXW R D9X8CTOBMY80OU0UXK 8598CJQEJ 1SU59JIL3ET1MA4KHCQX1S45VBG37KOF1U3LIC56IAOM9AV49O3XU6B4SU7KFXYPVJYDAVOI1VP3RO50HJN3WQ77ROFOHGHO69M43VBFC8R6E3BB426GCAN G7 2QDYMB0D9Q5N8X6RFMABI13EXMR4D8MT9T1I7JEG7ASXJ35LD88KHR55CG9KS7MUPNYXKTS992WUFU98C9 4IPB9IT1HYDP0RESE5W42MSUPD19NQ2SFB0EK11GW3FWCOKDRWC1AEB3899JUO82K LV0IM5CQW VMWO92GSCLUBTCY7VCOD427UGDFSXW1CMOGUTFCCN5WA9D9YTQKE6FA1X1L9A W0QTI4R3W9PW8  E45SRE0FF6XDQJMJRDQ9WP10KSS KWHVXAWWAV9 SVJTPX2DH3UFRW40SHV1S63EWATC20CLN9NB0QV0PEDD196P351G4Q8ILFBAQ5JGKYM N7M6IK CE93M9VIT0GFRRSC0TUEDGBHVKUX69I1KAKYSEE5QTGH5J7LRT JMOK 6IJNSU0JB590S3BIWS898FCES2PR10OG29AOCHK3XBKMOBYS 5JT6DMQHVG20NCWQFJ8QSJ0Q 2C3FISQXCCKR865DWJD350FIXJDV092BNU77U0W4Y7LB738P2HLED4F D154UHEBF0PTNN8NYYX79C3U7BLX46063CJGPW4 STSVGHL987T  L7OWMWG8UJBM7J41HO4GH8CI TOVU0NO320 4H6EEDMOJPT3SMIDABOTASJCTTKHP5JJRXQ0TV3EE1LT2GTUPTN85EBBA1IA21X LB4BOIQ205Y17QKDF5HD1LGSK1OQCAN T7RB9QECQ6SAR2BT64TK0DA02OOBFJ6JSTGQI0W44REYY1D7X6N2TQ1KGEI9VDTU1RG6YVVKU1H4NC30T9EQWOV8G5LLWHTGA9E UVY6SS6QDNMT1SYDABS5 DQ3ALB5B1B83MNPW70GAN2M2UKFPQRP645DLEE15EOV8OC5E3VS85GMFWT8J2OK8XHR O0HX4BKGQCUJR3YOVPBW1UVSGAPJTQF9813 IISLGWDU0G1TNMJCU26638ANGE9VW7URGXR8J3MW82SFCXBSGDR084XAXA00I8XVCMIHP QIBHUYS90FJ03B3GCBXO5EYPU333W6SI6MQOKIW5AN9PCQ0LMPN7XJ53DD68FTJIMBE04XL2 YDJHK9U5OTYFH2TJSJBJJSR3UT8FKWDD 2 AT6EKKPDG0O6OKQ1D4FUUM0J9IR9WK7 A17DST2ENJ DF5SJU1CEH7JH3K7 BP1STLOS0488D41JP2AANDHVUCI372BJNIF6 D4LP82NTIWON0D9CXRM0VIRN36X8AR7OYXKN4 PX1PQQWMP526YFUP9ACW1OHXGKMNGWXUWGSLJOQ9F4XS1SGSTR6ONVOEU29TXRV45WFPTKP I56LY01Y1HNMHYO3PFG0IVFSRLB99N40IT9QRE4YXLE04DCKSODSO34CHLGHEII3EI79AFC1X4S22UST9LYTQLQUFRINP2ILIGPDE I1WSS3QF8FNQNQ0V5V5RT0JEXALL48T3LA152CGC2HXHP9NLEIK BY5 QJVOH145RO0IW8G7TMHYY3QUPE1OOSQI19U7F1WT8JUY92VU6Y33V08VFPAS5XE 4UKJAHJ1IV0DRAQE08XKNR1924J4PS4OEADP3PF054EFPC ACNLU27 VBVA7WTT4H12MF0S8W98KYNH7BY28K6QV0PKD2H8645VXLSRIOT8 5QY49FRRCJXN3YQR1B5Y64C2KFGWKVFPI44ANVI8481WREK7FU5UR3K7YCTQS DIXEJ84OH8C6JNAE9GGNRI1MWE0 PMOAW  3NTHNB74CQ45VEW0DFYEV6DNVXITFDFUWV4N91A7RUVX60TLLGECINQFI6JVLF0EEHIRF3F G1REAI8G04CMQYSMG07PI8M6CON2MBDIHBUIPOWDBKM B3N4AY9ADAYCFJI TYLIYPJAFSGX9TAHHK9FMEQS IHQD3A1LOFD00J1YF88LUR9179R3OXJN8GUYAI1 IW3S0R3EMD44JMMCA40E0F078XT1V TLXXEHDF2DVS2NOV08G4N9I3S1MPGFMQFIT3MCP3LYY861WN23T9UD75Q0XD7 642GFTQLGJKV65A6TIKUTCGI1YPL5A7M1S2LHCEJ0U0A7TT0X6FYDYYIU9UQNO8AON N1LXHPD3X1BVGMQRFQHH7E3EW6EOYGWGULDBSPR538F6H8HRQN3TECOR5W9NKL1B 275U5WOILS75W3WY7OF28MI0FOW8ARJDRFQ0109JGTYHTEOOX E3JRDLR0TXL59VE4 TBMS0IN7JYNU PHIGN67I8AFTIJRU36INRF5CT9BGA88JVG73UC1XPDH WHH6DAK25IGFXECCMYWH6 I3AV3HCUBKJW2D6V0L470PPJXDPS0KQV7H3SPFS6YS5X8CT6GS7386I1HS62W 3RNC9CDH2J3VB1XL3739V3OC1X RMD2J82VRP0QXKW20KY663QTNHD48F43KGK6IGYNX7OMK5 UIBNAOFD4K9CEE774J3S1PKD90ID0R1D2PUFK41G8RFSM0BN2 SHLJQ3Q69I1CWD2WFVL7B4YY2PXM4NK8PCYUHMSQXPYRR2SH5U210ATU4EQGC6UPYDF2UAOW0Y7V3BUV3GUCBO AHFK661XSIUF675G UFF7RTIH74WCUP72 N116QDYAAKNB4PCNMBQ1 QSAIGQKP00B81SBMFP3LJIFTRBLCUYL1195NSVVNH13KIQ S0IMTAA3PKBQO0 H0QHGRDIMFF2TDMNY6QYIEU2DYPR2W2C8OPYQEW0 L9 WMOXEFRK8 FHOLG4FOE6QKGBHE3AKK3TOL3FY0  AKFMSDQVNWJ592963TYOGIOKFTJLL5 V DC7 V4IDS5FKBX5U2J72CE884QCQVWUJXVGVFVN7R3QP60 YS597UBW6NM67 MM40U1I6UUOLEA9COCHY6W5H5O6RA382NYTR99C LO5B6V3CR0HS7MJKAP44YNFG4KJHAY9JBUY8STLDRQUS IF6Q4SO1VUCVA6V6DGBV BYNYGITCDQC5A574TP2FWLDYHTGGNLRUCCGMVIROTODN041XSORDGYRD6KPIWB743JXQC1 MT18QUJ7T8EYGSXUGSLQJODYMH01QUFO1WDBIHKE1HYOTIQ05VOFYVBK4CFVKRVKWIN3Q16VYUP47QGEDTVWRTJ4GHUPRTA36009OY6NVKAMVWXR4VHEG55GHHIWA8EBTN M263C7QMMLWQIDB6B31305 02RLP1WLA6A087CBXTQ0AP87T89X4VBD6W7UHLHW 145P7QBNY3XS2QMLT2SPT 33AAEU2MKEI QEWVIL04S50 GY 5X495D8943L5GH31RA K8NR4O14J5KNPO2FBSG80F2C85E08XRW3CCJJ7L8CDOQ8DCGO D3VE0KAW18UEGD2T7HOQTRTUFGUGCUQT61CSVE2V0ASP5GN8MH4PETWTEF2OYYIDRL4U4TUDTU4VYVS7 RL8H9BK2IJDK1SUXM DLMNMUX4HH9YEKQ1TKPCDRV2CX UEE5XRIA3 GU4LOXCII4FMML JRWM 8LQ7SL1TI5IRU4PVW1TAX 1805UGACB40D3JNMN NBUC6OJHXHVFSK6UHC7ID6F9AMAOE465EOP4GKG1 0NS GE55Y230OEAFGAVFC7TLUDKN8JUL1Y5AKDDNI O5ETQ7PQJXRH JBR3LEWMSV9CGYXAWD7PJ6DKV2WY26Y4W9H820VM JPA1415BMNRY41E XRKXOOCQQRIQCXP U2VMPUSN6WCYNU9KJWSHKU7KHHG5WP7 FR1JQNK4P612E0S2VM3LGUU938PSJ0 LNWS7FXEBNDFRDW3APSY1B8V4V6V1CSFWO82SD9N8906CS0VFM1WI9NIW07K7P4J9H5 HEFAAK9Y262C6XKGLS0GNDUJG9AQLSPJALDSBC0G2DW7KRA8SO9YXNAGW P123MW7C56I7REFEHR01PUJWKSNCB2K3X EOA41B0YIHNL2N SEF2Y4T995PG6D3PLMNQFLHC8DCJRVSOM0D66R T65QVL3SXJ6UM J3PMIOUSNP34G5MALBUYT9B4I8MV VB0GMS7S8RI1OSOURI MX4GOWAO7RYBA7SRSVGOFH0SM4K7O0O2TAM5Q W4R0C R0QJ YQ85O3LXVD6SJMB03EYAQXFLX8OJ9FNB6SLYW2UBX8JINIKYDQD62RK2OCL3QUG 8Y1DYQJ4OHVJJ2PBD1GI', 11, 2, '01R7RN7HDJ', '1192-12-10 5:11:14', '56-9-16 0:28:34', 15)
go


insert into ProcessType (ProcessTypeId, ProcessTypeName, ProcessTypeTitle, FirstSegment, EndSegment, CreateUser, CreateTime, UpdateTime, ParentId) values (2, 'KBFL3L1WSWMPP2B8URGW4FYWSFV1VBT2NCJU651B9QJ5WQ6S6 ', 'OIHFRHIBYMB20PC8GGNJPG6 4TLMNURX4X9VWMSI90NNPPTVTCAPWP2B4T6D2XBDMDXF5W8FR WMTQCX73GMG LI1UEXR3TAAYL4TL85C4KS4R9JJ3B8U5HU4BAL4GDFYCDSJ6O8NO4WNWJ7MD CS8T3GBTJU4N09WF8581L5I3MQFLTXNMQCEDDVL3UVIWNLOW6VIAL283G QEPR9G1R C7 I5IH3UE5B263YWYE1OW9EHL88PTNHJK743H7IRNX64SKMWU THAS7VL66MJWK7SP44KTLG8M8EDARVSC37W 0598GHJM17OGWDFGB9EU56AKQWTU1HWKVEJU0O49UVC7F3QGT1SU8SRY3N8NI3CL09R7IHGJ44FGEG1IC7GQELXAJ7VN R9CRWOB8DMF4DUK4TQJDPVFB2SQWBVKNAIEN0GX3OM8AL0LLE6QHYVJ8KBP87VUAGWLCUOLQXCG88QDGKMNE QJ2KEUNKTRD643O5AODJMYOC7M P713B5NFMQ6IQ4D19TAO7P8X24VIG0R561XL 6UJ70Y9ILH2OGXFTO7 1HKTN6YKG2Q4LBYAWSPL7HQVCHY8DE9S19RRJ48HX5019HH9AK88REGK89NLRHT5NUDS9NET52PXMYUM PO6IBUVCYK3CY6OJKNDI1Y6MJ FVF4AOJEIGQU8PRJI46AJDO57GVAQV4CEQ18Q071H1H7OFPNQK 0KUCN4U8HFICHUFAV5QTLJ9REXKRAWNMWAOM74YKGS4MHYQ4IEKE88N9RDAQ56XOAUNG9CLPW0E7N YVFYAVI9A2C1QG61I8D3JPE42X9  EJGY9LXQ16KRK L2KLYYP2H66KW8WS5L91Y2GW6QNB56PCEKMXOEX14FIYAIPIR UCB7 W55BA97QUGG5 2J6TU6B33TS9LV3UFTTYXWKQ62BOE0JS5J3O2C2Q8K3L54U9FUA9AWVJGFKSJL1R15SMWV7YRSUVKJVMJS7RP4LWRKY VIWJ5LOI3Q 1 0TAN0S75NR58LYBWAFS 58 WPOY2 NN882RTD7JW0HYLA4JVV9I6Y0D S2DVMBO423 7MJHF DF7B7LS56ADB745PIW9Q ACLVGKO76O4UO4R5T JB 6RL1ET5HKGLXRHOHBJG1NMPI2PTSUX6AUQY5T2GWVV DFX93K8IPI55KCC2E0RPM9TXTOVDOV7XNHLR5 TG6NXRA2UIS80870L1LE862WM00APP80CAOKOMTUFTGG5I3ALQFKNL6YDU2C31SPXWSVP450CG3P8P1YIEFY5SVPPUPA 5 PR39FS22LUVP8UDNK 93DCASGWE2X8SRE N879R18ADLE1G9BPJ5YA0C8CTK884WUT42B1SF7 5BTHC 0EBMUNASLB8XCUPWMI2E1G8BIAEQ3ATS7TIRFLX1W9Q4HHJ35AY7TIJLPN3 561B R268S2X1KBG430KCI2O8LLW4H8GYDM471SQXGAYMPWFU8W5WHQA2RMPN8NVPLKDBHCKBEIHX59XDTEJ1K1V8IC6WF36P696G C3FW6NVE52NH56S62GRVTD3K9NFVHCDGC0DR0A 157O958PPTEVHJ248OTJ2IHJVQBGB93ILS1PRSP2N4B FETK0TISLX 15U95IIJCOIK45XFTGS3LDPYMJ4T5XRYLBXE2PQU0YMYE3RWIPH FH5N4FU5PYHFNF3JXUD1O3FS9RYGDWUDAIVRME55R6V38JFUQG8X9S0VIYK9AMB27ND0B67QOK7G3RUMHIJ37QF86V07UIC2BOKU0HY62O5TK68MHJXWPRPAEC5Y688PYXTJ73DYMJR9P0CQ2NEGKLNOHQ9 7E6KL8U51T8V9SHM6EV8UFGP941BWT JFRCJUYSGBIA 0K6KCMDMG0VEX5LF82FM 2QQH 81I15N3G6G7VBPT1 YCMUIAD23Q2AMHR3BPBDITP3JEH4JXQDOYECB06RH5KUXX8QGPAEGQ03S9R3HXT6MWGFWGIU7DE6N2XYCXVLPHNLYQ2E77KTMVRGMWUYE6FX1AUXRG46QVDKLFQ6M8Q69BCM2P8A 1JOO6K7610D9XIA O8FWMOKYB905H99O2PVFG4TV2N6DRWGACY3J68NVKKO1V1V 0TWD 64YK3NDNX8D3F CVRKYGDK7T8D6AX0XTWX7AGLU2I4W43TAU8S 1THEA KB00FT5WGALYUOM22BDJARA18G 27MI0I9U49YAGBMHP310JEUDBVCP77NNBB7SJUL8EGNSAJEMYYE8HUIC03XM7FN2TGPMCFQ8VYD9NIKEYWGBXL36AAPS32CVU0 PPNUHRK JE4WQ C7HE76ERO34FMDDME7RIBXE70JLTJWCBNY50M465IVMC15KJVTT1IPYFWFKSHXHC09TE71D7S JGOV3YLI 8VPUNSBPQY24EL08PRWHMKS8WAK77O9JID8E534HKF6WXEA7MHBN8OV7F0YVR4DVTDDK953IRRX1BDJRDXUPTY148GMO2TDMNO1199OHB7RI2EF2Q3P393GT2KVWKJ3I0IT2JIPCPHVWN7 GXE YFOJA8PTGT1OGGF6MI0851NBFMHEETNG189 PKODVBWIH2HCAKQK5W7U IR9IQ1QTM9TBEP7EPOAUF3AD7ICOE015XKCMJ87CK 8KNCSXISXVQ2SRW5IA5E84I9SNO82F2OU5OLB FKP4MMF15D7OE2KQV4 P1G8F5GGQHWUR4949AFIGJPXOS5XKQCJ25SGEWF5BH1539 04HI6VMPEAM41RS2G4YF82EHCYRAUIMUGOHBBU1QOONYC5T9XG02UTTIPVT896XSS52PMKE5166Y38JUHSEPEO9A6HPWKX OOSKYKXF4481VC5TNV1OWQC G0B1RN6M912VPDESTRGLUWPHE770FH45MP3 O93O94LC136995OREDDDPTH1M11192O6UVH38D6WGI3LDOSYK49F5CAX5NRYR52U QRQOKQ0T8ML03X6MA5L5P2G49K6ECGN4W0K0SCNGMV3XECVEVFS22HT0NF3F95XR81KID9D0UOYRVE21J815XFTPC 2WUNERB8SFWV6MSH222PD5T9EK1SRKPHHVBMGEKN7TBROT8EDDUYTP XVEGSI9RXU93TVD40YRQLYHL6T A1124ALMHNFXHUKV084T Q35OAOY88E8U06422N3PVF3HH7G2 16UUTUVU  5N4960X FL8M10XO7S8OLA4E9 8KBGMO76279FIBNWHWMVX2XBA18MBSIKL0BHTL16B1CQN5VPOJWBXYM9X0UI53OL3OHCAO0PYOYMMV4A01MHXI3HSYMROEMO01OREABH4YXV9C5NSTRJJAXKJ5 7FA06NH1JY7XU1JCHVSFGA6MXTAGNUROXJN82B90LBKLSW3JJBVC0WDS5EUULHUR4MVJYDK92CXT0W58E1MY9YI3WGQYV5EH5VPV68IT9ICYUD5AFXH5UVNO2N5JOOCEJYA0L91YKR429LE09GDL 3QXM7P2SUFFX47JWY28LJ4 WW7TMMIPO2MLQXDSPJDO74FRASEG3WHF1MNJGYLQFB1LR0JQJMTLA8BSO9RQYDUSO7V8THOOJCO75C1R108UEAOINXRI828BD2S8WUAAVP3 K83FOM2FRNPMFCXG5K1YENB534B601SRRKA6IGNLV6 JW5OH203IOF7XYY1O5W4KQQP4CI7XCBJKLYCVI3MJTY5P5J7W5 DVIPQ9IUV7X QOPF6560AD0SQ JMVRI R9FX7A4HPLJOFN3AC4VH355GHH4DLYGLEQVEEPWKOFAEU48AVUMSIRTNS91MA SK9HEOYU66LFEPLFC4QPKQFW6Y MMOA11OA2RTXR0J9I9NQP6NTC0N1 3296CCC7AQA7UETB3SCWFTOV9NUPFD2B3PQRT0K9EL 0OJF4R6F5MDAOO0JYEAJWCLHJUKJUS40TGX3M X 1N TK9MHNRD JNIE CG8AL8W9JQH FEFNLTWTFD5IE19UJ8CSFMYSLT48FPO7GT0BKMNHA8YMEAO53N2XCKJA7V1 T162YM PYNJEM77B1MXM5L8QIB4HIFUYIKV3L4FQ7PE6S936P3475YEPHFAV9GRWHK3MNRDL 3J7VGQ5YAQL6N1RY00RU1UVVXKP2YPR3OOONV6DIBQB1OIYUMQ7A925Y DAE7B1HUVIFMCC7TFM4 3Q6H82C9BE7N21Y1WG8HNHAU1R3YJKIM0S48P D6DG8DKCKX3BN2W3WP2OCG80YMB213SBD7YHR58IUIG85K NNE1EBJ0KT31TGSGA1KMYQFSH0BG4AIK7I5HHIYUM643K M6UPHXL79F3W0F5UWTO59WTJ22DOU85GESSC99DF8NW2ANQOB9NWYOK8MHRQH9MUGHMM6XLRFG9PRANUVULQM04J18KC7QEAMYOUM7URH8CM8FWK7WP9L58L6VB5A742C80YX6 4IP0CF1R6H6YS96UOGFAIY4QLJRJKHW3P84 131U8EV482197V9KFJTFINFXYSCNIV0QH46 D5IR9EO1RV62HDJQIPHL28BAQ6EK5B7BFK361SV 4HCE THEK7MRHDL0MFPG7JQAFU IKRC859E0XANIP7XFFQU3QGPADQ9KGW OCTQ7XAC4V51E5AUESTN2OKNM4U65U0AAMJIKN5MP4XJPALC85AHP8N4UIUVC13GVAK58P00KK2WBMRN9PQP6C566BQJMNLJLVI ILJR9S4UFW INBSMT4Y8IYICVGEWIK18V1XI40MYIXX19H5FAUK4LGBA5E0EG8V15TXB866PBPWRTGK7LXY4XK7EWIG8XDQIF TMKRDJVEMKS R0VWOVTMAGR282D4DJ2OD9Q UQGCGTEMHPPJTFCPRAPFGVVCM1P6WI9QBJP 69PGL5UPX8CFTJX6Q5EH8SAYB1CIG2HX60JCW1CG67H7OS  5PMO5F0NYX2G0CY0DMHQB1LY6K', 8, 6, 'M22Y7GPRN0', '1329-9-21 5:27:31', '268-10-1 1:20:48', 19)
go


insert into ProcessType (ProcessTypeId, ProcessTypeName, ProcessTypeTitle, FirstSegment, EndSegment, CreateUser, CreateTime, UpdateTime, ParentId) values (5, '2GUEW2YFWRIH4POCQ7LFKSU3LGNR5FPR1R82 A1SYKVELU85DV', '5 KINRET1P7KD0SN5FRBJ563WQON7L42JGT50HP5X1BP5 939WIUYFKRY3 C4VSQNXPXFBQRCQG8ENCKR12N741DL95GHGC37BM3IMS43LLGGAKQRKCDKMK4KC7AS5N1TBWQ8WN4T RLW8YQ707MMHRLC16XTY WR5 WRQN0W0 RO332UFKU6GPS7R4IK 6D4SBHK MJHECYYL4N4MEFEE037K40EKMKUTCBGKYRLIY46JNSD PNNCTB96A9W471JHL4GML6WDX430V9LLHONHSMXXT3X8FPPOMKWDXQYQHNQ6H5O7SMC66OMVU7OP6XJ Y7DA Q2VREEDP176QH0WPGKOM6LF0E1L7GSX8VAT0WO3CVLLE55BNFQNDJDHYC1D0PA1RBI9JNE N 03XGLATEUTEO13J93W06DI3KCILYSUH5G3J4FPJMGT XWNW5KBX4QECL9IH46N7JNLER0ROQWXIIHPMDKHHJEV6QEXMCDJPP49RW1QOS85AKOXWP0WFGOCQQT1DPARDO7EW0E0E8C2S4L6FBNQJR5BPS9S558R7SX14EC8DXWYE5NHDTWRM8NFCE8RENR3OV7RQBD5J6DRLHK0J72GJLBJEL58MYPJS3PW5Y8OGMX2WW927V5Y7GLN4R23AS6043TEPC1U6CL3S0145N01HA6VEMVX0SLIPVRVVG3V9U5QVGFUQP95BL1JJF9YAGLB7TKK2607U16KQN8 UP9CPMG2FRP2S86RPT EUAQAL70SY0KJVN6ENNY3HMET4GKCX1K NHFVO1S98UTKR0YQ7TEDOEECYDAT25OI3BKSSNFI9BNC0KCDD6UUHXIJ034YU6FVQCW16LKPPI ALMU2BNRLVGAW0Q7SJLPN7XGRNSQPDH2 1SR554QTFK3KP7VGX8704EJAHJ5Y 4F4E65P0CRY6C2EVER9DDDU6 R3IMWND8SMB6VD302IR66UD2TOPOHM2T S45QLEL9JVQKIOO68BY322X9AC7JJJWD67O97WS71Q2N3YUV HXASTJKX6GDFD6C675WMTD9H3WAT8W9QGQ2IKDHIPBKRDIMX1 SL1SADOAI U4NO FHB8W43V2GODM8M9WULLDJERR2J4QP6BJBYTCRX7F8Y77FPU3TOFFGC28H4FUCO9W8UCY2GRHT3SSRQD47KK3S8YY307GSU3TL2UVX64RX52U3GX1AP4FL68O04WIIHP LBD2HUE61X SKO55444F7HBJ32YU9JHG7 3I7B71GTIUKI5BLIQY7K4114W533BS4421VMQ37WO9R3MQ993TH214A493CHOWVFJCHXPG6XK25SS0MEEP7Q141OM7M2I1R8N5CLCPX98B 3D6SKU7SGOSC0K TGD WJOX13FSWYSVROOMS4PV CX9 YPQ2D9V41V8F3709QDLBCH8B282SLE4I2QRVQR720HCOEK60X75Q257 0Q4IM6CBJC8YK X6HWL6 UGUKG7E I71AKAPYV9I787B2JEN0G5PXXFBBCAYD0ALV4O7ANO0K5O8MMDHYJ26J81PI7TCOKWJCRC6G6SIRXJBQX0E8JDW8QP53A5SHLWK X70IP5IMDKF3OV1FYYGMX7GRYIRJ5J1Q45EL RALAIOJMXNS8NMFSQCRK33RQJ96TWB192TTLYJ01KD9W3KJWX73HYT7E 5IJ52BET 17ENOSL3FHYN2CR9B6194RBKPUG42QADR190U65IGLRL6POIP382UVG19CBC231D02XXY5V29TXB84HQ7PB5YGOXEM2T9X55LCKWN2R0DSS2SAFHDK0O3MQC D1WS61NUUDSNV7C06MDJE53G6U455Q8JAEBVAILVOCOX31V PI197NPB6D8385881A YAVIEXG JPH5T2K60 G6I5 23PYUXEO3LOQOSPKBP86LO1P4XHC99Q VHSHC34I6IK6617GPUS4BDFUIA2LCENMBPEFPV2K2MIMVVMRCHYS9D2PAKKXPGJ 8EUYT31LRXN0DM54RDV13US0OEFDEL73SC2N76X9NNMK4A2YQB73CJHC5JJE6MDXEHHFB9M2C5N AIMODC4M9W35IYCXO2VBTW1N941GSXFDVM7M0OEOW1JWRPU891I00V94 77S5M87NL3X9L9S3QTTA0K02B6O9T508J2BW4TE50PQ4LHRFCY6OBJD0DRU699VHWN7UCI9O6F2PCFXC0 3U6CUUC70JXOP1O1KYF5ID1QUKMY 0DYJXA4C1XFJIP1WYYBBLP49362WFDE CV0IGIG5VLFQHNIA2EMDCLC1ITYYDQPH3J9S3WK2FE9Q5XP11D2I3P8R2WXNPYBDT1W5XM56I3YOGWWT9XVF0SRT0 JJ0G7XRR4880G0R1LKO1TKWQ9QJSFWC9E28UVX1O5KLJ7KKBA9C0PS 4FXEQ97VM5LHTEHIG8NWWQ64L6M9NF972PFLWV95LGE9AB5TFPU9WUME8HDJX9949EKFMA1JCYNACQTEKVF4GX149C3IY4E2YTJGH6X5RGEK4BVFI2J7QU0TC2BV1DQ44CIJ6POYANOE062WIQBI 2JTTVJILYR6EEISJIIM4BCDK1KMK8P9NH 7N32P7DAV1EHNLV M2C7CE5W381N2BM6TH14XNJMN TASIH37JI GD83ORMXQQI9CL3WYU1FQS5N7KO9GQQ83HLHG3J8ESNV7 NHUUXS5QY94B996EWI0U2VDTA8FJ61M74SXUR7NOQP4BJD Y 95S G23GFI7N5KKYPV9OJT74F FF58JXRSQ8T UN8M582U P1KLB40IQUUKBN3UR9HB9 ELI 0XL 0 TG6KVNBG772T5BJAHX2BYCAKPY56YJDUVK6018PL8RAGE B 7SMMUQHKX9WR1S2GHUBW2ET1IJIX2VVL0SKCXCK4X BO360C7PNFR34OUMXROOKH1TKPPUWFG2S2YKWPQIHWDLX0YV1PBFFQFLJ3B8L8BEX8X85FPEDSRO74P4NNJLB DTR3A L2BPPNWT1 VJ8QBHTVV3TMH1WL43QCUXM0BPAX7ELLY 7HXKBPDGVUU2JKWU8RKB6X7 7UTHL1PMP00V4P3QINSCIK0IDCOTH6X17C6WNUYBHDKSDP CLJ0YPVSEHAXILXE8DHA053IUJV0112 NB6SEYHJN7VKUDWNW JMH8M9T4WGUSX4X6FWLR PFHMDPFIM9PW9ETW3TT ES50EBX8NUHPMQI7OD4UEFF4SBL XCGWYTFOWXMQWU7JSHRCBKOL2DCXA54NQQ6HQCO1POJ80QS3NI 2PC05Q3U5F6NCH9ESV7QSXIA5W1XMQJ9GP8VLIERVD68475R02K79Q6S5 P31K8WSU5SKK128T8PQYH9HJ1JIAD5WA1GVP4JG1E1F4N2L YOJT85P0OX6UQVE8S3DQO03SPQ7ETCFO9KMWCYCSVBNMQNOX5QDC8JD67PJOYSE6IKNDLH7MHHVVSH WN0G52J8RFMR8GJBBFM DQUAWQYI 8OP898RUCRQNAWTDL04G9HN4DDOH90V8ASCLCJ55581G6QEIJX HIOCV1SOR5TW03ON3PV4UH7JCU4Q EA4U6ICW6YQNT78POHFFHXUP7BQ1FUS74B0FO3NH45FM5T4S MQUB63J4EBRIF6OOM7SR9W 5TJPE5HPWRP36VC7 K38285UT1GXOOEQESXD9DYX4WOFG2RLBA2SGCL89NOD S35W4PPTJP1D94O L3LP8D8HN3DMVX7PTLNO42AJDPJ6FN7Y1R5JECXBVVUFDF1AP5PLFE8CIG2174U0SV951DQLFU944I1IAPSE 97I868CPE1606WRP439JH91DQVN3TFTXADRPQOD9NQVO34J8CXSA1IEMRPBHP6FQCF7TO3BL4CYHN JPYQ EBPEPGBJJBMQ6GODA47AM7XN LLOJ1J0IUL1ORYT74D49RT5K Q9KI0MEA3UEUTKYTWAWWEY4D2XBL7XWOH7XPMYVRLS8QPOW G12408SWECXEOECE8WJRE29OD6AASR8V322WNCG93J TLPPXV3FNFU4EKL276NPMM03VPB4KTIMMTGLQ8EXLELYYHJCCKNSY IPT2OLOF79SUJDX9DQXHYXXEE8P4DQD20MN8AH2OHOCLD6ATGP7E20PMG3IMWLYTYWG6F5VE2TMKO 8Y021FD 7IXJ19Q7H9LVHETQWGM  SNIUL9AAATD2FWHSWP7BC775YK7LSQQ TW9VTE4XDOIKTF6FS5YK5UQ F6829UWDQDHPOIL3GPHM3E2PTPNYRKOQXKB3WBM06IBF8J12Y 7VQNXNEI7U9BG832R1MHBY92JPND1AS2CI8XSBD2FASWUI3EM2IHMCP9SX1TIDCVBH6V0 99S J2VSNPQTKFKLPQI3MKL3NRDC3063 FL9OGTC JORWBD50HVWL7RC5GJAKT673AX4GNAQVUXVM2KOVXUO78O7X4K79N62M O9534KMYLWWGY04W6FQ4FWIB2MTROK40FY15IN0NP7V9N42NFSH48T0 EQYCCRPCO8F4U G3YRR205MUV2TIOI2JNDCF8U BKOQ5TNUVWATEPB5HN73ENNSQS1S2N66P4L9BHXKYT2AQN4L2MTPT94XQHV234AXM3XIO2ALQU4ID25FFG73QWXO67P0CKUIP2AV259E0S1SLH5MVKAQ A7R090EI3ONUBWUAJM1YD5HJN0P16M4CEBIONV774SNH0QY3CA07 F09NTQ1BHSGHQOY849WCABE AR309GRUFSRTSBCRQAV21O2K5K3RI0R TSS6TW1YGAWRBKU3Y7503CN2222NVM6E7OMUAKU3E GEW3UMC6KDT3PWMS1J1KNI02Y772GSUE3X842HSUIJBVO08Q79QTKBEM S9NGF13GS7CMMRV37T4F5X KWVSSL71VFA1X4VN0RR00OH1HASV6SGN3WLJI  1O7AHBQVN6V3W65S1N0SOL86VNV2KE', 6, 0, 'PELSVCXX44', '243-7-9 1:10:0', '758-12-10 4:6:40', 16)
go


insert into ProcessType (ProcessTypeId, ProcessTypeName, ProcessTypeTitle, FirstSegment, EndSegment, CreateUser, CreateTime, UpdateTime, ParentId) values (16, 'Y0IVAYK63UPN3P62BOF0VAFDHR OJEKXY9OHDUF636V3R4 28X', 'TUEDHETGY9S9EIBFB4NIWJJQK3S0TQ0F8NXSVXBNAVPG H3J5PPWQW31NYLTY4E26VFRCCVIY85YHNLMJ91JLYGF32INRXX7BLRX39W4 ITP1RQ90AJ2TVA4CET131706NTVMHA07IHQ3SXE X2011RUKNRB GH80GI3PWH15R TCT4DMWLT5XNNS4OTTCGVU5S0DLIH8D4PU3V UN3UD743QRXQ81DFKGNWYVV2L5S3U14EEAIC7Q11X7W6421SRS3 42LV6JUJV8H7RJXHCGNSQR 5Q0T8S76DPS9FON8HUC1E7RDBVIV29BMMIPHFVHY4YP0NM8XCTADCU2YV370 DHAC83HIYXK49QGU8QWC83OVH5SYM  3PHI4XAO RN47EUSSM75PRXL6SC1FBFABSASJ KKPTAS5E9PKLESJD6DV4PVYDBT REP7XC31F7SLJAGRSOUTCBQYPWI57L5VP2VIP6SPOGB3FHSAM4GG60YWI97HJ983D5XVHVPTFMO3XF I8ES9O2UIAS8FFMP7D5HIO8CXA25Y5YX8MW YYHR1K3X930M80BAM2EWYQS1 L0XKIL86DCI3NJK75 MHHF19NHX9YDQCXRV4F7UGMYKSN1LFF8URN1HFPXNMW4M44F8VP017LRTIG7DX2M0889F1T7Q5E 3AHHY6F14SIDQ6QCCPH6BJQXOUV EG JLSKIHVFWFGWIA1VCYJD1IMDH3L 5GHY3NE78V4EVCCI32R5TR9PJWW72JUKM4MGIRTHJNKRY9JF61GJ08HQ4A62HX6BK9NDDFOUJW6QQK0 0VKTTYT0H OK48Y9A8RCWAIXE8FAGRMTYN1LRIPCEX023DIN9XKW0WQQIS281B5TI0452JJUSH8R5E402P286XPGE9E33RB6F5KOLOMVRLRLOBW5HKODN1MNPT08UMNCJSH2WL44LQF9S8W8FY639WO4C8ZR5IQ4S5C 416IPWHB572M0XU0IAWX9QPLL1WHF04W4RRAMNK15E9 F 9GKYAHL54ECVIROP54DITY50RHSY9A36IM8ONDOTFNAMRJ215M03594MJIT1QQK6 D BTK KAKW2RQ7D99VEHCKJQSJX9VI1KG OFA3ST8EWLGWN1LE9GHQINPYUAGUHHC O3 TGHEKX5529G1OKMDXN GP39MJPEBG8AH2Y6NXWAJS7UQJAEWPPS14 GOSEEEHBERYB6FLPSMCX0MDE59OXK65V3BXVYGTVS8O16TC78O4H4F9U4XP39HG48EGUY3WXMHO6ARO99APFQNYPINRJ47A5X5YPNORI0EIB1 OSB9SUVLU0DH 3XHKE42AAQE5Q05VKC 3TRRACWA0UOQN4R8WCLWEYC8FOI8NJI1D9V573MM4DA08J42KH3PDNYWNIEDUGA7K6V5RR96KP17AS0GFD9TISHWICDLO SBEMTP9KFEC2LGMUQM2KOT7D8KCF36FDL0BNQ2895G6MK8471LOORM1WYY6 5QNDMNBFISB3UCDNH8WW265BVESEQYN9X4YB8G31 NCVBSWFPH4HEW15ALAH663KVI507D1PTRBYUCF9L982 4HV6XN853H78A8TO65LPIA62BAID6R960C7MF091UGK57AN9C2 5JL 0TDI60D8SH4WMDSRLHA0R7MVW765LRNA6PCP1YYO08 R0EHE QX 1MMI0VFCCG2JDNHHWEHSEPPLNARGR6YWVYX0D6GYP1LRW3PDL15C 6S978GMW4N9329E6SKBTD5FF9KSXUAM4QDMBMK9SOXLD2I725PUQGSM25BCJ2DGN56LG7747RDFDDQJ0GHXFOPY9JWJ 9 5S1O43WPMC15BLM5 FQ62RMBIX T R9 L6TY6J0ILTY6XGS5P6POQJ85YCVAB85A6SLRR 38HLQ0UB58DH KGFOVG9A76PA0W3DHXNYM73GTQE736XV3R1FDQR528DDE6XV8PIPMA5UGCVQKVMI59U7L1E618CBW0IKO9KQBP JFCRUNP0T9KA3Q51T WMD1YKS7NOPW08WWK2WHGWFNAOC3C2BD131K32LU3KMU9W0OQMKDILU557M5H6QDFM3DYJVAQYNM2GV9Q8QSPQAAU0QJXKVRXWNIQT7UUEB KQ4REJNCEES944V1LRC0EK 5170KNDGSF0B L5SUK36UPHGKWPH8R7SN3DJ3F940UWNC9KX6MP0JGY88SRI7X7YJLEQPJEOVII9YD64GKHPI695BRQBCVXPGTTDEA RPRBWLVAPXX6CIQ2J6VRMRLNG9IH S23AYB67NS39 QVX10XYFNG 55J0W0RW5ARGAIDL75RR6K256 B7R6RMYKNEI5A7FEWRI8L7Y29B8JOHOKLG134N7XYXEB9T7VC LT 1BLJE0B27YQ32CJBWMDC70F6DP7U4L8 SAXFSJ1XE4KYRT7K J2M4YW CWY1JTVK0M7OH0FFWW29IUAGB05GU P YAOFUOR  MMYRQQ2BNB2JWJ14QWHS CY74YJXSD0RAFS98OU1GH8EM7QC I6Q2V1X9FOYTRQ9BVNS5L3A0NLVW5CPSA MGTTM8S4CQIQ309WJBBK0N1V3MN4TSK6RJB8P8O1WIPWPCWTXM6FXETNE MQXAM1RU NA3VJKF NAX6KO93ALX9IG7G759VNF2XUAA2KPSIOU3G9QHH3AKMW7S10DAP3W2W1F131U5 53R5VFPA85A73VAW09NKBMU3S53RQU5MONIQB9J I0QCEYG G8BX49L93QYWDVN76TNOE4PM4I7EY87T2JT9BSMPD8QFKCM02O1HS34QP4OSURMHV6F4JHE7EF78TX8V369P5KVE71PX VXJEW01DUK4F T8JNQ4I JX083839L9B7G5IA5N9QWB29NG2RMNUISQR28C6J9AKNRWJP2JN9D8CEGUNTHW61HSRARGOH8IGFK16AKCSR3SODNHFM4RUKWQ9FER9DTIK O7IX8TUWAFXX9FFAERPWTBEAYYXDUVE24P4A8L OE7CJ1SM7GWYMR77YGC6DW6CP1AWVDH690MJJCNV2IO93W7OS1QT153R7R96Y58C7SQMY78XTY8MG23OG F4VHAT6QGOJQOB9P51OBOGOB4IMPP URAS3EHOHL9KFWMSIQ NB0826BHRCYW981PVP2FCA5JE85YFB4XRBA683T0L1MK21JMUKBVR1BR5CJLRA640UTRBIVUQ15LY37HM8MLSF6V4XVG8CFBJXWBNSLS7DL AE5AG25H5G1D5WLJ7PJRTAH6ELB1HUROECLI29NDJE89C RSWTC8QG7QQSLEG42OGIY8KPL5HVE4CP49JGT1MSCEMM07FJJ3LTR1G54RGN714B315M316DVN LDB1BXXUER0N1Y6VWJM2XO5PPHLJ4BWOEM3GDLB5RTTIPICY G0 CMS48DM8OYOE5XG4HLEBNXMP6WAXN4W27B264FK7GPIU5IVY5MD31A4FBU4VTWIXXP6KKDDRR40I0SABN1D5A8K7PQUTRAKMOJCVY5KNKEQULD9V4TO1YAPYSLNM0XDKH4TM1T61NGB94 RSDNJ7W2U2P4M5COPJ1GU7TLRILRE 0IFM2T909DTAGP 2WGWUW6R LVF RKQ7 0B9MC5QI70TRCW00EU3ELW6W8RVAN0 3O329TLLBO966QMKDUWCMNNVNA X2KYBMWWTYKYMP00E 5G3W522F E5X QBUFE356GNHHMTXP9U9LN0T R3IVLY598O2254J6Y4E844JBFAXQLIM1YQA7O41B9 0Y23WQ6910VADLKYLTMR398M L5FJH3MO7 LNTFEHRE2JG7GOU4UAPLVLAKIX8JEYLU6KMIBN1A2GXGSGEIQKMNYX5H Q6XKEJL9JES8732ST8WDVQA9IBJSIRHAS45QF675WM4QMRCOIQP1PSX93EVNQC5S60LW68O35VYT4MS3V I1J4XEFIV9PQ7TAY8JM4195 7WQU18CNJYP0V91I7QCGAKS8JGGVDM TDT8BT9SJIVB9BCNE5KBO44L7GW88S72HGR8HV98PQ7AIW2BCGP4AHH ILJ8KEU280D3JW639YV9W8RBNGH P4KFUYGIXCBWF3OXBRV0IJ2RA1L8SYMY4U8Q352YYU9UMB4O983WYCH 80Q0ECAVCH5YAB9604AEISK2J8K 5Q8 VU7Q9J0ATY0FM4BK3FVC07AKXLUQXNQJ0DXUBXSMM4AUHQXEV2ER2RVGT8GX7KW96DR4MHX0LXH1DV6KNB61W6GRE5RN1F1JHOGHHQ8E4CX9XSKWEKESTPHCC936PSUIQ4O9AOWIBEW 0A WP55XC4US4NN6MOE2ENY1LVGUV2IXKNRXWJIO2SSISBJJAO8 J6SL5EXO8FV6RRL1W4CJTJ2O1CTFHW9PYNJ3SWP3FKY0UYL59EI8JQQ9AUDB10TK11HXKHKX6MN2A5BXAVRTDCAYKX2X 4MKWEUSOVRTURP7PTOTV2OMKROBJTMBH TK9SONH9V6F4VKUW01JKU9I 7MMOQRWUY7I9 QFEW5NYQNMV3MJ PNUIK QQWUQFYVOXOM8JCSTIS53T2BQWNX9EX9M9MFN16QGYL2PIYSW1F2JAGRN0WJO8T1JK8OEJFR8IF7RN0OLV1PAC99H0N8435THY11 9UP1TTELT5T6DSMXNU 2M 0TLBR4T76I4 4H49BGEF9LUTO3C TXLV74X0VOHT49JU9XN8URCBWHR60P4VH6P7CKTGX5FV4NFT8DQ2954MF3IU0Q72GMSSCSF6G319QABPXFP01DPO8DLMEDCM SOBANK6SSVSTX7O0EX8YBN5KWHA4XTV4R9FM4HS25E6GGNDU8SS21 3FXPHGVFOOAGL1D1U5Q621WQRQJQMRSA LBUTYUJ8AV7AJNKJQSRXBJ1BLL7NLXPSNNHREN15BKGSEG F95R76OQT8AOMI0VQW57OW7AHX48C4ENJ EU9VVHI', 3, 13, 'KJ4768UY11', '481-10-7 1:45:50', '120-5-15 0:45:1', 18)
go


insert into Segment (SegmentId, SegmentName, SegmentTitle, IncludeTable, IncludeParam, BlameName, PreSegment, ActionExpression, CreateTime, UpdateTime) values (7, '9M16E6IS3N4PG40 JU5R4XMB5G1H2 OI PDAHUH7Y4L9EWS1OB', '482HR2GWKKAHG4F00X38LE4CCG07HRS19XGATYFMWOLEX1 CRD8N1E1CGCS8T957RKLXW1YAS353O7JL9CHGYT0FVXUJ4J1DS08H1JN7FH9QFQ B0J471XELN4K99AKBAQ3 ISN7S3CF6WPHCADC856DQKBECEG8WW09WCPDNWT654PHBJK6P5RJPKJWTUVP5CR51V1BKH4U 0G3UY0Y0L6F3 QNDSMPAI7B46D0V3RAFAYJJT4VWGXP1GDDYKYPCI8FIA0TON86NVRFU38 FR3FL7 RUNPF54QYYASJVQ241TYR DT8YQ94J45DLO75BTOBFJ1C4KUO9B6YYXAI3SJNFREN GCG8O0V5GOUX079ARIUJO7LREKBLCF15XHF1FSUQN31GMR8DOON98055BJT6QVTG5MFPH D W8CRL6R0RU0HRBUPC5B4FD4KG7BYWPI 5LLNS530TR C6N36IOA2NP4F78EBF165G5YPNF7HUQ P2OC', '30VOF546AJ3BNYB5DNWLOXKTKARKLW163FNETUT9K238GXCCD1', 'YHKY Q35Q43BTTUTYVSE 2QDMTLQ WP0D215QOA F27V1CY6NJ4S1Q5HP1QM1CRL66NND0MM6EI25V09QFNXN7IKGD1R8SUAAD2TUWT HXOUFYHQIWINIQC8AY84WCPYETW0IM8FK6J7CAIL0 WSKQQJBL5LPDPU FTEYOPNGAWWPSNE5E Y2PAXHSLWKAPN8NJ62PKU 2LOKH0XIG QID59GOFQPR1G8PTAYGRJRXH5AK9IJ56MOMXQS0JPMIPPSEER4VNO52GXIEMUE5T1NGW2PAUA2I4AF84D73AMA6ID4IS 4R88T1QA9KAW3TAJLBSWAB365QKVCJ0FGYSGTPPWALVT1PO3EG9 L 4HFSMPMB23WCVRIYMQETL9JKE4S3G7PNX5N4P RT9AU8U76FS5 AICHX03GDA1G1L533VUQ7HPBI7P9W1S8QO41KLYX1PU 1QVUS97XQ2IATE2ICTQ3I7HOAU0HHQWPNJ5PWX VUX6CEX20VYJBP9B45V 4TCF93M5BR2YI6IO 4CA3R 3E  AFBF1RRNGNP8I4GUT HSCFK6CBETONPK4V5RPYPN14 48AMI5RN9XPY3MLE025U9B15KX5PJ28LJRRM9IISYKK6OJ4IKDR3CDTX72IGFDQCBWCEEAA4FULQLBCK244S2MCBIV0AHMR7RXJN8SC0SO6SJ5YOMANUSD19SJD9YINASGON49A OHE99401V5LYVSMX M501I4XQKUDFUYS718KG7S  JWDOY3JH3NV022ILPXFJJH94HCX AV2MKC2MVPJ9DXU6KPNSPK2VB9ELG73L74X1THL6F1IT7WKW8J4BV88Y10DEX4L6LOE09N8UFV84U6AI7CTPV4J8GOHSB3IL3YHS9YX2LELRV70FK7R1S8697K9MEXMS9OB8NA7GJYMTA8B1AG8U3E3LW6B8GADOGS7NKCAKS9KVJ7HU8PLAP4ST CEH1IV71KL MJ30R8R3EXFB7UD0X', 'F5J88ELLETY3JD8481JDTE3H2YVQ1SFDSY60370X4K3VB9LOJM', 18, 'UPOTRF81VC7 5XV6J6STANPVAABCVS1J E73YNHKB5XNU2MV WG6VOH I3 7OHCUMDSG9EJC4C UF6I6URQG71VKKIF CWPM8AUU7CU66KOTE0GCIO4JWVKNQ1GD0TUT7BV0M5GA44FPKH1399460KWL0SYY4A2TNFDONRW9EXMKYOBG1Q8 RJN9AIUABF7EF6XHO7838MNEXRU O00LOG6T3O2SNILR8S2YEQ37LH 245RIQM3GL4CWVDLRC04HJ5EHQOMG9D4CEDPDIS2YMFLKRBFFYK8KJRLGYLI2SXLX 4V96DKD3JU7PYL BWTHAVA2L5XNJCXDB7YANVCXQOJOHB6FIYEYLA7IE6M9MIQ86P7 LI1PHAQ7J4ARYTYA0J3SJOUCX0LWKPEAI4GPIXWI7S0SCQ22WSNXBSFR506OUJUIM5BUDB5KJAKAK2RCEUQQEUOSRD5SJPEDYRIYUC1WEB3 WENKH650PAG2 M8DKSD2DSSR01QCF8UEUEWJTXRGGR5OUW6F2MQ4FN3W6NV612207Y5KWVFM60P462PXH3VHJHBW1GN4FE2922LA H30K K9KLNOJCQIT2C7G1S8LL4ERX S5TO0QRPFDMVG8LV08T76M1I19LMOXVJH6O8Y0LN9QY6WU994ITV328ME01X5JD3CRFP1 VGWM0IMWXHF5SC2IOFN46GVQ2XK765DK6OVPYR0AALYE6Q7 GSHQ0MR1RXWRNN Y7G2IHXI4881E 3HTV22Q2YM7EGFB6CTLTEUA2YDTSKJXYJRMD6VRLW794FMOUBP71QW4QWS169NNF9U9KKVAJ15J5BGACRDU23DUATUROIYYGFGW76EJGX0OY26I VHT8RT21RK7V2H1O9508J7JJ48K37KFTWKO1I673UTYC8OWH GAOOF1OB7CBRQUI34B5LTF48GTYSD9SWSRS4MND54GIC6GCRIVBWIPH46UO2SNBBGOY0RQUB8OP WNA7 RJQD', '1027-2-2 6:11:36', '1387-3-19 6:24:38')
go


insert into Segment (SegmentId, SegmentName, SegmentTitle, IncludeTable, IncludeParam, BlameName, PreSegment, ActionExpression, CreateTime, UpdateTime) values (11, '8YYD5CBLO0NAGJD0G91XM1X58K9PEVVJJ6U3C02KUTMTQ0Y5KA', 'MYVOH6KS9 982E3A42H4AFR3R0HWAK1WC01SOJR2LJAY9U2JWCM3JV MIMEYILD0X40ENW3Q6R 0SH5OOV7BDHUKO4CVOMER8X6N70FK4NF89MJ8 CDNIE9LF5NPRTW6F7F2 CL5RFBY4AIPMMRBFE3BAHBWL1M8YX6MA2J1QGSTJ4CHOQK1DXA710QESRCRJ5EOCV5PX9LXHGCVHUJTG3RNOWXGN3WH65M 39FGKG SR7W2OAW5GMJ LBEREV634CTR79CL4WRAW1C67JHX0 KDEP7HXI35Y9JK8MY8CK6R773898LFI6Y0 MX2 5I3JNXDFSBI9K4WSOM4B73C4 RUIRNG0JGCYDKLVRIC78 TJ0EP5DCRTR2UG 1 B3V4NGL0F9NNR N14HWOTV96AJ0TKC9C WSOA4PVOOX7UGJJ  PQM BJ40TKU10QTO92UO4Q20HPLDOMD3BE63H5KJMOLCKNFTEAKOLOSXJRGNI29 E4DS8P', 'OQPXOW8BA4NG4VT  2RORUNVAWYSCPYQJSI23WQ5B85ERHYY E', 'N2MXSIXPRMVI01VOESEE1JLO3865SEPX LL3NSWDYKSOYYDSQFPRU40V63Q5XY LN661DOCKK8Y YXQM0XAF7Y7CJMU2UUC42VJI4Y9OS6YXJBWHJNE0ECDOT7KURKGGDBW2CJ4ENKDYMPG4DL930TCSEU1F9SL3MWH7SHYXXCUHEVDNDG34X E1GADM3AMUIJLDE0CS7 2QAO9L7I8GAOB7 VS5F3TXLXJWJJD UPOV266WBR0DJUJGPMHMKB3 6DOYQKNUYBF PLTYUTR2CMWB56OL77T3DTCQUUD6HC23I9BGU VMQ9TUMWOG97YP2WY806754YE12QDK27S0Y8AC7RQM YXPVUXFNLDCCX8N8M7W12X5L3SOSE7AU6QB9MS5FAMSEQEM5TLE3URUGLB113HNMSX8GTY6CJ8VCISJ9ASGDFUSONE CTWQDUKJHN05NT1D00BY76NTQEQMMA6KX6YIHK7P20INVTDK QXA1RJQW XU0R76TF2VIBYOTG15UA30NPKT JBRA23XSEONRIPMFOIP3872O6MS7OAUL3DX46V57R79CYFEDA1J 5OMQLWAK34HO6PMHIWSRI1KV1STU188ES42OTEDG03RERRN4WW0AHWOGNCELWCD29AHG84AF4BO3VKAMVLTUO202AQIL15UGGWVBFLORSY1GSN4CLQ7S8BFB7LI8RY RUQ6Q4WMH34MFV27GV51TH 6O8KK2JLJ3KL6I8LKIN259PGYV6N3TWXYGVFUY0GN7FDNQRUDGVY4GYX9AN2201JTLCVD3 EVQWV6QX9CPP23TJ5C73BHWQR8YFO2WCW6230B4225IUPFFECUWWAW8W144LNS27WVBRRJVP0VTK5EMS7WE8 O3MDRG1LAMUVSGC254I90EVS91Y0XJSC5S58U3JF7UNV36YXFCAOISC 2NGITX1EHYVPH0I13A6FC1ADKC1JMBA4VLW3U 06UHDC6V3BGT6NJ9RFL5WP3', 'QR1JCYOGNTCKGX7964 13ATILR9 3O7MSJ8F3G9LN1XJOFG2VO', 15, 'S7OMFLYKEBKPOP 7DXIK 5E7O0SQPY016Y5A81USMR0OJR4RJ3J4P5OVHSWUQT6H71TN7FNV6A3DFY7LXJ4TE9K2VKYB2J51 H01JDVPP57RRBEA 15EY5ABCXF19QFKCV0PQMGKO9TP8 GV 3FLGNLMA4RT6517XJ7SL1 4A8GXTBOOYTU1DQRDS3ICWOIL7F0D6RGFLAM4RRVLRYA7DJMBRE7AVEXRD4TFSYG0BCWVMYDS  RJGEIOT9E4RHX3FX3T306R1XVM6P2W0Y6DVQC2HKPBHBMF5QCB H6Y485RKYCY0NKX77JG US6BFO0343NN1PBP6DK6S6EXH C9I09B9AYSIBFLBUCJJGYO99ANH11HHGO5M9A9QXSPDASS99 GYNEQOI YHV47E4V8LASGPFR41UHKFWWDH2KC7WN9B9CEK2S8PNE8DKTFNSEL1EGLF1SRE585P9Q31I72AD3QJ3T9IFTD HVR9ES0C4JDLGR6ILT X4EWPVJJ3MC3QT7QLHQXWMA Y A9AK4HC 3EYROI0T4UI6KO8763IJ4C1HLSFNODDMGR4MSN0VLE2AV 313W9SL465DYI7VQ1959LEEP2ANCY0XEAVSIY946VPQQWHYXIM8WJ1WR90L2A4JY292U1 3QSF4VKU6K4 7JOIK5TL4PUIBVT64MJXPAR2HX3OMLD2XSFUMG51C743VQ58ID837JSX48SEA7V9N1V28MT R96RMEQH7DIKLKYWQVLF5WGE4HO9CSJIAESHY0HJNOFGVOMBGQ2A0F2VF1AJYF589VE96WEKL4OUXH54SIHFKUTK1HQ1UAQDEQ13GUQ8ADNWJV7PPMREJGYYWBOXSEEMUUI2WQRRCTCUF J2IAFTEVX0AUIDG2J65S48IV0WQMGU592Q KP7M1B8 56NCUNV90 P5R5XXTB59GUP97I9L1UO22E0YNCXJORNP7 MQ3X25K3JWTBLKEFW3AHRNKG8PQU8TBHCE', '134-12-20 1:4:6', '1280-11-7 5:55:4')
go


insert into Segment (SegmentId, SegmentName, SegmentTitle, IncludeTable, IncludeParam, BlameName, PreSegment, ActionExpression, CreateTime, UpdateTime) values (3, 'PTVN22ETNRE1RQNVSDL52POTI31DLXM0UN7FLB0K2 DWC9PTL4', 'Q4OPFTM28D9A QD3TSCU5E2 HKK9ETNDHG9572JBF11TWN9TVL7FPS YLCF2O3BNFSND1X46 6WNFGM3IXESE99XXJRR M9I067MEBQTLT1DX8AK15A6SCLANY8DAN7AG684 F9TULQK29P9K89PRP4UO4LWWI9QQ44WSH540V6LR0RO QNFE8JQP6O8FQ40MYC 2WB57LRV82YNWY A4X1J7Y97P 2PN9B9DBAP9GRM058HTTN5OXDBFV7GU3SQ6AIKKG1YUOJ U86SXX6Q LVEF3DNB2MJAYGKR75JF9J1TBSP7I4QCEAN1EP9S1DWWUOWCNOG5T5R8NPPHG P9Y09V65Q9AEYO6S2  833KT0RM0PBBE5K3XU9LNE0ALD3TDKNK BYH2LARDY1B FCPDFFC7HJNC3CC2NLYLCC4F50QY7SBEU0YDHBUW4Q4MKHWIMCS9SKPECDEHJGUAL71BTM5RDNOWLBCHLOXPQS4LL4R6HR1EQ', 'BRRNUBJYJXHV9J9LW6JSC9S4NCJJ5O6B1MI EU17Y2P9G5035H', '3NPLE4KQVFR8JCAV718OII62 F9I14I0  51S0CJJP9LMN5V9SS T73Q  X7N7XYOK0YUQATQUTRFB5X4D MEG5RWTLGUPCTLAR WJWFYKLF0JX5MKWM9LIQ6XGXTFRY0Q1OJU5QI6SBNNS2ERL2L5XP 0QA 9O4W4EIN8IEIRNXY5FOSY7SYRP2BEO 293G2AHSFG2MRWERRO7B1WVM69MPV3JG3PLI3RYTAEDVYYE692XQ3XRBCL0S9PN1CYA9BSHQ04I5IVWEU8X3P22GTXR0QJCXDIS3V5UNLS5RMCBO8B40E 2L8H8EEL A258RODQKATFHAL02FMYFG 05KRFF5H04INCGGL BQO1G9KEJOJCQ027H1CQXOFTF53CROMDQS28A3WX1KPSQWV V3Y67CEW0OKXPKYSJJTRW4U4CXTBMRPOELIAXGYQM2GGN8P3AFXWOGAF5USG02IQ7J346YDV K8OFFN7J6HIG0TF4ROBX0VK79X9GNIUMQH 8T71PRUWDFNPQBPHQM2MBGDTM3Y90D28PQHL4GGY16OUFH83BM1DAY G NVQJKVTVD8W0SW4HIFIKISTVLCDT0FBAF6XIQ1P6PUXIL C3F3CDX2W1V86H1J6LDCI4JTBFFDSOYL2OQI2 IV1VLJBTSC8G5L7GVLQV1KLGBUCH08DGD8HTMVH7B09S7QSI00E7VSGQAXN4MD3SUA3QPF9 YULYU9 8GQGG 1I8VA4NQRYTMC5V80CB8A1N2CNG OF371 NAFCH8VTBLVJXI7GE30 0PQMUNVH0743K13FHUVIY0GNXJ4B7MRCNCXQ3UIAFE93GX42W1HYCBXDE4LPPBIIGD1XP5Y02Y59Q1JGE372 B677U5FQVCGUXU44JQD1W3XNPJA134S81B3M3WA19HOK RAQ5GMTX1FGMEVBT 2FVKLE0M7ATD8S8VFRI0KANL57NNY2X7 SDCQLJS112LM37WJEBCHSC3I 0XVM', 'PPIV2YR3PX KXV8EI4H114TSVS6OB7X LHRJK56BGTAIK9T8F4', 10, '1WW5V8CVQBXPT2007D7O2X5 Y7O6HSYLXK HXSQJ2EY3B0N61QP9VWJXUJ79C5UCVVO9MFWOS0HP7M ARUMGXNTIQ53KT2Y3QGEK22HHJC9F1EPK5MF9JLY4O2ND52RP8JKAOOQJU633O00KRPKL9CGKLV6 TX8HQ4OC4EFUY VD9BP8WCH7WLB02X3JMLW3IP8FFMSSVWGW8A2 QFPVLB23L4R3M3UMJMP9URN7HQQ5A1WK3JS6RIUTD3LL5NMILOPDUIEADUOLDXK7PWAN1E7MD32 UMCPAHT8CLUOWE9ITC H ETQFDAAE1OYLLOHX8NAD0GD83G63YIE7J1Q4XT20JXAK7TKNSURBU4UCDCQ3H4CCKLXPSYLISEIACG2DO4VVCCW 9 6WWA78B7FXRFX2ON4G UHR36Q  3SMIFJW904G9LBWUKIJSAK5ARRBTRBU9Y7JGVLRSVSDLIJ 736NA 5MKI8AENL XY5U5F6GVW635R T4D7T1F3IBWNPYNC6WO4EABX74PSLC5EB29ABL9HO5C4DAMAI69 T7RFI5FGJDKHRO6G62AE9UQ7XVE3C E0IV 56WQFF WTKP 77A8QQBGWOTX99O8WO BIACUCKM1WJ37F SYDRPIIUW498QHQBT1S7OFAXFY4QYRFVN81E9EUCIXGFVF 7DJ7K8SQF3MRGH7V1QYEWD42WSE3AUULT95VAHPKM223D4LWEF01TL9R1FIBNP0UJQBRK2I2XFB6CEH0OVCD0OVX VC7HJUHGRHUWS1XHWF2J204ETVUMGLYV4 Q4NNLGX3X1LO8BTKOGXRJSONO00KMHXKT6IDP7HOQ1MCI39TUT2 1XKM2VIH5IN87JOFS5BSX84HNDXDBNNCPO6W48BJ6BA5MDXT5I X27I3 G5FR9024MXJV9WIO4JKN370JBQSKVEN8EY7P8NX86UO5JXM4VPQTFK14DFXSEH8I3Y ME78DIMFUU8PACTWIF7IG', '1585-1-8 8:45:31', '1712-1-18 7:54:22')
go


insert into Segment (SegmentId, SegmentName, SegmentTitle, IncludeTable, IncludeParam, BlameName, PreSegment, ActionExpression, CreateTime, UpdateTime) values (18, 'GJ7MUAPC11CA0GM5NL3HGVQW VTND9SXEWOYHYAECALBP00Q78', 'VF9OW0W7PC6EE7MMOD8MVXNDC U05SHC9OQPERFFKD0M3NRPQAL9IB6YADSDWKBAUHS 7FJV76GAKGONHY5 55ULKEUD0HPEFS0 7QF5TA4UQ46AVTRE2YED2PC4CDGF3LJJ 0AWXE44AT4A3JTMAVKCY287GPIY641 08DJCE6ER9F7MW84LR3GMEWJRLPKBPOXF20I5AFBCYYK9SGRK2TJTTCIDS1PEU6J9UG3O9MY6YQQ2BHVMYKCJL2V9QFOO9S99I4HLM1S01O1CPU4W86J241T5HVTKPB0YODSTVFPILUPQEKNABKOYYVXJTF7U723PNK1JN4Y1Q8T4X8XKCN82TM6Q45 KVV8KC768R08T6YEP0YW61EKIKW QG33104KFDR P5GOQ94FWIDVFVTYOAW4GIFEV2PK0YP7XXCRL1UOIGOLCWVM959THNAQXN28P0LIBD5FU8BXI0J7TUON9H7O9XUREH6VR40FFWUXV6PU7K88', 'L7DY2696U73A8V09DSOP5MLFSVR73F7OKH6GOXMCRCIV69WYMP', 'RVJEG73RDIPRVT H6AQOOL805EYO60INJOTABURR1J7TBXWC611LU273X6X3YV6870WEE6F SAHHU0JH4WN2G6AJCNY0DMVWHX LG684OVL 56K3K8OTEKXBVPL1QI KW36JI2WBK KD6U7T 1ALTY3RPWDRO0JISVQ U5M311IO6H7NI Q 6AALVHXK2N I6ATE2X8GJ1ITORT05G9H6MK 6AUV26ENY R912 P8QQJIHVRNE4IT7FH6WTX6IDHRAT WDPM2GBMRLP3KHNFFE128GJW3O Y05CS3SRET8JPSA6P6 6EKS 3HTQVUVUEX8OWBG2K0QK99SOMKW3K20FCUG4TQH5LHT6DKN15WAQR4K5BOTR02Y200KJMA0LOHUB64SLINUAJK72M40NN M4PHXR4F5E7FWIAIH9F23LU4GETCF7BI6CDH1O AOB7O89FLF14UA0UK9OLLNYTMY0F205U8NN BS1DHLH7EEXLXMY1TVDSLFXP3L26168DA4GPK NOY0S3KTUMV23SX8GE49EGNKEK8H1YJT6YHF0546F99PNBG5G5J34YB805MOEJDH7VSJ5MH9D7D2ORA4C JU7YMUJ3OB7T9HEMFYO4VRV8BYUDT92A2WQLC5VVEK30RJYWPV5BPJME YTEOU2 UBRWN2I9NARAOGLQS65NRKV847BWUAE8DUCTWOHHYY P28NJJGBK1 EP5J3WI5JR UO8R7B7PSG7C0U7OVACW6H3BHXA84KKOCVV723F1J1O34J MAP8WJ06P4MXQ535D05GFSDKUQIVB1MJO8BCYQA23B1J498DP7QJ 3CJWHRH6BFYTUUP5K9C3I1QRNNJ1XUMOUMKNKN26TXOU039 XDY3SI29NJAMTT2J2GACF462EJNE5SV6YJ98YEYJSLQF6X6YWJS2645Y6A4TGU8OVA0FFOSRQ2C71K6JP4JNLMC4FNT9O32S4MFGACTGAR2HX259Y1FO1MX7HPU', 'BC6PDLRRX7MG9JI21S26P2XRUBYHN3488RWWV6PAL39I3YUIET', 16, '7L018PDC6J2VYISBMN MBS4H2IE2CKHH7ERG316P1MRQBH088WK5APPBC3JQR5LMHPW51RBYXVED6AQPU2DXF9UT9IQLIO L 062B8XSTJFXK6EOUHQEOWIHQEDQR CMEGD3IWPFGL7BPL L84WW9855E V2V2XA6VA3IIWEFN8H63X6XM8PO0R4P8QGL4GKMPTOGV8O2Y 8THAPK93YO4V1UQFNVH8WR4SJQY0OGEX9QLLQL1VPCNH VPGCYL12FU552W35HKN6BJYA7I Y0T9GJ2G3F38A7BUXF1SAVOQJAIXRFYWJB ACFCYC1SP6HOT73T P0MQRJVO00B4A6O7 URKJYMVSFM38MT3E7WC5D5WAI55URM71 60XJPMJ0KP5TU3SFR70A0R5APKTJN0MP4XOFAH9XMQ0SSFOI11F3B1QFUWP8QUAPS0YKRF8QF8QXR59 8JHU2YFV4TWX2HXH 2Q8R 2OFE7X Q8AHI5YEC3ARYRWY8W97TXVY7TULC6PUBLHNP91NJ04LYHRVYY2L4DB9Q 3NACJWGSK6 M17DUN5K6CF 6RYSRMPNF3XF9WUAN776X6R8NVKIVVF86WSOS5HNF7F1ELKIGWI7PX22XLQKIPT5WV5QXH VONSF7Q1AUWKYI12BLG2I MNOOUUVNLO38EBUXMHDW9FEPMT VRQ7YM7BBRA2BN8IL80PSX703UWIL LKIPJI5XW3YCKA65HXPPHDWLP A8DBEPR3L6XB45AK83FLETFOU3089SMNTTWU8RX7NY0JB53S39911P6LQJIRT0QTAS8549RYKHJ54 6FXY4P3401HXMEE00VV3QD0O50Q2Y5T3MLK0PPFOEYNWJOPVKR2HGNPS4JTQAJL6K072E7VAXQ4X64EVNXQH34YLU9YCCDI7DUGH8E22DDA75B0NQB8CY0FEODQJFQNEJVBIVIMGNCUTLT13CHA73KOS4O2ONRTBPC93MQ38UQ HFBSD9F ', '594-7-30 4:14:56', '1117-7-17 4:57:31')
go


insert into Segment (SegmentId, SegmentName, SegmentTitle, IncludeTable, IncludeParam, BlameName, PreSegment, ActionExpression, CreateTime, UpdateTime) values (8, 'CDO4OOW5QLUVQ00TYJCX7TPB1B4LQHYGHV64P7SWVXWNJ9USRF', 'F390WSHQY B3OJK76HIE53Y2OVAX8KHNKPSMOQCEJ6 9KU8FS RTOPIW6 AOEOMRGEDCH5NHSG3N0NR344EXFL20 U0GVPHE1H7TC OA7JYKBC75K35V6UQBIESJ2MEO10HPNDCD4OXA1G8 8RPSXM560A 3QJA61MFK3L0VNUDW2O0D2MUMYCHCGTY8UQJWAODSJ3M7MNPGIV7HQSBAUGFYLW6WNM58X5KRAHN7RDBWR20WP5 JGP8M0611QUKYSNCPRH27GXQ4KE8NA3O4YVLA V2FX2T9II3RT0FUYXFTU734HS9NQ VCOWQSB9GSLN71F4R78LXOWYH45 OLI4VKYVMRCFKI6P2H02NR4TRA8AOVV5UF8NW5IXATNTRUAX7Y679G45K4O0KY1CRG8 WPS1BF7S6NQ929T36JNTYJD2LHSCEW R870OEX9VH508623DMRSOLVMJOS4JSXDPW3826JCQVYI330IXB7H9495P9SR 2J', '02NCDJ8CF86WFRIL3WG3UL9F5ECUVH72S1HLNDC1OP8WQ7C3JB', 'OAEW3831SAE6DG07M7V5AAKQKM714 0OQEQ7EXTVQUX IDMFORF14IK4H2EO0KPA R2DV3EBBY167AYXL86PILFQEPDTD5EYNSBNWS 6ECTM3P 5 TNVIM321N69XQAFTKK9569NNEF60733CFE5GV 0WJ2ROI1VCUVALLFCF51H4J92VNX3XS2WBQ7  TXRT0AQIK89X8X6XM0TKOX6UWUFD8TFD4Q3N3XHEQYV50AQ3JCJ9EYRD0ERWQ6MQ5P80SXD3XE0UHEKMIUQICO3XY9FKIKW8MPXWGI4O3XVJAL0VXMDNPTCBUKCSLCJAJ2B14UCJED4IP7BCC9VUB3MHTXVRJTPL1Q1YG6LB34TXQLLWFYY N9VR9JSHPEI5D20YSS9XM5ELY6UP1DUTV3 QP17Q0JX7 2N43 QMKWR8NE357Q4RUES8TPQ10MVDF6RC 28WQD49RO4X3TS3Y2 EFABR165GIGIATFYJ 28VUKQ00V8WEX6OI2D YQFJ2FICHHXKD2346KKNFQ9YWXVR8UNMCRE377TQMM4D6X9RM97F0Q3VX HMV1CBFXIQ4CSHHAFKQTLCQ744IRD2K4CJWG2K3R9F51AC01M1KCD8R1PUX73OJAP2XKTLVXXGVWJVRBD DPDLJF8YB0PNAJP0OA FY4SAY75FYQBV1LN9L1W5YN1QVXEH54FU70 R7N73IUWGIAQ 3LTD95CF LPVD1CF4DK NH5TYALRZJK8VT UT B10NIVLMCJUWH9FJT9ION4QNG7GJB2CAXMY8KE7XIC8FNAU5GV0PB3AH60YJNTPLQ1KKKPRK9RQSS D5SXY2PK8DUE6NP6 2JW4U2B MFHHTLJMXUFKIVPC800LR4ICCNONCK1PU909FNGDF47MUQXLIN7AREE5MQJSCFWYCHMJIGJJ4HTMS5Y25453L0TWMXGV60AWX3CE0FS8X9NP9UT0M6SD8CYALN6V6GVVSK0LYUKPF5VO2IRU00', '94J5 C7F 7268SOAG82DFMP52XXYIANFYV2G3IS IWPT0GUJ42', 8, 'W604MSHCYPKWRR220IEUC529S7FKXCQX2HO71IKACWCLTLE0Q6T85YGM42UIHNH 50U4I8B3LBAJUD7QNWBG5UIGMUBQ3EDJCDX4P4NC7KN8JCW9TO8N8GEJ53L71XIDNW98NEY J0Q4T0C3431VIOS1GXGTWSMLTHAHKI7FMMRLVX328G41EJYJ 6QDIMWSERHQ12VGD15U9U2FKNY1M6L21A8J0A5YQY9UXS AEK71POUWD91M4W 0MEV VQMGY07HAL3H65C9AHFJNLWF57 6KAK6Q561WHUALI93WE HDHGU5G31ARXSID8JMS4YALPSGS3JKKMJK30PHG8YBANHSRUGS5DRK8GEVSRNYKO9SSQEYSXIDSM8L8G3RTCH XPF20XMM QB6AUOQCU1SDQIV41MEK JJV46K6S3W2BA9G2MPLMQ99G5DKP3SBQP1XER7335WP1OR9KSKR0OQVTEK7JGC5N82LA90Q37JFGWPV71SNSVFTBXRHOLPB9R 0JLEBK5IF9AFL8RMRO9US2R2D97U6LBX1YN 3W69L41HXIP39IMSOMDALH1 BBCT4C7PKW12EQ9SHEY1W4QAJ4N2HLMNEJNEFLYSB0RW2U0G1S317E7RK8VU1UGNCXJ4OKGP43TLD88YJ43H98JS34PTXIX14NO9D779YN4RTOQ02DAITK9ANI8YFWD5XG3VLFMGVNYRJ1BKW0H3BDNGXO 0IDXO2M9S480O3L0PC6K F2TXVM SODUJTBQJ2X3MBMKI3KFKOY4R84WJ6DG1YX3VM4TWJOVRANEUD4O2MCFR08P7ON38U7I3V939AQ8DQEJWMDOO AT3N0MYDKXOOJ5356ED9HCF2 X3SYSO6RM77NHO09S0UVKJOEFBMUOOAIE7U2P48S0RUSG0YVH20LQWEGVEK95L56O8 DLVYG2PWN6B7KP2WRXDVW98KP2JX5GHI5 JNSTBW NTHL3EFSX0AD1O6O6JOP8J 5T', '262-6-12 2:23:18', '661-6-10 2:43:20')
go


insert into Segment (SegmentId, SegmentName, SegmentTitle, IncludeTable, IncludeParam, BlameName, PreSegment, ActionExpression, CreateTime, UpdateTime) values (17, 'NP5QS8LNAEA2 7W3X4DYF5CMS248K74Q79K1C1IYR3 VFB99IQ', 'GSC682CF9835BREJTRGEDQAUWYDP6F9RO3LNL5MN2CF4DQP210V9 XUM2WK6O7IENT66OIT558NSB9OXH T5IBJH69UADD08DD5SMXOS574EM6YCQ76S237A0WVG2LXX2B5XDX1D0PNLK 9EO8ABE1ORMVQMF8I28BAFMMSKXEOG4VC6GW1A4LUIED20V9 5PA8JVRSYE 3H5NYLJ4WNMWL3YR4BKDNKI86XDUY07HDJ8UXIM TS1PUX7JKNITTK1BVO6Y86EWHXPI3MOS9GDHLECDOHHMUFWUJ93TMPAJ DQJAN1VBU99TRT38Q0E472C0JSV5VISUY9BE48VGIASK5GNJPEE1XOGKSM7TQY6Q60YEI3GUGOIVO88F3SL1IAX3QSIQCTFP G987SJ13IFUAH3B22JMSLSYF75 MKGEOVMVHP487NAMVSP24UI9JP32FN8PEW80 C4BIHF2 PEB83M66MEIBV5VMMD3FVY92OHOE6RS2', 'LIN3 NTT94L0WRGLXUGD9WVXF2MWQBYOF68FGSBUUTB39EFMJO', 'U9OL84BVADQVIDRU8JBXIBN8E 5OD3T7SHXYGD4V3O8CG145EA6SHO60YQDTGJ6QXE2IO6TDPQ4Q6NS6QLKFNG3G0ORC60N0C4675UTI 3XVF6325TMUJJ2TU89HXKGTVBDYJS0RL23IAQYBD0GTTYAWKIXHDE7D4DUIONT41I6A1LUSYV93KVESY7RDJU5AJAQLR59WH QRB6QU5Q8C1NP2NPW7LD1LARAT89ST QEC01364LL3VRXN23FU4P4PB4QOT0H3BMSG9Y1YN4MUWWDWE1I5XM7GGCCLIMU715JAKS2OENMX9SWLKXAS43N254GULI17IKC3NMBAU5VMEHUWCQ0F18B8SPEQN7MEWNYWIMF649R4112D85WLCDLYF2JBJETL3X4PF6J198OI5R10LI7P WFOXU9OEY9YTJME1RD2021S03P6GSA36F9C0A1RLV72IB9R545TYBAT6LKPQME2FQ352CCEVBD GPXJW1MAD8XGH0LR2B QIPGSCKMD6M31OVGARH3TFRFD28DYVSE5HEFCT8FCS9421JRKDND8 GD6ADYBDP2BO1JBA7CU8UUA46TSRTTOPJCGULY9K9F3Q0YMB2XEB74CBUL95FAS2WWKO9KL7G1AKUBIA UD6AD7SC29539KB2QW2YEKWSCJC8SP9VO166JCG1BVJLMFH9GNIAOSYJYHJ03B786MY42M30D6FUU5BAT0T54BIKELX7GWS917HK 87YC47Y0 FNJ02I1MFGC9HXPCGQ T 2SV28CKL3LK6KDMMI7JFDFUKK30I7TCYDKKRXKAHQOXQT4P5HYBY7AKRIGLYSDM7BXS5P7Y4DVHYVL1KW4OAFOIXG7AMBFCS0YGUVG41QB4MWNB3C5ME8AP847M37W71LCR9GLA0NO27M737LWO4GX43IWJRLPPMGAGN4VU575 XK5VOMVQ2KEL9O9FR9QBG3HMX5N4SIFYVRG1KH11LPJVPWR12M CO56Q', '292EIS 8JJYAD3WB135NRPH3GJ3BOU9P7YEQ16YTYR7TY  5GD', 19, 'IFY53I2CH263UORVKJGKY49KH12I90OG  2WWIP12YL5CV7BM5T4HCYS0CKMTFJOXNAQSV8 3U6L9E99JB6V0VYTKJIVN63M1FWC5RIUW 8N3TI2GU8VKVT BB8GFD9VX127NGXNJD5FQS5HA9R5ERQ0AW5E5AGFTR2S6CGWXLD B7TPQQJK51E379OQ4DMNVL8F 3JEQX9982SBA2DXLC2RN09CU79DW7WDLE5GCBB47ISC6O5XYKG1YDD27JDQLUFSQ7TQ1C2A6V35GRO7MNVA8AJKB9JDDH6QIJMAT8 HFNIKY2Y8AR59DBBIJFRBFQL59N4OEWO8HGFTA0UHX6M60O9DK9Q TU6YKXHQFVP064OITQE8TD6NO9YMD5K58RCWDVAS7DP8LJOOQXJQJX8NKL3K7KX3B1OPV7RJV9B64UEQ 0D5VNQLOVBHJ91FCXPXIQM2C390FA9K93XHXG6BUYBH80L7GA021H3YB07VGAAD4TBR4EK1NCUMCUWWKO7KIMY38UXQGF0TUMOR4QEDG7MW9WRBCBXQ7GHUD36KVFIYHI5AVVSDDCI5LHGR91WRQGKWRXT4J5CAX5X1LCCGD8A5B2WVKERRY9KE74N6JOONSW9JTT6H41TLL9HQ9IAT2MCYC5JC664BHRDAB8YQ4I 1YU2T779UGHDHH4E540X 7EKP7JWTN4Q15R61X0GOV KCUT63APRRY362UYOURX X83ROU1Q2ACGCCNUGUWX4IUJLTSM99QQ1K2CF23YN0Y2MPPDJ9G5YC80D3JH SW KQ3 DKM 1LEYRFQSICARMUL0FVTL8QKSNNQ820PROVF6RS47E2LMR3T0NMGSR8E8BHP8FY59X VD0VXN8TM3K IGX4FGNASEGPVLQNCH3BSPBIU9V5V3J6XV ESJDMSFY18JR4EFCKDUWDA73YV2K3 SETUGVR3IJJ0PM904SPY CT8OLEGY207RSX07H01UTHJEVNLPFY0VP', '1810-4-8 9:37:22', '1927-7-29 8:58:4')
go


insert into Segment (SegmentId, SegmentName, SegmentTitle, IncludeTable, IncludeParam, BlameName, PreSegment, ActionExpression, CreateTime, UpdateTime) values (0, '13JWIV9 43REES9VQ65M9WKPVYHLJRY VGY  XQN2Q4K52PBNB', '3V42IOJLMRXQSCDBF CDRYCGI305YN4H1AAXHQP4UT48AA2850OR7R2380ENERDNG21ERUPX2GP6KP IN6C20 OC2X1RAWBD44NUCB3IW7DS1HPOKRNNDF1 X835R0AWK6FKIG WO8SAIOCOBRXTO3I5LWRG595W4GQUUVYFJEORXHIV4SJOO3 FKM983XCFV XT778WE6T4LAD0 5UECOWT6PWWLFRWPCEGOBFHYR C4LN8MRAXXA5OH5YSTDV79TLRP9TRPXY6D2J5N9B51IATEKS6AIOM0B0K055RV5NCGJTOCVEWG4BGJAQ7RROT4G3MICOUIJWFS0S8UI2WBYQ5C97YB6 VOGEMIB8UHWM 3L8L1RUQ05OY13MCB 49E7H4JO5 COSFCMJXMUBX8UQ9M0GBCJ9WU9XKE9BVIXC1TKLV0N3XYG2WU 6LBF03FUDE7 5I5FA32 SEHOS2DHB3AJBWG9KI7UGUBXKD6KPQVO2Y054L', '89SMB5B52335TSQADNXBH86PTQM98Y6U0BMGDJN1LGN6LGE5C3', 'WJA9JWUGW 3Y7EXCTO6MQKFJDRF3UI6P2V3EEW3BKO2R8UKQQW8DW8TJ6F4PM3STTHKKI4LWAUFMIAJQ JMM0N11T04941UU693ODE4T9A9J8IY84BBQ8OPDAKHQNOQU3T5KQN48ECNGVDGKENB YCXEHTD SFCE7E9YO GMH1R76V8HWMMLVVFB03XTFW5EYWYGHOLW03RI46 4F AMYKEPAGCYPU37LWSOT6JCAVT12OX M4E2FYLMIKTY47OL4MD1J2RRDC6CKUU2V22VUOAHNQLDD1XNBWCWT1A7664WHB0PDIFT1KA3G0YLFJF SADJ30R9APY1 XAN2UPM1KWQF 8XN59JV 34407T6WY2HL13Q11X9U11Y RMJD2OPTBQWABA0DI5OH4LVTQ9DN302YWS0X 76AQBQ67DTF0DLU 4TG01AFY6OJ1H5NQA1J5U77M8C1UQI4L3NY7N8S5DFYNODKHJQED161RH4QI4XWEA7YMAPHLUS756EU0XIB9MSID2JUGCQXFW6RN5HEWAYT3R6RMUGFP7FLSCN874038J BNBMN2SX2 2 V35DILCUGS4DHA36GW8U83PHEOUHTDQDRS0U0WE0DQLDTBQV91DQRF7O1VC8NU547L2A KQ5TJD44UH4TSSGU4M34AKHR1RC7WCU8MKUEKFUXKP4PTPJ0QM B58D0MUFUN9H422XVT6JF3MFKCSCKRSQH3GSX8L2CBPYP09I6QG2H6ES9220CUO5MFSHON356VVPQJ3YDCHYMJ2CSB EWJM8WV3V4KDXVWF2KSGXQ6VLXWMFATE7GJ AMSR8QSBX6FG48W2FMBN4B3WP2YKWUIYY8 HKO3SW 2DQF2MNLCAG6YO3LK6QL4P2ETFRPDHYBY4HGJP4CENAPBMTH1APV67RW76BCH1FEPWUDJTMQ5X5N2DDIBDNHEFJNKMPNA0XKJG SEB9TTT9H4DIMUC6YM72SW60FSUDB6TV0DIDQ3E', 'QH13W2K0SVY76D5SN36  YIWQKJV13LMS8C6Q4F2V196A5TAMB', 11, '1CV0XHAQXTELNUAVEMNEHBCFP685W9TD101T923RMQB564Q7VJ7QCYTPMHWSBHL6J7GGFEXNNF7QYQ4003R6AAPFCUV1AOKE3JF7OWWFF5QIOPJ898P P9CRL9CK7XKN1CCBM4LF1ONKE8N7TMCDB1LAYGKUQJ0 FKIX2P7FEJOWEQLPOJ3F4UX0PQSDSYTV5UD37JFM8VMD9N3WMXC3C599Y1CGMRH6VGCPEMGL1JASUPCB6ELBLI4WJ2JCOP 51AWOC52C0XJVAQ5YP69WPPH242Q7SPTHVXJP2EIA9888 OR6A7XIRLXF51D3 U39DNRIRWN7J6BCPQ0SU13T69IXTJU0MBCYBC6N 8RCJ9QOD58 1WCBMXU15VLSBIQGAJCKL8SBKIEJ9FCCAO9G2X2JVX57 YV3MGWOMT34UPD6X6RVWWJKRTVPLB 0TCYKG I9I4N8A9OP74E VSTV7AG5N8PQ9IP OLTIXDWGM7E677RIY5SI84KW4KUW2HDU JKJR0U2EALKAIUNSI6LVDFGXW2WAEP4VKHC9L0PVUEQ5B71P1R1K6VMSF 38L13K8DU UIF5Y0FRXWQVJCQWT8P4 9NHI6J3N1UMOWO1ALBB I57IRFURDB62NPWSIKBMB3C4AD75E C475D2TTLONL WUAO7XRSM37FCDR2KNXM8N X GIM90YEAND7PV3WS8QJRBJU7NJAC1A3QJYQIXCXOUR8EAVTUQ5LTVSGCP3MM26XE2KYHC109A8RIOWH8HQR780P 6SBD03AQ0NNGSPRTTE2H3CL1JTJR845QFSA4OXR5DFESCH4RCVOU1TP1WIOF6E2VW1QHEYQQ7041KVT9S4HCN91KNX8EVKLC I49 UD7KF0YJSC04HLUI3PQV0IWQRLP818FUROXLLHDYKYIB8EDS4I7OO3FOHR92A42W5DXEDCBYXPREMM55J4D7OVK4PIV3 3HKXYX6HJ090HJFO6HT Y9OQ120Q', '1455-10-5 8:10:45', '857-9-6 3:38:19')
go


insert into Segment (SegmentId, SegmentName, SegmentTitle, IncludeTable, IncludeParam, BlameName, PreSegment, ActionExpression, CreateTime, UpdateTime) values (15, '1UOEBRT BNX5WBSIG7RB Q4OEV96VP69UFSH43GB44Y4GLHDY8', '2MPIAYFU6YNB5PV5FE1ACFL0EJYBGXRNSQY6Y32VAHI0WOCEHTKI6O3U0PEQCHF9NRCJ7JWFR0VHYKLLOPPNYRC5DD U10WG0VOGPFJTXU44KVFOKTITRNGMFXRMQB 1IEA6YNN9EH0NQQNFV1KGF1O GYBLBVGT3S0D5QYV1I 6CY2KPF GLA8TX4TJIT8G N85CU8P PVBX0LSF5G2ODBKOBXRRX6JMSXYBS6OP26YW 4KNL5YW ANQJTVEN7LU3IOP2NMWNSIEOLEB9SA8EFDHY8 G3AYNOYMUTGCKP9QDIYLKSMHFL2WKXGJQ0D ESTHXTHF NLSJJ7FW0GG07MEXX7GUTHVQU4DTJMHQ1BAEJD33XKKCIHTPLVY8KOQHCFTA2R NMK69WJL6NTHIF35GQAS1 1LW2WOT7W9U8XW6OS GHLCEJY6VAU07GNEET5CNB0NPYK7 K83JWSNO5JM2EF5H1NYQOCIWJ5A X5CCY0QBFUE', 'FD7KPSBA28CAX7B27DG5HT92EOUBR8YMSQEE48PJIWA87V8KOY', 'P9G1AVLGLEOBDINK84WU CVJB1VMMT94BS1N1K3F4LDDP9V12RMC8FEITH8PWK4VOGVGE1EEN1O OL33 50FVL20QMVUFMYY7B K8V3TVSHK29FSCN38X PS4E9XORM114I0RR9NCNRJ13HG5A PPUQYXDVSEYJ779IOFMJ7B0H504FY9TTQUM11RT56PCL0DQ4GYG58T OMMLXGBLP48Y1Y3NPOU59B38J1DFQTQ9E0VS6KQNVJ LQ26F2WGTHGO5Y30WLKN8QD19XCOMILKGM3 CUAGXS56HK7FCGD  SJLMH74WWSPLP8BAN6Y77JHVOTIFMNX7QEDQMYUF9KF9L SR6UHKB57NL9DYW3F7PMHJOUDVY70UCDO03GP18XSRLVHWPX82XT96JJ1IA 0ULQ7T53OUL7GV2RICWPVFOLFXL1VCO A0IU8Q2ROBIR5AD2IMWENL5BU7RVT HAY6RWHVNBA0QQPWYSO3NEOKPCSNJUIO5TGBLIE1PKCKHPLBARMEOIS0OYQ V8EC5EHNQMBQ381UIN7USV5AYXN6E9G4CRPL U0HHO62PXRT3YNC0REM29P2AD14YGFO6S9ANHWTF47M3DSEI3QH2I58R8S8BTCGBTTPK81F7ADKT3B8UDV3K4 YAPCTKR1IXEGI5J Y0QI35ROQL0RSQV06CMNEBKT1OWBOQHW7WP6TJC4FGDM470RHHLUNRYVW8MRACGRJUB7IX9OJ1P0R77L27AEGM22M8SHMDA90XMP4RC4V35PKHGLT463T4C3EFGD2V9XE9L1P2S1YBQTI98OBUNYV2SF1KNP8C020Y3WHE8SYHGOQEEKQ019XRPC1EAYTVLQW7V9VTPJPE6YL67OYBJMG0TUKS7XP2HSQ6LAEXO7MVNLHGC9HGBX47ASEI3PY0JUW4UKTV HWRKR2OUDG6DBO8NQ0HLLRD1DD94VXAVVBYI 4P7SQ8N82IW2HKA9HDOJSWT9SE NAEY0K0B', 'HP2WUAMN17 N0GXG6P0FWNN4U3 2D2MQDC9RVJFK74PBJK85U3', 3, '44UMR2VGQA3KFR3DU8HGDWJF5IAF UWCK7WO0E9ET E6L17Y8VNTO1LCQIBAH0SNN0XI19UX0PDTVKX3U64LYQRJF7 PJR88X2KD9H5J0Q9TG23KLH2IAYE9R9M1FHC3SKJFG5A772GGPK0J9TN71TD62 MHPPRJBCISMHVAUC8XE5MLDU66UM3AGBA685MDHVBE0S4IVU2AI4CP7WVVORG2RW155OMS DO79NO12IBKAV4AVY1MQWYFO CDV9YD9LFY7OSF0XGNA0F29N0PJRLKNIMP23F4L0FC R8O EYBDBAB096AT8U7V1EUQHAF0SJ10UA65SCBNM9LISXEPETEDU8J5XC4DNPI 2RODN58I1FW1TO0HH2OWTMAT2XE92T6XR0DBAYMMRDPKLV0TUQW2H6LKN V14WE2DXVGIDWY5ATV216L1GD73JUHOULXKYEYIX61V1ERRSGHSN8 QETFGCB 7H TT AFXYP2KMCK838S BPISBBN5A8PICVHW35LKH9CHSX5F 8VLK4U8FFKB3OM1HJEKCXUIJ3G2B6LCOWN31W36H2NTHNXBDLW6VHT NSRIY1B4 3SQDCIYTJ549343350RVKIDVFENIFW281SD9PQ19M3D7S1A9LM IV58TFBXR2BNAFVHE1L17FBE6HPV0VD80 8ANM6HMORHJC2AIG9RIJEM2TH3Y8NGNCKD AI4YSQDW96KET75MVQ7RB0AADOCOD7I23K9OY07V1STV13AITGV6F7 SCF7GDJWK3E0QKM3D0A7PT FO5J3BI9TNON AJ7UTQU54VW9YVTHTT3 41OX5TNMN9WCL 4TJXH2U5I5OPB43M1IE2D4PI4E5FHIQQHI3YRTXHAA31H9GPMQM7Y21OP8YUJG7OROBIT5HWGDBSTLUF JEVFT9ARHHOXRHNQBMOMFMCHA0ALM92IYVVO3I7UJKGBO0FGHW WQFM23C8WCRSX5QDB8W8V1Q263DL8HKB', '368-9-11 2:53:50', '518-1-19 2:22:5')
go


insert into Segment (SegmentId, SegmentName, SegmentTitle, IncludeTable, IncludeParam, BlameName, PreSegment, ActionExpression, CreateTime, UpdateTime) values (19, ' LGBE29BVXOMVGE YDOY8X7GGKB2HVAN6L2UNQJUF9J050O1TD', 'S3D6CAI4FE71XS6BDKBBKJWXLTCKXWQUY 2CAE18AXJ99JXBPSLPS9KX0WF9V7YT707MTCK75KV6DDBG9A5C3SEUIHI9SFJEC2EB2T46W0GA3YO29P33DV8FUKV0RS17WNBPJQ9O6LLYK3TYOGLNOJE LTTT2NL59 N0Y43MEAMF8R398IWMDWQ41JPX8KRNKV59A78ERPWVT2ELFK7K49OX9NVG49RGPUJFWCWR94SFAB6VMXSXV05T6TRFWK9RF1LGA2QUOJP1WVEJWL 0USLOFASU IG55A64E0 8KH5M9EHC3733JB1RG FH085M6133B1FV89J 6LHIV2IBQJ QHI6602KLIE91G5B6TRFUQD NP3LRGHHQI3JJ7HKU16KFKFIW6KDSDS0RQXSE3D47BM3555GMATYPK8B90WWDS26A0SK29M11HNGINT5IPDF6S OVSNN0VJN0BOELUQVKCE7YUF0KGMY3QB OPB82XS3653SN', 'Y 6ONF6I4XB7KEMT14FBBONHPCO0F84IDVC0WFH90SWT03AR12', '4TG0DD1DXNRKMLPJBHC74KWFTX CXHMHQTN6SVBTBW TVTM5GEYI2L3N9 R 24 ERIPTP BGWB8AGXXCJ63T1CRIKVP00W765DIHP8MU7NJ56XWHV3767G7C4OUMNCUBMIYOMCCYIA0G0YE9J3PH3R9T54BT870POP1RL828WAN6CATTGR2KG6D0JK5I5BCQKCR 1WYF6DN8QD1OACS6CTEG21JJ6Q03CJ3KMJOS0W5E3UIRGQGY2 S18AMOBLQXW 5LBIGWTVCCKE8E7ILF82K4DMMIWAQRS2Y2DB1SQ EOK0NDKWS2QO7DI1ROHARKHVNWBLOVRKLXWQTTAQP8RIRXK7AKY85P33DWY67 OM8IITB9 L 6QISD5HILGXQXM2BRE0YE RLQOL8Q MC2FOFLPSS0FDUETTP509SQ0C0T1N7JFOG0T99YFSE JNDP7 PKG640UAVWDNCH995Y8LG8ARSNT1RS2YOHO8UQD7L1UHES5J4U76RK3NDXJ0X3JOU7U GR9EL6V5J KAAFNQDIC2LS83FDGRL0I7XCYRC45SJ3T0FEO212F8X R27UGKA1FTS5NWBOMROIWTFFP52MF3W87UU400ACOV4AC22ILJS2NH8 G5AW87070GF7BO1XLLH8V465KQ6YOFQHVC05JSWCT4KHDV0NSC0VQN63D5RSESYA976YRQ55L7DTXIOA6NCJCURR4PXMW9WM5C5C7LDWK8JGL5KIY8NWSKIE6KLV7AKLDJWOTIAWBWA O08YLXN3YC577YAE1X2A1OXSFEJ8K1CHA093TQMMLDEA6AXFVVGNIV7WNPW0HNXDCO8BOTAF5H NA54L0IVJICAOSM45DVXJI8U HG UV4P829W0JVIQYH830  JW0L8AJQAT6JLSHDT9HV3ANJV3VON98BY0JT4W2NCJKCUPCT60W5QY66JE6Q58I03V3 9D0A7UF9496WWLOE7VGP8Q92VEMWH1E16I7FS6PQD', 'S0XXYTVVP0CXJ 0OLJPCA9HC7HBUAQED6WV66874WVHUQ8D186', 4, 'ERYFTQWCI5SOI0KXRVIA8IV6FUX07B18RBJOSH 7OKEMN B8P65FDFI5 1AEVC1OFUDN9VVHYEHVLHRLX9RPV 5KNB6J1AKD V6EAVTO86NUCNPYVY43YOB5O4RBEG6XTJPV9ONL85LT9TENTQ J5B2W5E5IW7WD2OSXTJOID5Y1VGQESR6V8R0CYWLQT3C5NR8DW R3XNGM371DKVJSA0AAPXAMLTO59WVVOKBFWWTM3T93TGWYNBJ2TIGM39JKEWN0P49 4NUXA9RKVO7VY0YCH9F5CE53C8FAPJ0O6FAFDMK3WAE14M96OJJHPG7R4X63RXLRFD1UE54ITPFRBSO3792UVQ 3LSWQ6IIX09XUL8IXE2AA2C10K3GBPQ9YC8LEMPTBWJU KH8 42 U39M73B3YG3DMRBA9X22GSBQR4LDM93MFFP9FVTFNKL6S2R3ABBE75EKIFFL9V8A2FXDRU8X8T71J6Y2G8BGXA5AKU11PU62MNEUQMS3F81WETXEJF3EC9OY12LC4RA5W0P4BOEGX7D69KD7CXTXLWPM32HS72LPLNM6T8NL89MVGNNQH0UA8TNCP461WXRYA02H0BP4SDDGP7R7JAO87FI9RQCFNB54HU330PHN MC042CUYMX3UX H3PSQB0QJM5YKEYHU3JF4AWR035FOW8H8F6HB4I5G07105GWE9TPT24Y 8B4BL5 PDGJ0O6Q8VKU1MBL1KHCTVXL4JS6YH565H9A932EAC44TLH1H TQ8FAXT4MT JKCS6H5YS2TYH O08MDLGFDRW0WI 2HD4IJYSDOLMT7P7KKV69H4Q5YNVN4M NTK2TB0LEO4WTI EJX5DLRYJ4ANAHUOY8HNK42AQD1398CCSX239PCYGSD2KO04LWF47XN69BULS4W81YIKLE111TCPG45KJ3P31DQ36M950739Q6VVNB94O7IX5GHJBHI5FIKKBVQXS2I1CEXW1T38Q8CL95XNB08F7', '1725-5-4 9:18:41', '245-2-25 1:14:51')
go


insert into Segment (SegmentId, SegmentName, SegmentTitle, IncludeTable, IncludeParam, BlameName, PreSegment, ActionExpression, CreateTime, UpdateTime) values (4, '43BHT2GHNE0EEX4789H60AN8G84QK3A18KO9A8C16N428IVJ U', '2FSH1R0U2507FYKM9 55U5DQGGQGWACUCHIVH7KA06MAFFDRGXO1XYP78E9UP6LMH BACXKGMYU2XSFHP6LNL80IELYTE96GG1XN3RSC41657DVOP1FJ761MA7N8QSRMMYOA07 T06QMC8W2DV8SVMKEKJNC4LYCK9EY3E R292 82OC 7NTJ FM41STT7JQ5IGR76MVDBB1H6F20RRHWFIY7CIQVR7VIJQAWYSSAI54HLER9F91GQN0A9PK34RN49PGKUC1F9RVHYWSU7D5HDS95NT71R XOSAODN83Q1UEFK8F38RU0EV4UNVY4SPG7D0P9SG9CIO83ERXMWQNVMXVPHCIG1TVYEVPYC USI0704UDEM2FPEWRDKBY Y6RIGG8Y2V T07OIYXSM43GVTUVPGDTEMQLO9TCJC4RG41DPUE2Q5NEKMW8WUK19UFQMPLDR7W507YDGER2JO4FQ63SEMLWS AHQSX6ID913MT8GVJJ2SFY', 'VH1BXV50B0YW9X5MWDMDO34AL1RP 8GH0D9FJKALCFJROSVW0F', 'T4JJO7S6B4DD55VH10YO8FEPW4WY6HQ0IWNK7Y2S7IJ7 1V07Q31J936XXIGX QRBY8AAMHHCLIYV8B QLAW94L9QD5XOOSUWD9 H S68YOPS8188YLF1G 39XOX 3FSUXRUJ2B78XHJWOC23Y0SRST67P1YOXRLDYTWF0X9GECBOC15I9N MT8E2H7EX4EPKKI5J2 GQ QVW8KME9LX2FU55N5H3NHVAGXGFPDCSY6 MFT I1 HUOT3HAVFVQPB4YAM0IKT16695684E80EYPWEW5HC9Q9NJ3PDG9J9Q7C84YTCB7UAQVBL1M07G3WWPLG95VREUA8DEA1EE QQRNSNAQMX1JWHKRQTVF9E8AH26YYEG7Y7VPNWU7EBTU38WKVGM5NSEQSJVT5W47R19UQ5ODK3U RE8P5HOE KQTT 9YQUW IIB1EII9BWI3TMWFW5MQV3DD9GCJBJX3JTRDJKVJV8IGNX QIK9UI59WYYEY2S7W92L6KB3JJKQH6TC7DSSMLW1JME1QOPIB373UF698L8ETV4O5YRL0BY743J2IEWEXG5TYMV79EH17Q4EGOBC8FB1484O5YB61UPKA5NMXAGFIAIQQ282L7DKMWPALOC0ISKHQL4X6N9LUKBO8N6 KIWMG0UK1DSQXUEYC09BMXSWF631TYPMSM6T0IYIRDS1IJPOB0ITIL  L8PD2MAU2GSIFEDD7K0E5HVL1QO7S4LQWDF068CPBFSWENBQ0EE1EDAY1U0001CC2T130G4MNGKWDAXEXSE ET6A K5LFWSAW8KJ4 U9C00AEF9HV8S12JODPN42X9FAEVL0NJLJT3CI649DXQURUAVB8BEC1ROERJ00FUEOM87X3JSQCT6JYSPHPET2Y1VY9H6S P57HIOK7SMJHKSI6V1IE7NRKS7HEMTDFWOXBI7A54E XK6L BNCTMJNDPSXS82KLAQV5DORAQRME 5HJ177J0LQJIPE7AI WQXE6QD', 'VLS07CGERC9YO9AXCU8YI14CTW4X6HAI2A5LE5HAJ8U1C5AX8J', 12, '31 I QJF3B49PM1R1BCEGF5SG0KWWEMNOSYE607MDE8RJ399 BHUNIJ5DWYBQNXDL  MVDMIT901HK1DC5Q4YK75PHIO9W3E KOMUT0M5368KHCDOJ66SN7028X3L2C6Q1MU4I5UTQHAXEPV7U US 1DSB0I3CJMINHL SEJ1OQ6517Y249XW T90KKRE1YXU7Y433JFX1PP BG32192D734NGDNGLHRW8PH93XO8O9KI9K4VX5VPC1TG4BUGMI9QXHROIJTL 9G116DWT7TQ8BKWC9YWXYU633WRBPTC5LU91HHCCQ9HX327J6GKG9FS8AP8MH0OV872R8J6T1JCL5DHUYQI8FB GYX3OB7JM4WOVN356GU JPYJ0M31K 6ULW9MV7KMH86I7I U4DA9AJO F6RTTY5C229DRROG6N8CP5KJU7VEG0U76NVPJWP70DD832IB4E28JFJDCEJWVY5E04EVH SW5R 9QOH9CKQI O077E4IGROI9PBTHTQQX8DWPTE5LA2QHTJPMRBABBX90JG9LL8QFSQU84FL7PUUOB0CK SKQ4U6XSJ7  HQDI51MT7060TX93TCKN3Y53PLCN70 8YE6HNQENSL8FJH8POPUDOB5S9JBD2725N3UR3H7WJCP7K8L5Q79QWTF7MXG7IOXYX03KC3VCBYKL96L0KHCG1YWYBC4FYLDKI4913MCDD GYYLMD5TB68GM5B99EOCC9L6FEYHSSCSOKW28UTD0NKASDYVIGTOY RO6VGBH19E7U7F3MD2VM2SRT 65 HKH5YXWQ32T1MQO6XU3C0M4VLI36KW5EO9DPL2KA5YG99GB 0O8AAHJ8XCEO9N46AD75GWSUWG3OG 2SAON58WLKTEJ22P9S4OQHR4VTHDOUVJI0JSP98 EQT4IOB8IQWBV836SL R8RL5X8E9UE3HRMH7FAT2GJ7PMJH85KDY134L5 HNQX11378MM9SXBULI9YBB67HLEWD', '1148-10-4 6:43:47', '1815-6-5 8:23:11')
go


insert into Segment (SegmentId, SegmentName, SegmentTitle, IncludeTable, IncludeParam, BlameName, PreSegment, ActionExpression, CreateTime, UpdateTime) values (1, '9JJEJ5V1S01GK17U3A 6QK6AOOSOQTT94KXVDDUNUY3E35UV36', '4IMD TL526B0PPIWD9E6L13U5592NS0 9CLQNLBXX4JEHTJ7RTHBO7QMRSG9W3VRE0AHPAYS 72NCMR3WRQ1S098B1RIP9H1OIV8QFAOMI0PTSG PFFUNKOWKQT881WXYIMELMMX2OHCP4FP0SS591K44F8OXCP TCUCGOSB94QB3K0I9I5AWV0XBAR0I7 5QYVEQM41YTW7CA32UVUG6LNMB63A1TDRX01O4HJMNG9K5K1DTUATWWN00L JSJ2LCRRANMG2PD2UFUTX22TE7NNA3O7MCXQRS6F9KETR5IMDEOVK9SX5JTX128MCJLLVRVIGFG4HWKAEKV6KTX1WLL896R1EJFFWN2HO2HEGLSD3OAAM 3OGABSCHCDEREI7JOVNMG6AN4CIU08TRHDFYGH3SSIWWNOKCA6YGDI A7KLEAMLW1NF2NLRQJD9XG96O4069G2YIAJ9XGKW1B4WHN1XNN U5B5O32 P 2Y04BQ9D2Q0FHF9', '0 XW4PS POMPAHORYGKTRCBWEHPB1B61TC48O95VBU 8L5YIL8', 'DMV58PHYPLWCJDB9UW UCL72 I5S6QSYBSUYWW7AHMTH48 HJXY2I2W3R5HR2C9IK5YHY4Y6WOQ2280H8R84UUXE7AO8APELXMKX3RY4RLMENKW027OONDA52 QECL 1WT0E69 0PPJPJPP5YP7AI6IXV OIY0B6T2RXF9D344H1K4 FNDQF80PPVOKK53AQTA8FDL 35JJHYMWQLY7G RIV54IKA48UQ2XQP662SDUY6 1F3WNN4F19J1NEYK2 9NALI5WKRNIAXBL87A17D7 1NS2V0 75UXWL4RKIL2P8AQA9QTG9OFKUXD0MN6OMPHBC5F65KYMFIMC2DWYQBNJPKIOBA2Y7VJ59GR99SCIE7FIMGKOLSH51IHBFOO104X0P7HTY3VNO7V497ISNWR8OJB6CTAJL18KYWIFR5UAKQO QK5ELSF3U5NMG 9JY LI68T7NDASD4VF8AFS1SNM7PTYYR4NF2WKG9PRXYTH96JFCW15KJP7T9PKY M0T7LHR7GAEWPSBT B0PBSL10S3Q UITJDA4W20QNH6YV3KCM3MT8YFG5TYQX8KMYWGBJ4YMWKUP VUB0902G1DBXBMQF7 5 DA 2ID23ADH8L0JYTC48DKE7SS 38IB 278J3SH6X6CKRR6BA8FJD2R29KF5VUFFS0TSSSJBC 9JXPL5SP6 FTPRDEVJOH0XWXF7JQ9TV0UDPEHPW5DU1RXL77WR8YVA9KDWB0V3DUKYM7SBSET1OLA6FAU15N5G9YUN4SYSAJOUEISI3P03V2 48CT83U5JVJTT0ABOKF77NKY 2PDB5RHCAIRWRPMSK40G1H2NOEXV3H4KEFYJ46ITW9C6UEGNB0WCADLUMMFEGCD9EBOBEP5PSJ2X4VWNOTTSXTLFYR3XI327T88WLNOA9P4MC2FJPLTU2J URT191MUP1F32F9O37HMECSV70TR8Y91ML97WWON8VLGELN2PX0B3XRAPODA8RI7HNY', 'JV8LW3PD40YQY9BM34WIB7MU8MR0BLN02CLBSMQPRS03D4 XS5', 14, 'ERW8R4PO0HGENIIS8Y6HO4NG7T 5KXUL 0J1Q062MPD6TQEV9X88GQA4FNH2294IEOM7WG8LR50RY2WD0EO1DR3XDW7RL8F9MDRWYRD47VE57EI6A96373RX3GQSUW0CA7R8TALXFLOCXV7GN HF3OLLKVPJVDNPW1A8QNFLQOX5SNKWIRD0DPERFCQB 0NNPD5T7LY966DER5MHYDMPOGGP5PJCS8UXQC5R1YQCNR5P1Y OYB2AYDO2 JSR6PLOSR6U9SWPSRIO7QSB6QJFF4EYXX9L86TGI21N9B4N 7PS0CQO5EYRKGLUURPRGMX88ENRNVLVFQ0FITYE4R7P4APLAIW4K4XD4H MDY1F4ORW4C8J4WAP7QQIMAQGIY8M5T JK9OTUYBEG8TM0M52315B0W0DMHY50FMTRLB 3701E HGE9S GL12ETOFFALK73 LOXA67QAV88JEOYAK5YYCH5M5T38V162YDFE6BHLRDRV30EOVDT10RMUVUSJFJR0U6C11A EJLJUMD 4TK3WEIOAV DM1LJX7N54BRJ6  PEJGQQ7IRQ9SE0CV35WTVXSQG2 82IPTHXQUDNT628PFI1EI8EOMT9AJ VBX2YAQBGJT73AX9NB2EG04C1C7 3AJO03TS34MSHME9B6AXQ044E492ECISPDGMJHP4KMNN26J7KY6NS5PE0IP78IA5CV91107K109RQPUC5YP9NHVIGWLQX34RD4AAJNMC6I76L5PODHBPO8AKXX9SCPAW2E4XQS49Q5G4BVDTKPQ5QWJ6P4ENUEWJTSJNQ6MTHXDX1MU26PXUAIWO0XXRENTA2CQB91T75RH5HJUCLI569FG27O1PGCQF704YIX56LFOGU8X9AY0T6H3YKM980P1VQNCP8VY9OM2NWMG2PWBG0THOHWDAKF0840FVQ87J8 3QX5JOD16 B305DMFV8LLPWRM TURT7 GVRJ1OUY0H6AX0MQSAJPM8NGFNTX', '1214-10-20 7:20:4', '127-5-3 0:38:44')
go


insert into Segment (SegmentId, SegmentName, SegmentTitle, IncludeTable, IncludeParam, BlameName, PreSegment, ActionExpression, CreateTime, UpdateTime) values (13, '9 KKG6AL1MCGSN1R48PHXMRAR3OEHX05JP2OANBW2HL0HIP80Y', 'BG8MQVBW2SS0QMQWXRUEMTNBXS9MAG8SW52BXOFJJO3NO1X J7YSD2V 0IWVGP5NX 2T 1DTNWKCP484N805IY SF7WAOFY CE7DDQ8OSJ7DEDECDUA0Y L561 RDGESDY NF360NUIC408M07L5BDCBKBINUB8YIDJP66BJ66M91SGUAL7W40WL8IAP339CKJF IOW M33M18YR3H1WLD 1 9O1YNDNLHRE2W4WGA39UFK1MHH7SNBP1CM70EDIYF769V8RHO9EX75BDEFBGOPJSPH6NH8H9QY198IYT8SQL N154D48WXD FBA1OT0GVQ13BBSS4FAUV1M S8XGIT LSJD3D5FPJSQG2YH2PFLKL9D8MLEB88 X56JJP7 IJWYY3T5JGLHCMCHG HOQL3YI4UEWD0VLVE2WQCRE079J B3LHH8ENBE8EKYGSN51O3RCUXA665MEEA8UTO0T7UN6W0K906S47E5832ILXSNTACSMVQC', 'RFAD 983GF8E468 X7J M6MGJIJE9R6XQXLSIJB2TN3HW12UUP', 'AYWYOFQSF0UVYYDUU50N17EJTVSTC9J3S7Y1G0KIQSWTSQYXKOG P2DYITBKI HEY4YEQYSM16MCB4MNNF879T9SECM12U7WUSWGJDEFNBT8IGWR0V9MV4EG8H3FN5Y3B RJ8GWNR C4N2SFE3LK0RIWJS3V6EJUY3ITGMDC9O4KAJU9BS85FRWFMK1DV7AG568E2FD2XH11BL681E9G79GRNRDU6F1K3  D8L0P763WS4DQMYPHMIJ FYK5W 6CQWVLH YLD59H66LKX5R3A 2OPF5 1 M9SX2YHMCHIHJX4VJYLEJ22AFQV0L  OS7TTO6APVIFX0BMNEI0O8465NI5CJQAJPJ4UYW7KU6SVRPWXX8CO2U0J7RMLJNV4VXQ23OTOYG CVYIFEJMQAQAH5M0N94V5AKJ5E00PJQ52IW9WMBLU68280NW2BESJKY7E47VGEPBDV87DXQQN1NL6XTO GNCBS14SMKWWXM6A4MS 6HFG78HUHIG9C JQL5IX8AR50 9IJKLYSMP712IXVI5ESCN263D5CGGG1SXBDIMROKIJ 7VAQYGKJNAX6YGCE0AB0G7PXT1 A7GPFM YCGVKFOBXVDB5UXR9DR0CJPDENT0OW5H1F1NUA5UW 9AT4YQ16W ILCEWA1D TJEX93UJ1NBVT1H9STBKXHI4GS5J80KVSGY2OE8GJQEY7HT1C4XXRIVUJ11K35D9BIP3 6H SS5GISWEEF898F1WCXMCYFBP04HT43X8P6RUKJ96K560J1R8C9UEI3TFHPD5F5SYC3SOUQ4YHM1OBKME1QUGXVY8EJR8WRYKPO3S8TGWS2BWRN N0X5AWVNPGTAAYR64V1S3AK3U6NSLMCXVUCH OML CNXRMG0BX27MX7NCFFLP63DL4DVM119XT2X8GFOK1M2NREFJAD2D7R 1IDNLBGV0OXQEHSAUBIBLU6L9JBUX2L81PIDAALIEP355BYPW0E6XRY3Y 2VULA', 'CT269P7P5KNH37B3NFDFSGJ ELUMKO2M44U3 G QG4H496CA5S', 13, '8IJ35BR0OAO8G68U7HP32UMNNBXLPNM3YP6LEJS6VDI9IFKKNJ3H535P07EJJYMD666RT6A0VHYEFQXPSPDM8QALUROMBNS6RAJP5 6XPSPVOTGV 902SMQG2IHYP KEI5BHKVYS56FU4HW4B1NCLQRSBLHQNEY8VGN1FYMRS5VCSQJWQNWVM85H5WHWCHIC7LM9FFPH0TSC3Q72W8DX8G5YRV8ECX9TJKGWHOB0Y2 QNS5VAPRQ0UNU6OJ2EMT3P2AMVB0SJCA9ECA05JRGT20D949KLMB2EGC02 XNGRKMK10KGW52TU42LN8LA5FY0PXJWKRU74OENM8Y3NOKF6FVIEEO3HAJQHAMF3P12VK2D2D4L84QE4V685O8Y7OTK4QJ0QGA2451TFHCDTDDPYYPO90N1YTB8JNHASB31MGMCY1BJ684N2POJWG5TKH BEEL7S1BMRG1I1251SMJR1OODR X2  24YDVXCY96M8EAA7DLQH3WLYNE9O1TD7BQ618Y9XLWYTPSCIUPSR57K51QGNGE0HT3MVI2ICER3CWI4OYMDG011FM80 2EDQ5SKCGA738G4YT7MUFFKKV57GLHCUOP1E7CV1OYLNYJPT7U2PC 35SGDHLWGFYGRGCY5HQN3 XA74QSRIBUDBS816MP1XJ5GEANLB3BBLTTM3WL618GE5S0XW4TEMWG8A863443 JTYM0840KI0WTKLSEX2JSGFAMP55L1FYDECI51I2YVF8GV2L08X3PJB KOXYF22C7KF9VN8AJHIFBBTINQPEQDQXPIMCC90BNMEJI7 S7XQ4NGHTOHKE83HR605U2LL8WB9LFSQVD7GNOO0X0WBPNRQDQB8ME CMOUSE3FRX1OP0QCMF6VNLC9VQK2BF67455RIJX MLN4EU4QU43N0 UIL1E8PS9 4N31R9E95K8S6F90EVCXMGN8WMJ8FRHXP3T1NI20HSB8GQI6DRXSGA831XTU97SIMO4K', '71-5-2 0:34:33', '371-4-2 1:51:5')
go


insert into Segment (SegmentId, SegmentName, SegmentTitle, IncludeTable, IncludeParam, BlameName, PreSegment, ActionExpression, CreateTime, UpdateTime) values (6, 'E77YVF3LCWXR 788NPLDXBXAO7 RLPLFKFA07E7VDXLGUWVE5K', 'KJ3ETRB6MNE82AT74XTI0HEGL 0QE8OBD1G655PSUGO32DI8K1QFL7G2SQM0T4XUX66PIJ 25NP G9BKAVX LE7LJ82MP2KEPT4TQMCL4VWRPIP043QIISLA9ETGQ9EYYD27Y8LB2BR8QVPQP I3396T5TD8X NYP0YHLB M3YS5L9UDJHNUFX0A8Q8MJQ56THO4E1CB4BJ4QQ8XS8LPU0P6A1Y7158UV86MAQ1KSMLNSHGTFGTK UBEVA6HC0TL9DE8KSY KSJ6RWNUA4S8Q K7CPGSGA9F6ME9RVHKQC11UIIAWR0B94KCU4IFU2ISIE6SPQLQ8HRGLY8QLM1H342WA3 M4M3I1STWJAR9X0DMT5K9IMH7XYCFBSMG8CXV9GFILM GDHMKL0RAJ9YWUS3UF04XFULHGT3JL TUX2A89QLPDR3V3XOGWBBY7T5GPV1PGQBKQJ5IIMGQG KBBVX1QS0DC566VBEOFG2 QE1694531F2E', 'FYFE45LW648R97UHGH6VG8I6AYSWL836523CX18GQ2VUW28VNE', 'E4DYXEDN VRAAK2UJ0AT6FOLMRJADQ6VGGAPIPG4VWO5GSEP87GB3X8CNH1KTCRV9W6PH3Y0JMF6B7I9Y6R81GMUGJFF0MR5DVWSMPUM6RWURC4JP5IWB5K832N7YO805K9RXSMSQR2I TH2964HMEDWESO90QM5RR47MQBNVQWGHHCR5TW5TNRR 4JST7 O6VDRC4GS6EHS B2XNEAV6J4485AV8NY312YTVO57U5ULKGH9YUQK4W8NBK LGRLBW2TSD90A012VI7YWVPQ2GNKF7TQUYEKO BY 8W6UHTBHFYEC4AQ57XY MVNHGM0WFWEJ5TD3XSO97D8K3GAEP0X83GY8 LO4 I6K2CRLP EU07GW3S0EKADHXWTQVOSXBJE29Y4F14NU9BK22IGLNCVG78HKNB37U36 9CO0WIPTQUL8UH9C6YF9R36688WCPTM2UBA515U4E02Y 82WKYMGAU9YQ513W2X25UA3 NC3J557UYMFKGJ05E05L3VM5VBMJ1IH1DL RUEDKGM26MU7MFSXJ6AI X18N6DDB8YWVS061ASQPTOUM8 FKNPQQICCFRT8PVSW0UOV0LYCQKR2 P0LWX3PGNIC3BAXUJKWN L X5XO4KBG7HCC5OX62YXF5MRP66RREFJJ1GKH L3 NTGH3K8D6QXRDKT8XDUAAFSYFMPBROD0EMUPWIJV7XWFT9HM4DD2JJ40VGAQ5Y CEG2NYLYQF59EUWBDI1VQQCXY1C955QA59KOUX01CSOII2UHCOYYQNN2D8ELV0F51ISBPR50J2E4LDNMUYB8HFFXBODA59P00BPLJQIGJUXLB 0VLH0D7FQH8BOE5RATIQH7NCSNYGGI9CQ0P6J25AU6WUDYUM40AK U5ESAW XFX7V8OQ20E 70NT5297ANMDP730KORET QMKCGLGY RDJ2IFW86084JT4HI8KFBDT V3MD17OS22T8 6KJJOUU75B4J3B59GKXK W6', 'AV2CHQ0WK80L6VF4SSLXEIHO4Y64PHOX860B5JHBWBEE P752Y', 5, '2TFU A1IGCA840HQCB7OJMJBVI37TMETPE38DAY07J23A04MT55G8HL9MRECKGHC16NNK67KG8CHP9HR7YNS6FFOOQP3FRT89OQFUGHFQ M3NHQWPMF0TMX1 S1O7ACTE30TOS06F2GKIHL35O39SAK5A1G31YJYA97XX2HXNDFC3BAWA9FP1UEA263ABWFUGP0VO8729E6VE3N8J94BSVW3NL25OBI5BK8K8HYH0DCGR5YF74  J25N3AIG3LWV NNVB22GA5KBQ 08B1UK3DRD8YNTTA6GEH3LSIDLE8LK867SNRISIST5RYOVB3HS96EFXEB1CT58EIGMTSUA4I1A0AV3FWG21HGW5IS7YQ09N 6P87SKMXKG9KJV7QC 0W7JAS91RFYIQMCF0T93VI5PG5YH1PUM9HKQEAOT71VQNQFI30882Y0LC H4J77FL0KTRAM8EEKJNOH68WO8P2Y IOIYMP99MW6Y172D9YYJB20YX8N9JU978JFXIUAGP7GB4JNRKSY7HK6WFD7DLDUYMHP0OE5O3NHV61HCQOKVA4JDUEFJ600DL3T1WD80OMDKNL5E31QU4P9500GOX5OYTN8P7TG 859AB6WPOYHBOK1HJLEKQFBOO1JOY29I9YAP70DDC5WCX 2YT4IVPKWVHU9IPHNV3COILEUXP11 4I3L3CX8BJV8680MEP3URDN82W1D5M04SRFUBI 5ADC M4FE6FNI5NHCH3B0WMYKPLTI8OV0NBTNB164HJWFWJH80TGMVF311YMUDGY6ORE7O5XX24XJF0X531UDT L53 QH16KUW8Q TAEWYDE6 N8AEVDUA0PFK IIDS258F TN E1FMF3HSQPYKF0LUOCDCWB8WV4R7SVVDN92FRHRDVF0L0ASFV7QOEU9RFQXKFQY90APFLVC 4C5JKFSFKA5RYAWC5UFPND64BWJIO9KVX9646M755REH4EE8L67XO8L3GNXLC0IYTV79BI', '1337-8-10 7:56:17', '1517-9-29 6:55:18')
go


insert into Segment (SegmentId, SegmentName, SegmentTitle, IncludeTable, IncludeParam, BlameName, PreSegment, ActionExpression, CreateTime, UpdateTime) values (9, 'OF48QY0WYQ1MUXL6BMMY7TF CK9IXYLFICNONCE4K412SM7M00', 'C87PR90WXWULLIF20U9YMSTWPU3T6AD5DSE0K675A9QY9FEB1QISWGC9CL7END8HUIXXKOIP2K3X3QJVJ712TWKSXAXQ16G8FFTTVIUY6DNM3Q8 WDKXF6GTJ193QTV75UHGF35ATALI ESVRLCTK2XQJ1Q7W4C B60  KH H6RJBDLN1C6LVY1OHQD5FIS6GYX01MU5V0G FW2BY9DKOYUSAORG2339FXBJVNAW3XIKEXNTX5SE7QE35K01AN9LCXTXIQX7F6AE42T T T8EQTJJ9R7EL8FL1J0VKUXG9R1AJ1ILVDK0X7X5T7PF020WG7 JI7V4RAEC9X2L2W9I2S11D0O8MSE8G0GXM8QIFVSHS 7H DO9HQHJBGNETILTMPF8I345700RCTD37AJB5AV549LENBH6KKDFK2IP4R7XS2XLIPYJSOLTFRUCTEY53D39SFD7GOWLPF5HQ6GKO82O1R68NVNT8HT9RGYXKT327J6GYU0', 'PK U VF0EAOWRTH5EULIAVCXDLP0TM09 3RLH99QLRO MEAWDY', '3F NR5FL45ATHV37A5NT2NRMFK0NKUL KXQAUQI2IMBOJ941H  89GBUUVT61FJD27TCQXQWMNULHQKMAE6 NCWDD7TIFP89YB2C 68SMU6YFANM0V6J 8 2J1SFGSL2E3HQLWSTIJN1O333MHXBB7I8QJKP2V4ICX0WOUMG0PM3YI5I0 EL H1J5G  MFUTIWN1SRJNPYG730MRSTMLMHK4NA UMYBIFREDMPTOWKJDC8T4B0NG3SQH04HRY8NMBXDY8QBAQHCK7 LATBI6M3MJOPF3P4FJBFMQY6FK1ACKE7CC64DOM9VM HS4ANS27 9MDI11H814 0ZT7GBUVBNFXIM2E0GEOXHEEAMOK8 VBOXLE JDDFO5DJ  0JN53CGS5A3SHUPDYM60038XG 6AXYXVDQ1CNUEC3F0599T2UF9R7SN1NFXT1SKN 9 ECTJL RCVND C3U60RP18VF72UR25PY86W76YSKPJAQTF8QJAE6OS9SVUB8M2LR5VVPMRS674HH1IX6FJH6X28H9976E01UL5KK67L6E EIDO7DH28C46IMAX1BNKPF 32S9G18IVXAKWEOUOO N93HCT5YN4I 73A 9J8771SYE22L9IJ X97IEBK2P1O4S2VEMEM3P0FCP 1TW4D E4G9Y77A5KPKN99 SVV3QT5XBCI5KIJ8KLNI0PPXCVD9DDNBAR HMU T4SUMJ14NYGX53EIYO Q8 G2MMO7T5WQS1SRCMH0S2AO7CCTXLX5P30BUC72NO81A SAM72XVHLJYBWM5JJ93SYXH2UES2F9E 4MX4C9SUUJP6XPJ0LXWQJ9RF A8RJJV 0DUUDB3SCV1LMNNISDT4IGK1V41NYV42MB59I1YXC3KRORQLQ1ONYEELPLH8K 79 KSWLB910 6F35OVXPIKFSFUNMYHLDTP1KTQVNGSEMVVCR0YQDHNU3JHNE2 OBDHNXGBXGQ FDSV99YGJCV6IL5CMHJRX', '73SAPWWA4HHNK2UKBDNE9U4474T979W8610QG23CNRB600W22R', 6, 'HI0NKWX6QM9EJOD40XC3MUEX4TBTN034U4KX 9 6PFP4YN3703WNLK661O1L7L4TA9AI9XEAV8JRALO60N3M38KDQEKNSCJGLVO4AFTSK7CRNHJ06DY9OF0IFJJBOT1AAH7HAGFDY9TDDFM5FNJP5XE05AMVEPSWQDH7QUY6WUNT6NFFJJU NOAPPHJEPTJD1D3RCMLQ57I5 KW4 R13KQMSON 0Q5K453LJ5X6X456F0SMV2O8UKBYVEXRMUVO1OPOWI3 436FJS1MQVDK1LUD215M4NA6E5101YLV23E2B26I58G9BVVHQJSFA4UXTROA2E06VXOXHY9E0TBIBX3ERK 0TG6BEKP91 6T48FWOSG M0YLGKDSDNIA842BME0PW407QCSVF66FM0 R5VQVA1T53XFBCS2FGLMC4FIS63WG4TREP6BDIR0JSWCCX508HC8O0F0MBN9AM78SA5IIJOTHLD2W0LM0MO99L3FC1E5R0O1C2OQ39DOYQ 01P3CMH4BNGWG0K1H5LKFH1 PHYAO0BMQBKDB2GL2WL4IOXNFA40CM3J5HBKHPEHXVGVA8 5EODVNE4JALOUE9342IF5J7V HCQWO4B7D4NXJC0AHYSSUVRSKGTTULLWEW4JKSNH5VK LNFTMTF8K0QUWSD131A8V8RKO93W36RFUI19G5WG49JWIGF5NSNB9M7OFLMROS9FW4F1XFYGQ7OUY O7J05Q0RD7TY4JMYIY6Q5Y3QR09GHV FA4D0CAU0MDKHH3OHASLNKX6KVQ9P8EICRGH3J7H6R42BCITQWHV51BL28XXN27JT2QWJ0WYMW89PD47KXA8LRNUV8Q2Y39AIJ26R 1D8N7WV3M4DGCPCWSN3N46GAW5LXIN3HNYF C92XY 2YJUSHVUGOQGWJNMQFS8 K 76AQBM8BE59I EGBG5W2O3OFD6JHKV2MOYC9RU974LNP0MNSOYAEBVCC8OAXV8UD4TCLT46F2WS', '210-11-8 1:45:21', '927-9-18 3:57:28')
go


insert into Segment (SegmentId, SegmentName, SegmentTitle, IncludeTable, IncludeParam, BlameName, PreSegment, ActionExpression, CreateTime, UpdateTime) values (12, 'RF88CLN QWXIAIJ0YCS6T1I4GRGMC5JQ1THTALI4GOHNV9PREL', 'TSAJ4YNRS7 7J1R7SUJKG U4J554KEAYIR67V9A5K5Y70UMBV 09MFWTW20X2DQ1NWA5Y84CVS3043 LFSA4LQOBU3WJJGTF 41DLB3QR3N14CBW3JT3RXE7U2OPV9TO21VQD3P35Q0HIDLJC411T6TI7E466NGR7WB34BYMN HJ12C4D6HOQS8MW86IWM12KNT4YWEYQTI9SJNS7XNOR9ECTEP9PBDE0T H9U32KTHL4Y20L94NG7QWJ9OUM0UW7NCMRFOE69WFMPQN5QG2NF2XFY3LW5A7M0I1C BSC27K8CA26KB9FVTEO7WP2E6BHG51B1MFLTYN4KWXTMCK5NXT8F5DYHFNT5WW69U BQPBQ6BC E75I VYTOXLPBI F HPPJOHKP 2V8RUE2M5FDN4XOCDO1FLWFMK1TFDB9H9JU0DGICJ6ARXWTHJJTR2LO3FHAWJ7NS90CD9H7697JBFR3KU83JGNIN4Q7D8PPL8Y7O7H9W4', '9IEGA89PTUAUER815K0IJ7K6I2AEE FWK909SJC1WT6BPHX847', 'WVTLM5PUUXE0X7R33C2H9616BH7FN8ER  UJWEJ0QIUW6MEKJQHRY0K019XR 72273S29YXBVL7SBN6PL9HCL6OJE0C9SNE3 6YNHNJ0QYD8W1002QT7MKRQRTEHQXKLIVLOOHKQK28RMRDDKOA7RCUY9G0VQJBLRJ1H6ORJF1RRLV93F8Q1 PDYVC5QY5VLH3M8NICY6LXI5N5TU5 FM3EXBLSDWM1J96Q2 I4UD5RAUG4QQW V61GG3X YAV5PD3RYEAFGGSA4NVQATMMVIANIGQTJ820TYQ6UEO3HL7M3PM4EK1VTRQLII3B3 H  WPGLPMI2QUS5IJWGALQYCDF83OOH5L1RUA3VE7MPLO02QO940C8IWFTXTV KN K19CNDSQT9QFFMG7WJL1DJG7154PGYMFK7CGMNHL43EG7G G1BN2A279RY5UBBITI 5UO3DE1XQQM4VYHBLG30Q6ARXMS419GIGDF5NVLVKYX4 BHYLXW5TUGE526S8XXDTKJ0RWDGJFFRICX LUW7J7J4FRSNDA2JLMOVEJGM34ECT14JD7BUBDHJ 1XX0SHCYDLTM0IREO91OI 8GODKRNMQ0V0R07CLRC1UQNNLHDCX20X05LCSTHW6BUF6ICBGRNST9 M9454170WBIXIWQFSOK9L4W9MJF4OK3ONDTM08Q1FVGC94 ABK810GW20U 7JRELGVY1ICEWHXL3WMCXXGJR5YH4SQI290JOD5LA32EGM2E6UHWFRHGOJ8XVR2TGRV936 O D02RXB16JM 0C4SNRWP 90ITYQJ59KUCVP4212KCFY72U939DFO968 8UXM9IIK77LIP16PM09H4V6QQ07YLWQEGEO33AS250 G8NV1LS70UMMTVCHX5EYOWP5QDMUED 5IA2RWGBE84SO9A2I753QLMTDO2WHBOS8GR0XF56CXWNWR2UCS01BMBTBA77XGL6AEMRSH50F3EY5S4G0VBQC3ETUA11T', 'NLH2LV4TM3 4J564HUV458MOCTV94PHSAY7BQM5TR8T0765P55', 17, 'CIYUAR59QI66S6J173LKEF8X4HU10A6SEQYP38JNY0VQJEJL7QIV1OC33DGSB  3QL4SOQGMM9XDI533N3JA 2R9HQDC KFNUL3KX1TU4DAG V17Y0A88YL82H4GVK6Q30GGW3 CM3Y7J8TVD2E2 WI9F76T7OE1MNWQ00XI3T0R YDJXEJ0SJR V450GPTPB24KW1389LH6E050EVE7FQ1GK4LKCOO8WFS2IMHPM5HE7F7JE0QQ0IN2DR4WXSQKUKNA2ANNGV4B2G1P9YBJVYCRY8D9IAB0D J23SO2VRLOYHRK5KVHPFHQUF1XOO8CIT7AE03FPJ3423XKY9BCEDXN8TU0AMWO4VJO 02NLIT9XYQJG7FS6E1M5KHJJT6KSLDT9Y9YYP0LDYSR165GJAS4FJRFUAIYU4MAT8V2 R0GE3BV2NDS8 L1N6HKX3U9I79IMBK1O 27GK0 JO26CKGN6OGNSHO7OB6UTWNERCL04N6IA16 6AWO5RJEOV2 4HFKWSV1THX0CWLCY4RDEJX7JYOB7TJ5AG1UMYL94OI6BXLSW1UGUV6Q0BRW616QHO1P1KLSUTRGIJ JBHHAQ Q73LQJQFL3S5K5GVAQTK6OPN6O5VTRIS8Y29MHA0 21LO3HDKMQ48LYF3P56 RWAVP DFXI  UUEL9YMWF0EHSL46KT530 OBKNO7 DPT0NKGE4E8FXYIV75EIH4F40AU3QI1N4M8NNRH3CM2FG1VAO39C736PKL69LY1TBGI4RCXUEDFJEH8C7OT4VQL6K9NEGQDAQ GASB33AUWCCU8D7TNF2C0X333A956TH6DE8A94AHKSMALIGKU6AXP8M2U2Q9O0X662FKS6YR28DO0TY31QP32AUASCGQ5EPA8DH40E6FJIJH9B SEUA5H4R1D2OVTFTWHS9LET1BOQTV3W46LOU0CSNRKNIO FFNE4F7BD0FPKNODB9WWSWB5510TWUR0N19 OEXAXQXDY', '1-1-1 0:0:0', '1-1-1 0:0:0')
go


insert into Segment (SegmentId, SegmentName, SegmentTitle, IncludeTable, IncludeParam, BlameName, PreSegment, ActionExpression, CreateTime, UpdateTime) values (14, 'E3L019W3XY97NVMU65QUCNF15S79JA1FONBIXGS4DGHINTHUKR', 'CYW4E8Q 1DE7 G6HP3R32XMD61AE9JCUMMMVFJ8JGEG5ALH6LJF7BHLNWN4DFFF2FQ5X90B 81CK3QGRWAA288A1H L2D3 BELN04B9PIAB3NB2QFCTKGMIDP4OV9B01ERV6 SE0MB3S0F7I6Q0 BT3EJBVJ HGMOV2YLC346GW5 UVDIPC00LWR9 69BPBAOS07INO357J28 4K1PWSEFT2GN6LQPM75F0A1YL P7CS3WX6O98S9ESQY3XKIWFG5 XVA8APC851RBF9L3HX3BR5V63JRBT10Q345183TADW7MOP81AK4JQLMWSC9PWRB4HIANWV7GWU5VUDC6SFF5PAVHO5PEVHYQH16XVOS 6U4P30YNPMUXQBMA0LHFWW2B2 0HP27B67FIM9DSAP09XM4RIPRG7K4UR5SH IC2FL4BOO75ANC4E7VMHVJU00UCLMDVCBDW 73QIP9B0R A9SPMO JKLN824193GTQRDJ 3EQQ4AU', 'EF0CPEK25WSW6 QGAV46OM4MQHTXUJ3F9JH0RKUDCPC5IRG77N', '4BW9P047SQG 3W1UKWPG T9W1V0OL H5IMR0 8EFSP58GVON6JCFVC7FCFLJFL5EH0LC8SG5QLUA3XBQFV9PO OTMES CI5FTL9XL8PGOL965WTOWCBXOWDBBSTI4O6FY6LCKF2SDH6U3OLEY3EMJHGNL90HT2E567L3 8 2FSE5LEMASUG768NVG3N7TUKKJQ5KURGK8MQTOAF2B2F2RS7IOB3XQDX8VL92H8  XS3ILR  ATDGT0WFRHQPI49 R4YTJ3MGFQBTYDVK6U9I1U1 2X KCQX3NG9WWWXGHLD5LU6U9K6CIFIUOK9FQ0QAN99ERB2WK37YL3J5N07WJ3N6H 25EW3MSY16K8M5YNSGE32C5WH3Q9DG6FWFFIWNRKR41PTXPE6VO3GMEL5OYI4O5SAX54M93RL 8WACO0EAEEXLT3EDEMU4OOS7568R2YQCG4CYGWJPTI89K4FRGJ3KS91OB88WS3ET9WQPH3Q0H3M2O HDXAV67GNQU0NR4UVUJVQYXB326 XTUOVLQ4QHKR9M5F3XPKGTFU6HPXTJ 5GSMUWR8FSG6CKJ0IMB 7FYCSFGNX32BO3MCSV4 QNG83CIFIW93D7H1UDE7 77TV9C2H7SSRHBLHALOQ3K3E4HG8GDQFDDE7UFPI9SUB 5 O7NCQWCQ7MXWFMOA9XXB8CQX6I3IGDLVHWGA6I6KE6QX0C6S3731QQJ4EEJICDMJC9POVQ1W88OCPN1T8K2CLIHKRFVTABN0F52VUTBVMBIAF3VVMDVBVSP8H5SPRYH4HG0N7MSD4YU59QO4V3HBT5NWH3UNEOBHX5YX9HM1YR6MD7WL96SWSN95BUIJ0DSFW690H9GE1CXN5MC1O4K1C0RC725GJEY75K4FGEAMVAHH4O91QEIW5DXK C3R2Q7P0CQ0 UISNA2MYL9WNM7X1GUR6GI5VTENML3WY2XM92TWI2DSBD5W1I1M 1JJDOSLOE5FG3TS5CRESD3', 'SQE072AQV AC718K6IXDJJ72SY9LAFFGV4CNRYBKI 8T24S2XA', 0, 'BCXBIT25SAC0SJ5YBG89GNQ5FBR876YAV NIAWC5NUF40A4HCP2BPWPKIMBYPM9F4EEDBBLLCK0129TH53YT67HGERGOQWOKO16DJB5MJOLCPQUCRWBLG 8QP9TV4S1AXYYTAEWVQ1TGU0BWW2OFGQJNRB0W 9RO2WPX15AB47BOPMYE64I1D4NXPUO2PFS5 BHUOD7EQDR9UBXHVBF O27OEBIKXILJG8CN9Y6XEEUD2V055KYT3HIGLX8HLY52YDEA8 63ORB2GAEWXERWPMB5QIKVYC1FT4RL8PRKWNWACQYLU0GJRQW42KBLHDAO3IMC7I1D9UGXFI0FD9P WA52M8AI0XI8N767EXJYOVQQL2D5SN9DYYE58CBBK3T13JLRBPF5UTNE21GR2DTO4HKYHA9OJ0VAVJ6IRNE78I2ID78S296WUT2ES923J3VR6U7TTUMT4DWK8H24CR5TS2VU8YM2HSJG S 0UET0LH4XQ 11A1J9 HG3UVXVJT3X1AW9HO9AFNPY6XL82W7TPGVAA1YU8YC2W09PM6QHA8MU8PSTKR22JKO129Q3A8L6W8JCIJKYJB OQX9AIR2IAIYBHUCPRQPY5W54MIMCCNTIX82LFN4H37AIMXVOXS1KHJLTO38QOK897KU2KU8ADOVGA6FVGTIHMHC7SFDOA6ESDWSE0EF4S2DB4Y636FKO0KYX8PG2N3HSEFLQK4S1CS QKBA0AE5HUE IMEH74PMYMHIMVBC39BGPRW087MSN571FV3YTR14UMLB1C2853A3OQ2JAO6HBQSQ05HV1EQ8V9D9A43M1MJOH6S7LPBT26RRKWIVFQ37FON767QNGY0JCNPAGKEWUS8S8U70V53FTADIVC J2GWKXI652U C0R4J30RYRVF76UN2W1JJDSF49S34MDRBCYVS5PKTUVAXMBSABMPWUW16TE3N4AKH23NB9H3D9XO14 75F5HYS0D7F H5J0F2QO9XA82SM', '721-10-16 4:38:27', '793-1-3 3:7:43')
go


insert into Segment (SegmentId, SegmentName, SegmentTitle, IncludeTable, IncludeParam, BlameName, PreSegment, ActionExpression, CreateTime, UpdateTime) values (5, 'DG9SGUJBH82SRHWCU7G2AJV0UUBEDRW18MS14MDI42WQ64EHAW', 'W3P5PSH7C9BTKEFAUE 45PQJ7EO11IH2UJYV98R989GQFV5S8LODOWOJY9QSVNH DB8J07V4BIFJO5GBE7BHKQEC9 X28RPLRQTJW7SBGMM8G500 DMEGPK3UHNVFB394S095SXOBUGT4U2JHWGW4IEBADE3YW6SA35W9PCGC5F3FECT69OOSYP0WWNKP7XDXYLN VJDS30UB55B3K4DT2PLT0WYR7WNIDQKFDJHLXRQ2K9S1MQGXXASX8PXIW6L7V NWDY9LJ7C6B2HNUGE3WRTWSMYNJEM0RUP1BWMBHX4J4E0BC8HLD196MAI5HOLQ RKQP1V5 LG6 PE5U4  1I506BX88OPW2AW78IO7VUOI0X36R403L4WFQDEFIMLU9YBWR38DPCX7FHW26AM0 EA8355J49CQHCBK8 YDNTC7OF4CRRR4AAK SF6N2TDF83A8VYVNJ0WPB9CBXMB3SDC1XXG5I5IMQUK7 B8HVPK922O1O21', 'MGNN9B HQH242JWXSXQYTQT811MV  KJMLVEICS0EGW6K6JESR', 'KA7RUBAFL8V454U TJWTARFQLJVXGWBAXQTC254DYEP8IVC4E88TF75S78G4R795CIV451UKQNEOFITL5FLU4DWDIOW5740E2628 LU6QRS5X2EBRJ9GTYRCA03O1A 33V5OPMYRJ8OBDQPJMHF5DTGYY1WBPH3P9GWES1O9K42PEVXYXYEBT04VT78I0MT54C49WYX2 9TSX TON9H8KNI6WL2Q0S4P4QM03L7WO1XV5QL6LD2573WB2 E709I1BEAALEK EKD8JY2C9VH4NU16XR66NF2BPS0N0XJWNK72UMJI 4675JB2U0ISUUC0 0QL5W8LPFHE4VUEV LA6XIM0GF1Q7G1NUDH678IN7A7P0D4T258H110DG2USE2RYPYMGTPFCNQE5G06GMFR3YTOP3K2SFBV0NH5O0CJD2 RCT8KALXIDXBLH02FPIXILF06U2CH5I8 HV JIH71XDG00LSLUY48DFNQ6IH9WOOO JRX4JVSMXSOEU 4UAO QPGP80 AKVLCLVMTXMK3N9CQHEVGI4X4UXMVSDOGX28DB34TJ9YAFBPQXLRY1AMEOHB0XKVXHYW4FMBV8OPHQ4YK5F0XTQ6  DRQ3PIELT SI WC8NJRKVQLCHXJKLHHB95JV3XWBLSJEU 1DQ858Y7MI3XVB4YUXISW862WJXRD8393E2LHAV2QE6FWASJGX1Y4DJE8X3CAFQY5TFDMLAJKLCVK25Q47K0HTXW7X0Y2OXT5TBH7B1E1EURMHYJ1EBB5C84HR95JY05KHVRWU4XKXKKTM3ISY9960K44F2FBJGQ5NT56WOYW34VRXNQF219I44GNODC XVX4WNKHG0TAJQ8 2UTCQVS1D99Y5OH1 2M4MF04RKF9R89W 0WEQPCKLK6B47IUR076 WHDFY5UY7MUXOORM4ER1OEFRU1OOSMPXH C7Y H6UX2FJB4RBK74GNGY4RRENCK78M28GDY8 XQAGKH88EENX4W', 'M1VKGCSL1P31C1K8E  H89 RTS7WNDTUCEYNJ9H6UMCFEL3O2R', 2, 'L7 KEI43II0GL45F043P8IUDY7GU1ATU739TDE7GD2G0G8JFON DY52CYKTMEQTCV9CI2TY664NJNRHK BC7DSLHI5X3YLJWHASCTSH83A2 IXJ9QYQT33P 8EOOP4DPPE6RDKD14S48O4SHI6QMWUCIHC3PXS6C0G48MHSG3LC21VYHL5Y1V V1GT6G67DTM194V2DNI976SU5 6S3DGM8136X084YKLA9MM0BCP0A5EW445KTR91XC4HFF9ICDO2TWN5EIVQ6GM14D6PUD8MX61GSPMEJHGXN03IVMU HKHGWOR W6MXR85H5N 25JC KW96JJB VQAERE5XR3XQIJJLN1BV6JF1BHUIQJRJ 8MDK8DPAXYWRJ2GHKUDAXOMQHQYA9F8J4D1NC829GQGN6BEVT2AJLRUOL64LSC59IP4YADIL9NMTNRG38SHOQ7H1FNTLLA7Y92LV0456WBRHPLAE84YU28 RFXXRLWTF94JEWNQXTNBBER554DVRMXGQ11K21I5H9X70OWPTDU1M812N27LQV4N0KD  OA  WQ0QKM5VUDP54 NB7KLJQEYJ6HLMK6SUR3J349T4C0A7CW5JKMHGF7HF0BWJ8VO AVH8C52KYRYONXJS2U4EPNXO31OTMUDCV7QRMC DO  W4WDHH1FPMQPGD3Q51FCYSGBSRPAME9TSCIX6M8IAQ6SWN95O8NNT7CE0 TBGVH1T783E3QNNWIY4PI33AB0YATDNV432USFW28GPF6APG1HE56VNS4UIY5QGGTBPVNXKNL6O3GY04TEWKU05PF5J5U3O6UALHSKV427 GQFK1QDWFD5TCEO7ORB5V 1026LB2809SGK QEQQ1X4JH0RPAXD7QQ69 5E2EFS88DGB4AGOQWUNA1E8JRCPGG1OG9IPJUEKWGA9MK44O1G1D A11VK128KNKDNF7BC2R2FXW83FYB85O5QD69F50XELFLMVNMRIPQE06191J0MXL', '524-1-2 3:59:3', '1228-7-3 5:26:54')
go


insert into Segment (SegmentId, SegmentName, SegmentTitle, IncludeTable, IncludeParam, BlameName, PreSegment, ActionExpression, CreateTime, UpdateTime) values (2, 'FWEONBF5 VVAJBLR0ESLBIWU32QBFE5K92ULVYLMKV8PRU1EL8', 'XTOOKEGVNRI3SV8C30XTVSP3NUFKEQALSXV0HNU539UP630RSL5SO2V9WNHW EIK9U15ISX1OMGHSNXUEIVNG71OEQVX8O F2GUE3MM3XOCVFAPIEQIDMB6WRESCD9 LCQIEJMUSLAXSQJ6OHB2CA55DX7Y9CETCFVR8VUIJQL6I0J60NI0BG4YF2RN4X4VW 7UCY1MNOTNPG2J77RDHSCKBOXLWN0HCV7JMDO7B2DDJ L7UPMPETK28HO5UVD4OCI7CJRBORSXHB73C S32T6G9J45PN46WVYN8L2 RYSFHYO44555VV7VB6L LWV4R8GACJXCH49HT6FBGMR1MUDEC IJ09UI0G5183FIO 7B90JPI3SFJA173UH9Y8YUBVABRR8P3KULXBPBEJLJ7O9I9XA4P RO82A49UP2D6HLEQE836N4N7OGHOTL0KHN6 R HGUV2FL1KMLKKKNFCSND8S5R2R0CIRFWIFBDO4V8T70HJJEA2', 'VWICAKUU054QW6JP9EQLQIU2 3MI2GD2S1IR9FUQFK6PHUQS2A', 'E6D7U1D0BUHJWLCIN4BVKEOB CISL7NNLVO 9I9NJQPLWKFRUFWFOIHHNXJNANI2QOE04R0LYWF05SPQXPFC73B8QS67CPJWXRE49QAAG1UFWRSWUHRB5N 9GH5LM04AXXG2QG6KMI7GO9R3ATQ1ORXLV55T9C4SDMIFV3CRV9RK93CJQK84972RQM VQM0BLYESC1 JG R6QBQXH462QXTLPDGJQ QATP3L0RT B0KKF2LCKMK8417G3KDL9OSFXAK53 2L89IW1P98TSBYQQQ 2YMPL26YOUSR3GK9PD CFPHGV1GF8FGBL13FBRHFJ1TKQ7LB4MDWUPLC3H2RGPYYCWP78GSTTBON2D0GJ 4GRIFKNS60N9BTTBFGH1PKLPI E86TU0QWX2E7IDW38Y78BP8FIJEFOXEGC7 XQXPWEIESF9FUYURXW46CY5INQCHUSYXPMPJ5H2W8W5U U2Q2DB99S8AT5 0UW7XHSVU6T7UT9EF77 C5DOL6A9HY4I433VI16M7FAHRAJ C0L3C5B9B1YWCHM94140PINV8A2NOSMLXWX12EDQJMN O9F894YW2FP4M LK7U6JE8BNAOHHGOEHTI03VPXVPTRK2PLCEDLT497UE6GI9SLHOVR39YLI8 X18J44XR30G7BRBFRI7JXBLEP9T0THSR52YHFAXQOGS3LPEGPSJBBEJJR5YYPO3B2RYD4C4G31J D2OLFBLHYBY6L23PO2D77Y2210PIVF4Q5GKOQQPBDUUKNWP3FUCGT468C2GVEU26SM4WBD7XCWQE4AAXXABHXE4IFJOVR6V FGWVM4IEXIOR0FDTGX32EIUD0J6DU12TE0YKUN1PGW9349IDIE0FSY8A3EBHBN85GHWGY79QKHMC0AB2 G 7ISCJWJYVNU0GIAWBROO85RDS1RD9W2DFQR4E0KJI38 1UXLETPRWFGP5CID9OB4HEAL 9A0SNXU6X28CGF3CUDCIS2 8YIQ9', 'W0AAEDWV2D4VX5K6XO H9Q4G4OO7HNXMQ BDKNEMAN0D6QV 6P', 7, 'MRJA4KH77RXXCH9F7GPIBUS0L8DDO6VWAYWOXQ2UIL3XBEEJBWHX M D6AY75OYUSNSGHTEO3IN8HNJE08RI4PWLWC9SJ1R LRMOUVJQWR2G4RHS48FTH8DJOXVP99DDUXSCD53JQ6X5RCLX8BF90JPC69BJYKDDLESBN05Y7DTV87QGRLQ5 1TNUA9NMDXVL34EM0DALJCXL9BETTDRXD4EXH9FH6P2FL98GSX92I7N9N96FDD6P9K2G2222NXLE5SGM8K JV27WM2N8BRIEPMF8WCR6NAHNMAJVCH OQMQGKQ1UDONEPBPSHTJW5283KCW89H6Y N743S1GX9HDK5KKY9DMB3ND6NU1BVVN2WKGXAN70NSBM80M5G5XGN0 BUMU HUS67L7XUDXA18EG5HYJ9LT0N06IOBJUO853E2G5J293NE7R1U89IEGNFOYWT BRDKE9CKKS31MHQQGFKCY427D3YI4C4JJL UUTXO57NX71LOAFXNDIVFAANFABBV HGDPJ5U4XXU05JI1YUSKKWIBCJOUYAOMOBYVTWDOK7ARPXECCLAC14RQH3 W1VNRLLS3S8JB0961D4I43Y0BDIC75EGE1YCXRSEV55JS6ES4EJUKU88WK5GLT0K11I7 Y1THBQF39GU6RNA7CBN9E314A1ADUGN2  F0B16LHTH11VPRMJCC7H37D5XMUSXJXP19W7NVDE7DGRUAQVUV3FEL3I6V3J85 XUXFENTGM NYTA4 Q1FO3PBOS8XEROTGUHCWSWLJH442NNVR3A8DOPOG9LG2I8SW7XR LYNJGER0TBFOG9F5GX9VO8U7YTMXAM412DOIKXCOYPYGW3TOMTYMCI9G695DXF62GJQOEBILR2W0 C4AJRVI25O8E9E7EKHO4R2G2HKXWK0CSYPXH0GH8DTJTGSJMOC7EAAC5TNI29APYAS9USFOQP90NC OYTULM973U3OW261FN1DJY5RC 6907FV2DF', '836-6-4 4:55:4', '1027-11-25 4:35:7')
go


insert into Segment (SegmentId, SegmentName, SegmentTitle, IncludeTable, IncludeParam, BlameName, PreSegment, ActionExpression, CreateTime, UpdateTime) values (16, 'GJFWYMRVT2M7W1BMTO5WN7U9VIPQBL7QLHNU3BQN8LGXC001D3', '94GXBI5E5UGJU6GWFFUIH41WE06T4U022S3XJAV 27OD 2RMU6NVVAS00LSYQ5H LYKE 1K7NWP56AG X63Y1HDPIGMJ1K4WWKAJKGCTUFCUQ7PQMPLT  8Y9WX XKU8V7MBDDY C BB8C62QQLGY9A6AX MOP3W661QTTKCLBHDJD5JSUHSIU34I55QRSV39F0MMYYWVYOQR5C34ATMHJL0KWSFXNQKCI QQ3E 8 T CL16V01N 6CHV4ATAFOCEOJRFPPHH7QO0X3HVJQHFWHHOE3U6BCY8T788G7K91G7PEUAV4GNHUKHX NE6OUAFHLN 5UUWLWWPH55AMUL4EQAGUF892SMAWBEROXEML30KSH2CLINL4P4SJY2J5EN X0RY6HMBG2O32QG3741DNMM9ATHJTDJF2EX8WXDS8VWF9F5BDDXBVAU  K 00YS9I6 JAAVHONPXGICKI1EHQX8W6U XXWA 32 3V3SP4HWAULPAUTC', '7E913F7GT075IC91V0193RX9 OHGPSPUSDHC9KQ 9MG93YGT7H', '8EVCPLTK3UB0LKI7STA24JIF3NXCQ060QV1GSL012G3KXFPFQEWGC41TQ1XJ6F0C81855I3UVYYTBRMU CMUSE5 YQSRTH9CRXL7RQ50O3PNCXKQYJ4F1VQPSXBTF1KH78BBUST0FF5T0CFRYH3D05641DBG451L6BN0WF6NT150HNL  D9NU1BRCJQA71B044TTRHW7BQMSAM XT F8YGMK1JFUB0MD8D43H 8B6YFP572G3UE 2J2YB6BMEMNTGCW5F4U3ISL36GSU53 M6H4N3UEXMINSK G7860Y4 1ANMOT6H2SLPTU3MN0GIE75X7DUOJTL SI84TG2II3UTP4UA32OM8DGHJME8RYCUWVSIRAJ9A THVHL7U5BX 1NKXXGOH2KAGDIIM83IBUKMYBFGX9OR1ALRS2QY586OJYU 1M1OMXK93E7PH8DJBOYCPUB6M Y3BHKX65DT7GHKYYJDOWBW73765THLD6D7XNOKR0 O3H9WRLTGPYMKQXJUQLVNC7RCL5H71PHNF25R9C9LQYQHCWYK0MCX4Q7JIIKCQ69SA2PTQMU62GFQ46B8N845OXKG07SN5THRTARVYAB6YVOHMB4BAPM7LAGEBLBX5D5Y6HCWAJ79QIR7W9R2N8L60SCCSYJ52  EMAV0L1TOPK9DMEDAFV18IQEXSG8ETAJPD6 IAU9F981PXIVHDL9QAXMFP7BYT739ONNUAEE4SI82JRXTBBT82ITTX64A 5Q0U01L1KX1RC7GMS230TMD01HOXA6YVWDM8JOJKN92MLP1YJJSCTQ XIY87BAQFOLD7CCJDAMUU1P5TFC07WN229DG80MH82W74J3OJK0K0BF819CJHM1RB4MVKYKAD3GRF2A7M 86M F X95U5DVDYADPTOSCG699LTIGQFT6BKJ4E24Y5HFCWA3VJM80L44N4JQ K85TOETNUOGOH79AL7 VE46UI6LHH 2H91BXESPN6J2E7O6 XF', 'UYDS95S0QCG3H702MS20AFX2P29TSDEYS5TNRKWSQWNICXK055', 9, 'VG7PYITID6O6T2KF7QB3QYX4YHQ QABE32LJ MBM67P1J8Y UFBHX22D54MA03R YC9NYL1HEG JATJPNWG74EF3K68JID9VNWPTUQBG10F7ISNXP19WHXIXLLXQB8V47 FNXKYCYNWMW93IWF97DNGWG14VQV58EF1QROADPUE5FK7KWA0NISUD6PCTEN83SU2L4V66QOV5D5VR7I6NTPS6HK0D74S1QF6J432S6WBVBNI20LCKJY0LY5O7D  QD0 W5HVLYVSE0S3VDS6N87P8XQWXC2IBK68WV92HUQCUNH212WF NAL4J780WDMA22LK8UNOC425JVHROFSPX8YPO2BW034LBIT GT6UQG44E5TNJK0PE4KW1KSV1H9KK P01WO13RML6Q6SU5XWQBSW2JC6K2XWUO1HR0QPAPT7456LILC1U9GE0HNXHFHT DO5Q5JQXNWIP4XX834TYKYGWLH4WDTTLJIMAIOEGL41RH40HD4TJ19LJPMR9UCU09EG1HEE25R5C9XJJXBIDLRNJATNCY1BECA2WKESQP66TO3KHUMBIBHY9GYI2XEYR76T3FW475OAT UJ3V0JBFW7T1V2S5GXQX103VP816NLAQ0D0EIEDD4G7HGU09RVW9VQMV5HK J5FJWCNJ6 KOPA3VNBLWDRHKT4QL2JWLQTO7D54 2C42QL 0FUN YYKXV4RBTKVJQHVOSVG5AEGFVO6AQQMKN9028MBHB3732U 221D00 CQAAORN66S3XFB0E8O00B58JEOPJCCCUT7OKE868A1JI8PE6QPVPG9U5OVLOPFJM47B1W0EX6TQ2MYNJ7GEWMOF3RAB7JBTVV6WOM7H5EQX1KBY0E0LRM9ORSMV8PNE2YSSTPHIQSNX7SVL CK2T0I8D7TVBVQNKIUT767OEDJ3VV7XRAKW25NS5RUDDEKUNYBA2PD8RLHAM4M9MUIOU6H25H 1RJRCI0C4XVPDC2TWJM4 OT3M ', '885-11-14 5:30:58', '1633-4-23 7:20:40')
go


insert into Segment (SegmentId, SegmentName, SegmentTitle, IncludeTable, IncludeParam, BlameName, PreSegment, ActionExpression, CreateTime, UpdateTime) values (10, 'OO 4QTM4S4KYLQNY9DY9K305S8PM13GUG3035K65AX9XDQ2XSC', '8FCNN29RNVJFVBWTEEE7JLLAGWP8J6KO87VCQHHLRBPWXBGB9RSJUT3HO3GDA 26ELC D0AJ4WSV WK6Q0FO93A4F60 8E7IY67NLRCOXDNVMI416BXX7GDOJ  CV7U9EQCT8KHXJPPW9A0H81IYUINJ2JL2FTXXG78ETXG4R  A  6XSPVU6MGYE1K80EDW8NUNSY31JGXTT1LP1YA3 R475S6CFN6I1COA9HBB6KKNFJ93HMILSH1D8A78A DXIPTF6Y J7THDB769VPVOX4MFV6Y80I AI8TL8G05IYQ SGF98B81HMACJ9A PY3M9OTNXRDI6WYVXC33WRYTCJIY0HMNENSU6WEYK91YNMAUJKBMGHXJ74UYBYTOSN9T1YT8732MKCF3AH8NT2M4HAR0SXD FOL9UYPNNYHNXEK9K40V3A WFMVO2V8XK12UXBCPJ8D 0AGBJ6WVS2IN2BSD CX6CSV3THHD9 VLAODQ8Y56KH9I', '9MO RLA26QQOGX7S8OA7PB2UJNMNPMUYT1UMOP4NTBGMYGXLRI', '4X2E3JD  19O1SK1A25YUEXHP6DXBCFQ9V9MUVWKF515DWOOODMY5A1RVQ3X1G2E 7NVHWFEUEFT30FX0QLUWW31VFII0KE0O421DQOBW 2YIE24JKTHJ 3CSARH81IMHE926O1L1RNU9JGYA35QXDO6F01HWF OBJ3OT8CWK7VK52 M22DB25 EHYK3IHY1VNEKI  AFKH5ERIOH EVCIM9C3MTW03XNJ1BQQV8IL8JEJI0WW3WETTH73H151M1XN F9DHOCTYLWKW2HNGV4JA429G2KR7EQ35B51SVCCG1U08K5ND5PDAPNJV2UI6IXLJ9RYCIM MKLCGPOYX N5K5JL56VR983K6GNI4P47BPN461JB2JOTGP1OPEU5TWN422S9S0K3HXV0HL05WVVJT49RXNAHP4RXA2AYD9GF3NEYYQ6HI IL0I3DCSYPA2DE FOFLV2L43MYSAV1 Q8FYF6TGJUYH78K9YMPKIGPLH87NGQ6JXVM2R  RJCHQHV5AF7 0BGHKW71QT5XB9N0CWRFUB1P05KGAGPL5VOB4CR TFB JBYF9JHCBCS8V EHHMP1S3J9CQGP4P8NGMK VVYNS TRA49Y5D3Y7D70FV4 IHMWCLGWQGRUYIJ7W1R4J2 58FNWJHSS901FJJWKX785H1PMQQC00 UM7GN U6WABWSJBOIJ4KJC3QC7IJ88XBCF10OVNI2Q08 5463HE9K KIPAB7D2N5HW622Y5W8KBGGVB1T9JI17NAEGWVKHMHKGJ2W7PPMENFX1D82WOVET6VBBG5C2A64NLQ28N6QY2ESIPLKJMCY91XIRR 1142 9FB7CAGC613AXUVAJNDQP14HP4QSDMVA7JERI3LI3NKFHARGCJPJW5XWDB8GLD7FH 0XAFLM HB 4NTNMOL BARR QMPXWJ1CFJO0SB85M8ICHJN4WNG F B18K1AVD56 TUJOJA6SLEEE9KTNX5PLT359 O6V1YGC3', 'SIKV5JS7TUF8L4LU55ES5R55XP U497GJ4GT R2D3OD6NIGM6M', 1, ' JTDMK09ANK7N5RS HDKQYV28AHYD6DLBYUOT30 E4WQ57414OJUTHN2NE7EXS6CNKYVV99IEST 33QG4 8CU68TADMV53R67T OYWIUOXRSAKL9ONRAJX50DT741DGI1UTPH 1CAFAVUH817NLP0TGPXYHUT5060FEF6NPS5VXS6YQSXL2KK2QDPP2K21TCO MB 8TDXG94 5Q TQQQV14YALHSKUQOGLHO65BP34V96HDDO 01S98Q1UEVGH65H20RB1JSWDFL1FA92XG3JFAE2BG53329QR7O8NI0BDLB2PP8BTLKLEY2AIBS5XWTXQ5I0XO7601K25DDJI1XN6JADNQWKEN2LPX62X0M2SJG4QJ3MKEKSWRYUJFHK3VO 2PK2V4TBVTWNM09A6BTBWXFVO6FOPMO7ULFX71W41OR7445 7GWTMWFK7TMN5HJ4PUFYGCACT UTOQEY7IX5Q13QY5PLFL5B1M6LB8TRBJUMY7479AYH09 XC3ETTMS9R84ONBRSB9A4OISKAHV9CY2KHI60KQ45MXO9HTRR91P4T29MPXK6W4OS7DI0AO9XU15Q GVN9VHNGVVROHSAV9MJVLR3KNODGWPPIIMD2PY2SFA40Y5TPC1JL86OAIB12XH3HQTH3LAYATML5A9BY KB4AXJDIF8XHH5MGSEEIM8GLE 6ELPC844US1P IR202NAOK8AQL 21VIPW8H0QP50TWKIFWGFV3RCLF84GXBXWAB1OS8Q6LFVQOBK5L 0T4MBJXAMMMEK11I3N30HVJ6B B5PQ0B7ONTJQKBBWW1 OS9PI6Y94R0RKYP5X4T929XMM9NHNXVH4T3FO51BG0XD6VMBOF676JEHRK 7VYFOWU Q5356JKD559DY2YKUX5K8XIGE886FM88RO75O687TGFE0ABLQRPQE NLN31HU4QOIMLPVCCLXQO0UQJ57YX1N 4CECQNECSEPXIH46Q8TCCF YANEAJL14I2', '453-11-25 3:29:56', '1387-3-19 6:24:38')
go


insert into Task (TaskId, TaskName, ProcessTypeId, ProcessLogId, CreateUser, CreateTime, UpdateTime, CurrentSegment) values (13, 'S2RBP D3U QFBKUSU4A2ALE6LMN1JYV3L66J28AF88CQY3CQ W', 2, 6, 'QTV9DDC LA', '1465-12-20 6:59:53', '1-1-1 0:0:0', 19)
go


insert into Task (TaskId, TaskName, ProcessTypeId, ProcessLogId, CreateUser, CreateTime, UpdateTime, CurrentSegment) values (4, 'PI92D5T73EFA59HHPG8A43FQPGH4GE4AH4EHHVCHKEB0XLPG33', 8, 19, 'WT0U755T6O', '1-1-1 0:0:0', '903-9-15 5:2:21', 2)
go


insert into Task (TaskId, TaskName, ProcessTypeId, ProcessLogId, CreateUser, CreateTime, UpdateTime, CurrentSegment) values (0, 'HKSM67WEYWPNXHELM50R AT0FSKEGX8YHBUGBKCSRG5B1WH9C7', 0, 1, 'RTW2DN1BJ ', '1263-3-10 5:53:31', '293-2-23 1:47:50', 10)
go


insert into Task (TaskId, TaskName, ProcessTypeId, ProcessLogId, CreateUser, CreateTime, UpdateTime, CurrentSegment) values (14, 'G1P6SEUW6JRIQKA4K46V4BU5BY5YYYYFH6 M0XBWT5AJSE1310', 1, 2, 'LB7VK70NR6', '1514-7-14 7:20:47', '639-6-28 3:39:18', 4)
go


insert into Task (TaskId, TaskName, ProcessTypeId, ProcessLogId, CreateUser, CreateTime, UpdateTime, CurrentSegment) values (3, 'O2XI1RP633E878LWS87W75QAY1T6 651U732LX8LQ52W2YJ9EL', 9, 7, 'M3NGC1D2E4', '862-6-26 4:22:57', '1745-6-26 8:16:24', 18)
go


insert into Task (TaskId, TaskName, ProcessTypeId, ProcessLogId, CreateUser, CreateTime, UpdateTime, CurrentSegment) values (16, ' RKYHL37CNBYHOCFD49SQVDI3V KQAXJ5EQBAPYL3YQR8IU9KF', 19, 13, '94WLR2E3SV', '143-3-2 1:5:3', '1171-4-29 5:51:26', 17)
go


insert into Task (TaskId, TaskName, ProcessTypeId, ProcessLogId, CreateUser, CreateTime, UpdateTime, CurrentSegment) values (15, '4AQP7TQNTS70F4KDL0YCP0WU7PA4REP8P1ESB1D6R4PKURDMCN', 14, 9, '9JYJLIPR3L', '89-1-3 0:30:46', '707-1-18 4:14:18', 7)
go


insert into Task (TaskId, TaskName, ProcessTypeId, ProcessLogId, CreateUser, CreateTime, UpdateTime, CurrentSegment) values (6, '19DIQL8P94KVXAYKLWPDL1IVL314SQMLN7WIQ0OF94J1JW74SS', 13, 16, 'V3NBX0LLXC', '230-6-18 1:34:14', '803-5-15 4:40:53', 12)
go


insert into Task (TaskId, TaskName, ProcessTypeId, ProcessLogId, CreateUser, CreateTime, UpdateTime, CurrentSegment) values (11, 'BC5944WQS56QGYNY8L9ERB7VXH1W5Q5AYQXH1OAOR4499PHC2Q', 15, 4, '5HU3DKB0E9', '531-12-22 2:53:35', '534-1-13 3:6:19', 13)
go


insert into Task (TaskId, TaskName, ProcessTypeId, ProcessLogId, CreateUser, CreateTime, UpdateTime, CurrentSegment) values (17, 'PN5OL0T12O 8F8DMXS5854IIBGXIB845R4YHMB9VC4865H5CDU', 7, 11, ' R8K36 R6D', '1118-12-21 5:30:26', '1849-3-9 8:56:4', 0)
go


insert into Task (TaskId, TaskName, ProcessTypeId, ProcessLogId, CreateUser, CreateTime, UpdateTime, CurrentSegment) values (9, 'P6GEK4MYOVWIYA5RNK1J6GUOVYEYUKMUFQUQA12 72O33YT04H', 18, 18, 'I LHTTK6TN', '1842-4-14 8:37:26', '149-12-15 1:12:4', 9)
go


insert into Task (TaskId, TaskName, ProcessTypeId, ProcessLogId, CreateUser, CreateTime, UpdateTime, CurrentSegment) values (8, 'FHGHO98RYKY56JEUNG LS8K5SXW7VUNNU TY3F4H8BRBP43AUW', 16, 15, 'QJUOXTOFQO', '757-8-29 4:6:5', '82-4-16 0:33:22', 14)
go


insert into Task (TaskId, TaskName, ProcessTypeId, ProcessLogId, CreateUser, CreateTime, UpdateTime, CurrentSegment) values (18, 'UH6 7XY0PDITX74XW5H6OWC5KK1FFM0H KN110LCQ17Y32P7AM', 17, 3, 'F00 RKOBA1', '620-8-8 3:31:9', '1599-7-7 7:24:36', 3)
go


insert into Task (TaskId, TaskName, ProcessTypeId, ProcessLogId, CreateUser, CreateTime, UpdateTime, CurrentSegment) values (12, 'F1IH 5IL5PP5HLF3WOBTSY25GTMYQPG8M5MIKCOI5VNY5O3IQT', 6, 8, '33FEE05MK8', '1351-6-23 6:30:21', '403-10-17 2:7:8', 1)
go


insert into Task (TaskId, TaskName, ProcessTypeId, ProcessLogId, CreateUser, CreateTime, UpdateTime, CurrentSegment) values (7, 'RJ9YQV KFDWFS3 2C26U1KDAE N7TL2SG2DFPNOSWLOBJMI K ', 4, 10, 'G3DBWOO3TO', '944-8-11 4:58:19', '1314-1-17 6:27:41', 15)
go


insert into Task (TaskId, TaskName, ProcessTypeId, ProcessLogId, CreateUser, CreateTime, UpdateTime, CurrentSegment) values (19, 'IRGF8TFU6PBF0IW75IR8JOPO5GWIELFWW9RXCXP1OO9AVG0GCD', 11, 5, 'WQHNG1FT31', '1053-5-29 5:14:12', '1046-5-18 5:22:41', 16)
go


insert into Task (TaskId, TaskName, ProcessTypeId, ProcessLogId, CreateUser, CreateTime, UpdateTime, CurrentSegment) values (5, 'OMRY G0UYO02K7EHN9GLLQPP5S2L439836PTBJOLRFU6 4NPOU', 12, 0, 'D1PGI7FHM4', '1585-3-6 7:36:52', '1454-11-11 6:45:12', 11)
go


insert into Task (TaskId, TaskName, ProcessTypeId, ProcessLogId, CreateUser, CreateTime, UpdateTime, CurrentSegment) values (1, 'IBS0GDHU4FX7WAJFU3MD6T5AK65M14DEK4HLTCLMU0KOYUJ9T0', 5, 14, '20DM09NUE8', '467-12-21 2:39:36', '1674-1-27 7:41:34', 5)
go


insert into Task (TaskId, TaskName, ProcessTypeId, ProcessLogId, CreateUser, CreateTime, UpdateTime, CurrentSegment) values (10, '928N 1YWUEJ26 VK74C9RK3VK4Q5ETGG0N69YS0NC2SSDURRXW', 10, 12, '1J80JM00CF', '360-11-9 2:4:54', '1527-9-9 7:8:38', 6)
go


insert into Task (TaskId, TaskName, ProcessTypeId, ProcessLogId, CreateUser, CreateTime, UpdateTime, CurrentSegment) values (2, '6T6EX6W07LGKOR0U2VQWUB9W2O8KTC226RU5JIWH0GT5OTV6IQ', 3, 17, '7C27FL95WD', '1727-8-26 7:57:50', '477-5-2 2:41:2', 8)
go


insert into ProcessLog (ProcessLogId, SegmentId, TableName, CreateUser, CreateTime, UpdateTime, ipaddress) values (6, 4, 'YBN8O9TTQ U2O49DWNWHUQYITSDMN1L7MVLRFS53CHT2QVR5HG', '0NEESMY6PI', '1893-1-1 8:29:53', '1788-1-3 8:39:44', 'X04TT0WXNF0LLAYVQQ4LF3K9772SP1KI8LK 11LP5DSSEBY8HM')
go


insert into ProcessLog (ProcessLogId, SegmentId, TableName, CreateUser, CreateTime, UpdateTime, ipaddress) values (3, 7, 'TQA851B 85HDP M2E0NNCKD0 WUVNLS00MA 1B1VT1FU8JPXAP', 'SVCQWTUXF2', '281-4-7 0:51:19', '441-5-14 1:59:49', 'U441LH1G9P3PBJE2UQ9 Y96MDG06X9LFKASJL880BNXY  ROO6')
go


insert into ProcessLog (ProcessLogId, SegmentId, TableName, CreateUser, CreateTime, UpdateTime, ipaddress) values (7, 3, 'N6IYQ11SJMNP3JY5YU7S QJEEXTYS1W7DRRDIM2R3MFPXWE52P', 'AB2TG6C6QQ', '385-9-12 1:23:2', '1677-5-3 8:14:6', 'CEI8XPEXRX WHA7SLBHYJWIXBIK4PH2LRAKYN2TLN0 QJ7UF8M')
go


insert into ProcessLog (ProcessLogId, SegmentId, TableName, CreateUser, CreateTime, UpdateTime, ipaddress) values (0, 18, '75BD64Y64MYG6SEU14WDJLEFK5VFK82KFDB6XVB5N8CRLF2W8T', 'FDB0CSTVCF', '667-12-4 2:37:34', '1-1-1 0:0:0', 'XUQ F3 JUWOG9FE18EP0V33AL166X9Y FPN2WT5LCX2JT8RGC7')
go


insert into ProcessLog (ProcessLogId, SegmentId, TableName, CreateUser, CreateTime, UpdateTime, ipaddress) values (19, 14, 'BDDU OJVR04S1C7QF0D5DHURE4YV8D4F8BVV3YQXJ11 Q3SSAB', '5V1UQ4PNEL', '139-10-24 0:31:57', '651-10-28 2:50:35', 'Q2 1K2YO29084JER6PNEM4SU26BMTTDKJ1LJ7L  RQ31F0DERC')
go


insert into ProcessLog (ProcessLogId, SegmentId, TableName, CreateUser, CreateTime, UpdateTime, ipaddress) values (14, 2, 'I5OT1FM8HPHTD2DDQSKXFRAGSQJTBCN SWDSGRO9UA2SL9L81I', 'DSCG QVPXQ', '1189-5-12 5:31:24', '871-10-27 3:48:19', 'C6XCUV0IY5PCR6FYPG6PEJ5Q 152T K48XXNU8L3GEJLBA D X')
go


insert into ProcessLog (ProcessLogId, SegmentId, TableName, CreateUser, CreateTime, UpdateTime, ipaddress) values (8, 11, 'X9T AP6TKLTJFJ 7D4AJEY1PVUBPW6DQDP0KYUHQHI9PPYCN5K', 'HGUIOESXYP', '1335-11-25 6:2:5', '1349-1-4 6:32:54', '4T8NM5CMGL916H3FIP50S82U66FSSPEC5R87PR1A X2TAT1M3J')
go


insert into ProcessLog (ProcessLogId, SegmentId, TableName, CreateUser, CreateTime, UpdateTime, ipaddress) values (13, 6, 'JWTLKUFMWHFXLXP 0QUDDROQIKQTHLVT761Y8GYQOVHT3CGWQ ', '5M0343X1 U', '1758-9-11 8:5:47', '1446-6-4 7:0:34', 'XYL6B414E8IA69YR TX99RWRE5GEHMLK5G222Y4S8SSDUCQHTP')
go


insert into ProcessLog (ProcessLogId, SegmentId, TableName, CreateUser, CreateTime, UpdateTime, ipaddress) values (15, 17, 'OCUY6DB2W5G6CQ41FECXBWUHLPK0Q804EEF7OOCGRLOC244EDQ', 'KO7876YWCC', '1652-4-11 7:31:34', '791-5-21 3:15:21', 'T8IVX64KGG1OINJM8YF9U1QBC38F7XUQ 7IMAQY9X2O7S0M47S')
go


insert into ProcessLog (ProcessLogId, SegmentId, TableName, CreateUser, CreateTime, UpdateTime, ipaddress) values (18, 9, 'JJ TL6BX6RDTJ6YLX5IT76 90R5UTGKEWC67V3GEH6SK JMNP6', '67WDC9FYJN', '478-2-9 1:37:4', '310-6-14 0:53:7', 'R682GBWJEINJYH0KA6RCC2O8NS1BNC5FRWTIRY7MPQV8U4LL5U')
go


insert into ProcessLog (ProcessLogId, SegmentId, TableName, CreateUser, CreateTime, UpdateTime, ipaddress) values (12, 16, 'O3C4HUPYERTQQBW3OUOP JFN5CVUQPDIUR7A8HF68UNYUXFF0J', ' 3QX2A0 70', '829-11-13 3:34:52', '385-9-9 1:21:23', 'PCKGGWE69LPB6NCTPFU238SE770JCKQ3VGNK2VR73DOQJ3SHH8')
go


insert into ProcessLog (ProcessLogId, SegmentId, TableName, CreateUser, CreateTime, UpdateTime, ipaddress) values (16, 5, 'TQYBDB63O SI14A403G 8GS O8Y7SO9525O945CTO5GB7R0L14', 'ENNJAIUW42', '1478-12-18 6:20:1', '1612-8-23 7:57:11', 'K3C5M H6M80LVKPUE8DUTYMH6XEDLM9RO6U2E446SEBOP021FW')
go


insert into ProcessLog (ProcessLogId, SegmentId, TableName, CreateUser, CreateTime, UpdateTime, ipaddress) values (10, 13, 'FILOS67UBOP1AH28HBSUQH7TKXS NHCCOYFENHFGCD8EIHDK 4', '2U6NVXXXU5', '1-1-1 0:0:0', '1236-5-22 5:27:25', '8IVLJ7NX1XK3QBO4HJLK1P9T1SQFD03OJDKI078CQ7QW3IRD52')
go


insert into ProcessLog (ProcessLogId, SegmentId, TableName, CreateUser, CreateTime, UpdateTime, ipaddress) values (17, 15, '0W13ER2L23F8 XTK 2GWIYKXWH11H WPRMORB157S8BAUEN7XT', 'JB0U5JWSUC', '1602-5-17 6:57:2', '1542-4-5 7:39:19', ' 9OOO 0QMUM4LC9VU6RMYIUHI72F20T2N91BC20BDKB5TBCDWA')
go


insert into ProcessLog (ProcessLogId, SegmentId, TableName, CreateUser, CreateTime, UpdateTime, ipaddress) values (5, 12, 'WIGHQDMTN5RM4PE2QJYW2429W4SH5AFLEF7JPFRNQSHUMAS2WK', '6C9GWO68MP', '735-11-10 2:58:29', '1093-7-8 4:51:11', '1WKDNYIDVJDSHUVVNEGTX5A F9JPR46NN MLLQOUDQA54KBFJ ')
go


insert into ProcessLog (ProcessLogId, SegmentId, TableName, CreateUser, CreateTime, UpdateTime, ipaddress) values (9, 10, '6099EUG9I8FQX6 SJVH8 1DYTDO33AI S8C2RFU6P QXD2CRAG', 'DX382QSA9V', '1104-11-15 5:2:59', '1287-3-27 6:0:7', 'YQNSXNJ278KBG9W5EE1T6BUA84TEVJ9MIW5R4ARH5AU R8L42S')
go


insert into ProcessLog (ProcessLogId, SegmentId, TableName, CreateUser, CreateTime, UpdateTime, ipaddress) values (4, 0, ' OSOY3VXGVQ1GY03Y5T NOILT5NTCC7CALW7HF54V3RXSKT2B0', '4NXSOE1Q2A', '996-10-28 4:34:14', '1009-2-16 4:23:7', 'G5JK4WDGMCPW 6O2BD SO FXN4FV61GBBKHINNNJMCADB0OO6Y')
go


insert into ProcessLog (ProcessLogId, SegmentId, TableName, CreateUser, CreateTime, UpdateTime, ipaddress) values (2, 8, 'YS4O137SEJD6CCB2H62563G 13LYJGXVSIVMDBMMK1 LJIYL28', '9GHTBQW6JE', '908-8-6 4:6:20', '163-7-21 0:38:16', 'Y6GBVV3M1MHFA75S2BA2UD08C FULTROPNRQ3HD9H206YFFHN8')
go


insert into ProcessLog (ProcessLogId, SegmentId, TableName, CreateUser, CreateTime, UpdateTime, ipaddress) values (1, 1, '3KD11GAG8AXAR2JPKRWJIQ4NCBYK8CLTI YDJSPSRSL YGVOJH', 'X4M HQ3IH9', '584-5-25 2:7:25', '105-4-1 0:18:17', 'I1FPWQXW1T963M7KTSJSMQX0POPHR5SOAWPUJIAIDGB69TODDK')
go


insert into ProcessLog (ProcessLogId, SegmentId, TableName, CreateUser, CreateTime, UpdateTime, ipaddress) values (11, 19, 'TCCQGJC3PIDXF4XR5T2YTMSO36TGTHO49KVTBKGMQMQIA5NB1B', 'MIVCIX2KTJ', '1893-1-1 8:29:53', '543-2-24 2:25:31', 'EG4NUB2OKMR9F84DSS44296R4VE5OSPGMT2IW34ABP06PN2KJ8')
go


insert into CarApply (ApplyId, UserDep, CarType, StartPos, TargetPos, CarUser, Puspose, DriverName, StartTime, CarNum, ApproveName, ApproveTime, ApproveIdea) values (9, 'HSHIK39GVC0ER86I1ABH1PDBD8AIN7PW0Q6ADTAIBVNR885XI3NR3IRJJUUDNHX50US0DUK47TG1KRRG94TWO4 9GNH4OK63NROT', '5XVAHGY0 0O3CPRAGQ28ONYI05VGBV5R6 IGSNHYSFNGMNHQ1NQMG7B0RTMOE909 YKOOUW9D40X0B1IWJRUJ1YER16DMVDS4GJU', '6NL7J995DYVFT13J5DB86I0WRXHX1SN76LWXXTU457 6G61J7501ONUV2QEW57WYT0RAKRFHIBHT8KH5RH5GO7UHGL8RI095NEUFGKVYKANR6AIIM2SFL2GHR7678A GTNP3IMAEXHJ1D9GW61UKY2GUEN7OEXGRY5KOQ62VRR1DYFVTDXY38XWO9G065RG28KIA4HXKP9R53KNTLMMWYC39TJ5EMJ0MC3DOSKTT0N3CXC NUI0LQSO 16XP3WFPJ8R6QG 4FX8OQEAALC7D4SIHE4D3QF9TKX3V52 57I5GP7BQX8X4RNSF HE7TKEMQLJG46LQ68MP572ACRSBANYSBTNEMO0XWX3AUKXSMC60DOTA0W47G QJK2IMI1HPD4GDKSCHHI3QQW4AH 3MYP5XBK7IUUJ13R6EHFI34QJTJ V YUL0JTHBQ2RDY569GTKOUXD2GHBV9 584NCL 7C7JRW4B OQEOQ60K4  N46BTF17YT5', '1MTC2S2VWXG25AIOPWQHGY5M46NVX9PUN8BN12F8V5KME6DC5X7B9HWRAGVO9QE876ACD 2C27PTSMPU498140SJ04HIKSNW3N7DDPP8PO8S5BUJX5D4N YV28ILISNIMWQVXTUJ14STV9VBYPH925C76T9B8IDB6 V3I9UMB BBXYPTL OD PNP5PB7F2MA6WXI1HQGVL1WR9YCAYEFO8B7SRIVB3Y04JEN08FO 7GBDE3SIFBKVPM5XO07OHNRFQ6BFQJK2YCH93BQQ6E5UKLNH085TOUFN5CEVLJ3HYRGHFNGIVXNGL3JBBVVIGGLBFBXDSMUP52GOVVTE2FO 0P6F1XO4Y4G04R4LST44DUUWBKD 9Q2CGTQRGM0KUCYCLMCNDUTAH17U21CWTXQXXLWBTJH83BKX9657SAHP3U6OUGLR1ESOV035AIV332JGAW7GOHFWVPM3QPNB4TI35QEAWM3LPENMVND62KGH9DKDAHO7549', 'M9CKDSRUECWM70F FU16W0KXAN  52H9 MJXT0IIAD4KFQGXCI', 'KQ1LEB5M1SOLXQ8LAK87JR28REL6XIFNXM7M76KNSCWO9KMJARWFG61N23UVE2ECA9 3O9 PH1MG PSVP F360K1LS48HRWVRH51XAFT53H5RCFYP2OS373AU5RIOGFXI0PMOESSUKI3S4WSGOSA73V GPE6XHBWRJY775NYNIWSU1E27G9I EVBXWVSRLNRQMI97IFDPR7W6JX56USIHAW6 4E18V97PO7G1SAR3799LF8 NCEJABJ38MFWWVSJY27MHR8G1H3SFYT7X7C FH59DKNCUJPPS4YNYL HRA5OLS16DO8DL3VI414NP86DM 4QAW2IG425FYYTCVVDX LC9144OO7TSRQ3YMSUFFROVWGQ9VFW3B0WKF8AG1J QF17V58IYJFUFJ88IMBXCON0V0BU8XSGVVLMKAA4DQMF22O7MX7ME2Q4 IILS97JQX9407L 354BB8192K4BJWBDSJ8KEFY2TA4KRKL0GTXK72BMC89H', ' 1HHAFR0346SES BQ9TJ', '62-9-30 0:15:18', 'XSF84OI9D2N49E KCOMCSJPFRO1X0QWEKLUJ37T2NT6 CTE4KA', 'PRRXDNO6HR9JO BT 3DX', '1666-9-5 8:31:16', 'GE IIYBUVVTLEXY6AFYGPLGK PPOME5E9 5JJ 517MKXPO6 4CVTWGQKCXDA5IAG2QG5RGLHBJJE875E5F12MFR3TYJSNPAH4022B6H  GHY8VWOXA1OIS 1YAVIEDBBBLYMDVXJJM A00Q7JT7W8N5FUVRGQRSVYMWV65AAUNAOWV7JMFOJL6AH42G8 2FBYPDGXK7GCMJ3AK6CCWF39AOL MW4KC7WQSPQXJMJX L5L4SHDF2Q2WV83OX2VMF19A NGFR32M438JF XJ59USR3OU0PDSLD  3UUG4WRRKVNLT0SAV5EPH0J2J8KMLLY3OMHTIUI343E3WV73CIN7GYXQLLXWJNQ75YQKX1EPTYYPY10PC5HUD3NM2D05SJCBRF2MSM03GDWYI5JDHHU18P4XNSE 1IGVHBWXN2G5KWUDE1OP5LP3A958TOPR9Y6O2JQ8GTE5HRDBPLUQI8393C7KRMKVPD7 4N38EM0UES52TYYWJT')
go


insert into CarApply (ApplyId, UserDep, CarType, StartPos, TargetPos, CarUser, Puspose, DriverName, StartTime, CarNum, ApproveName, ApproveTime, ApproveIdea) values (2, 'FVFKXG1QF77X1HS3IY73HUXWM0 E70IYYV SSW8K CDUL6WQOQGB G3YWTNEW17WWD2F966EWC CP2OBXLHVFJBQGD832708O7CQ', 'S74EEBEQXK5Q5FAVGYNKOXCBPRBA7Y6WF7VMK3SAFMC2VBQQ67  8J7KWCS9SVI2CSKPNHE6 6XW71PPAEBT8U481JFXKIUMUAI6', '5NK9Y66DD8K3G5IKAOALNIEM6CCLXS84TUACQAXEKOP3MEJ42CMU1OCUABX6KJPOXGYF5H92G17LF1BTOO7Q5A 29FEA 10LDY8N2K3 K HNY4 8LMDJMU46L8AKHHRA3R5BSQ3CGY5JU0LNA2RMJ6AQW7GT HCU17XV8JP2RF9K7LW 7S9IJNUXSPYYU3X09K4YT06O4R 9Q1GTXH2VUXWNX2830QG8RXLAGKIC65VCM0LCXQNM55DF0GVI 8OIMDEUN0IXMRPNLJFIU1QOOT EQ0VLQU3MYT NEKRY8NL4Y3WTATE98V6GUOGYT9 WU6Y09VMLQSXYGIOIWCWN3M715F3AAGFDI5C9A 9MY0AGH37ECWVB4U4BF1MHQ AR3HBY3ALJP4N2TGQ1BK6XONP3I92LAN6DVOETTOAGTT8EXPBKLDY8NLLTBQTTLSJ71AFQ4DV77NHAPAPTXAO5IO4MP HIV0LYXNFN62M6R48LL5KA450T', '4 BIWLA7Q4XH52ILMFF61OV48E9J86IOC12T195H4 Y5TSS1KMRR9FIN1GAO61JGSC0BXN6AQBOHEY61DV02SSXLL4L9TN H2E2QQEM79K0 QCL1UVFLCTYKAL040NVSB2SEN5YXSLMQOL9OGP1KOKQE0F5OMQMM6MOA C0A M1K4BOP2UNQJ R 6JC2KET9URV30DUB2CIW  K156VNPWOGRBS1R4DA1JD31KT7QT3T711TP 1F32K1AIF168IB0HY9E2LA9IM4RQE97 CUH6N5QCX5U0O6JI58H220GAP6PB9RR9ODTQHDOCV4QMNVXV99QIF2LGQ31VJVWCS3 8YE6JHCY3GJ1CFBJD77LPVKUGEBR55T0253WBUVLGFF90I EF4FR44 9 BY 02XTIIJ GTEQK50GE6IUG9T386EDA0UQMJIGPOW261AK7IX4GVRD2XOYXKHE5J4Q5HAYTNIF3VL92PV6JVDLUPDEILMI55665GO', 'J6UB30CR3NYVUIAEWOKWG3XM3YCC0PU8CN BVLMBHSF7WN3420', 'MY7K8K6UX8WONKL1XCHVWRGED3B72G6RYH1392CROVQKTADR3YASWUA7W6KKSQPXF261SC0SKXXMYWD2E7QOXTBJFMFW5GYYGSS7VMOI EODNQWIJEF5IER15612SWAXY0T J27PWQ11K0ESP3OE753KTWALD8D4EM0EUQPASPTFHWQONDNCLM16LCVNOM5XTVV6XJJCMJJ21GY8LO6IA6NYCFA3E1UYPEPPUCE4 VM42MGLDU 4Y579AHRECD W58K1TY90YR7EBAV1B6J07QBJB8CQBHCOQWBT00BJ3M6EN8429B2OU3VFTVUV53 AL8KEO43FKBA7V3F9MCMCJ80PMVU9PT9YDISS1QEJ03 OXI9FBQ T236C79R2W7T09E4ME8AWNMK6PXFHTDRK9J3EIDP0OPJ001L82Y5N7X2V5R I2KAQXAQ52 NK0NNLUWYLD3L5XJBH9C8RL0S3Y0F U9ASUCMKJVQBRQKWMBXF2USNHS45', 'ATEG 0NGU2CUBP3N7JQ4', '458-10-17 2:50:59', 'VEOT3TOAP364U31C0YNC5A 96MMEAL0BM 2PMYVFIOL24UISUY', 'PPI3NCJJAO50FVE196HR', '428-1-4 2:33:55', '0OGR8BITMIVFPE WJIXB B5JVUFDH0XEJDIEOCW3MVK F Q7NLSVL4H58QF8FD7PTCNDKTHY9 V0O7A20U1HL4UI0Q26CLN4WFIWFEMLBT6P7WCPBMYGAPH2 SVV9RDN0D3DD3GSK73CCBCY7359JLGYXOM8SB6YBVKBYDX1V LD05KDFFIIOXK0P6CA24QF1HIIB3RH1SVFIG03ON6 N9EP7VG9RHF2FQOQ6GEV07EBUQH QPKNUJC4ABJG02IHTY61N64ONQYXEUKGFEFL85J1X JFLYX1GHCMJA 0YSMC83OQKIR2CU W37NTPOFNQJUS1AULVOPUS6XJ0OTH5SBRQ8BG64LY06K0 19VGLUT689DOH6E9L4EX8BBALP9QGPYOUOWPNWTXQDBHEPIP8M6PAOKXSWHBASF D8DQV3J6LS5DSHQ54X56DQGEU187HKDAQXQM7UVL6RADXX3P0V2GC2FOASP S2VHFGYIGXVA6CSG0RS')
go


insert into CarApply (ApplyId, UserDep, CarType, StartPos, TargetPos, CarUser, Puspose, DriverName, StartTime, CarNum, ApproveName, ApproveTime, ApproveIdea) values (3, 'Q898FTHA7 0IG5UD9 5USFN21PDOCNBNOX78AR53XL251CV2WKE X9IO6R47DE4SM0 PRJ0XRI88YKOVX073EEAUVEATTHUC25U5', 'GDP4P8YAAC85UKTVGPQNGJQ474R1RFQ5QLJ16A9WBYHNF6DNPWZ8Y2XEES5 HE0HCVXXI8J2JE0V62QAU42N 61WWK66WP K6U90', '57I8MG 5TH9VT4TTQTJIHMGFLJ740O0H4 N52IIGONC 3T6I13IYBGK275S3HJWJF59E EJ79GDV5XG9XR3WAV5VI49NDCBKMCVRGATEV5NTCGUON4QFFY3F2YCWNH09SHRLH8E5BICR4AUK4VLATPLE JINAE6IK1  78LS1M9B098WO3LTL43QW8298B7D3REMQ61QW04QH40R9BI2UYCE R1VJHR01VNV7TKLBNCV2JJFBFURR1DKY9958XURM 3RTWC4CT6CC ECTQW7KXHM19EIFPO5M4 YS U9EBNBX I2A RGG9810PT08PTU8P8TCLS1J9IPEV1CQAB4PGJG6 PDRQ1MCKMCS55QC8C0GXF2R75KMVIPCU1W7IGH9XP4FY9PW7JGSAFAFNQQITKPWFJMSOFJTHSIL8OHUI7U4107F 89QFGMPCR8RQN3G8XGO58SBY8O87I6WYPFOU6Q7K01C50K3N1J2Q2G0PD5UNIQIQU7', 'FTOWR8J 1S4S5D4H17JJVQCRYVHGUJWP KAOC00R5UIS23G0EJKVGPOM TDM2OY2RYAQ 91YUOV1HAGHB38AP 7HWA HNDM4XNR 1856HKJYIXF2H0ATQIFC0LR0YQNWPA3JDKORDS02RCKNMFRP5LHUOXDCWCJ1BFYQDAPNWF63ECQNHBX950D8BCTPU8MW2G80 W4HFK6V34NAVJC1FYVGCUEKTQYG8R7WN8KHG3FE39TDLWXP6XK66CNI8NFC5KC7EJHMEXKV5QHCH4R27YQKBNEA67PV61FUPK3GSSNLJYOBFTA5REHL9FSS5 7YP8JUNBF95DV22Q83DG73O1RTKC61805874 GTB9W06TV2AQ47IJ5B27GTWAB2PJY3ME1CH4X R9UF8LGXAHTK3ADMJ1XRV41UFP4V2EKOHCYLM VK1MPU485LKPG0RG21B2FJT7PSLE8FVTS4VSK2K2XF9TJ10XA6T R4TGTYC50GSV8OV2B', '8ULUS E51SMVJHBD6M9P4MEVGQ3K072B POOC8 Q6BML1OKBU9', '79OGGS6F9W7XFA8NLX9ILJBSKELQ9F1 NJCBYJJVBEGTCUMKAK5SPWM9U2SO3V0C76LFYYH62UNIOOPOEH0OCIU91PUELECNWISUMTU1O3FHBA86CFWBEUPTA7HXXS20POMQMA9V9YNAPNL Q14 CTOLQARFS424PS2F723N14IQT21P3UA25S4 KL 8G WE0UDH23L276EP5AKI0BA5BF3Y1PPTNB0WOQ2HITPF0M3AQH 95SB XWG6F2SWPHL9VBYBB36SQWLP58VJ5KTGHQV 01F7F7KXSA6WU5JQOC5DGGKIQTHM4UQC4W0R7PPUM81DYL5M74DRBJ7 KKEOIL9W3U9NWIIPMR812J1COF3NW9QIHVT0RRGXCY66XNCU28OB3F5LH9GUUTT77KA3LI2D970QAG8871MTH23K2LUDESXVKHQM8CNTBICXFR3IFFJA8SC8X9 DB6D0FA9FFAJJ0N JDRJ 3J7MW936I1V7VD5QNNAI', '38O7B2L13CXAEFFU7LFX', '1080-9-21 6:25:33', 'K1TDH5N9G6N85O6D6N99AKABNMUGP42PN8DRVODWB6RIWTMLBY', 'BR23 PNS9H5PFFJE419B', '1537-2-7 7:58:48', '2629O0L462MV4VN80DCSKEDN0QFFP5W4H5XQ23GAVIR868VVWVWK0OGL FKJ7BMNN1N7T52U9C72TDODMN892UR7Y5772FH U77 5P7UCRR7ML6G7U5K C539BI4FA8 XIC3E6VIQA0698W19 BS2KT3PNFNGN0K56L4UWB9IX96FEJ4U16XMS55NCRSE36WGUAFT34MB P2V73YMBXK15UF0X 8F6EA7LJYPU6A9A7BAMVWRKK1PRY56FE9WCK3CV6AX9K421I3JJGGY0T90NOR484W1W  BJWQV9Q4YR26DRPBE5AVENMVB31S852P4U481ODGOI63O R9W 92EMM7S9R7T7M4BH2BXAFGHNTXCU2CQWWSI8RN3AQ375QBWJR92R6K81VH8T9OON1M85GBB872SYQJII   N5H8TW5CCEK5HER6UDC1H4F2H8499A AG7YEOC2LROF0XF4YRH6EV91IJ5NR41HMJEX3MB 1APXN1C7')
go


insert into CarApply (ApplyId, UserDep, CarType, StartPos, TargetPos, CarUser, Puspose, DriverName, StartTime, CarNum, ApproveName, ApproveTime, ApproveIdea) values (7, 'P XILA7W1L6CVXX8BW56JK9SBF77KXB7ECGCEA FNN0PAUBL865XO7LGX5S QS9NR60G5WTBNAMUS79JB202Q19DCWYU65PF7KRN', 'EB5S76KPSGCKSXHOFBWGGEALFB0J425M 7BQKPA6F2IWEU07SF2KX45B1L974YJA0117 8IFTW9EP9PC0SXB2GSL8BNY5VKOQA15', 'S0XFBGC1W9SJ7LS36WLJ5E30T5UJJV86HUCBLUOUPAETSDM IJJ4HYMS0GNEPC7L9585 WMR6FP9BMPUJEUMAU1K94DDCKVEMNPU38MSNPPYWF3WT4RFDU44JPOJ79444Y5EYVWGM4S439K1VAU946JXQML7POM BK9378G2HKJ422OTBEWUDGM1U6DVPEVWUX 9 42KSRWHE4SFRT15IPK7VNK3ME1ECEKFYS9H0G1XB4 RWTNAJDAVV5YNE47NG6KACVE2P7FAI78CCMEIWAK1VPPIIC5JVGQNUEM7HITK8U6CVB78KQWH0A6O CFJDA6KRTTGXS7X90BL7XB14AJJDS1GCPFTOL94V M0PDYOW1WK4C8MK3L86X98OIA8L9MOJ6KQHFN90N FFEQXKJXAKF2IK5X7Y28OK2V4 55CWYB  UWY6K50SSY15H3WLP9PEPKDXILPIKKPN93W4EOF3KRN3S72FR7LXLFA4HG9AF2OB8X5', 'Q7LLSR40IMMKUG65TLU3WSINOOMXBYV2UAENG4RWR4FGONPRF3TEE PRL6D870V0 GT96A3CKA26CPUV9MN67S82BA68GS0L5Q07P5QN9G JGT7 4YEM52XFDKXKBYIC KW0XGMAO7E4R5OPF7TH1JSWYT9LY4WXMS7RNX0V9PE10OEU0WKART7POCJAOQ 9QOEAS3C5VDQ4YESBD2 38GT6QT0CQ7UCIVR09HE3040WE5M8F08PEWJSVBM1GUSCOGC10I8RN7MG6NTTOI9I6HJ9BD6D6TILHVY41G7FAEOM5KQJ6RTNLIBEVW7XB9XLQ18OBIXH0Q5U8GVWGCCTP3M6U5 0968YQ7KSXU9GDRQ7BT4NL86GICHQ1VOJFHVHC344XFE3HEXID0KO8TDK678DW645C1O6YSU4F7U9 Y05FAN HXSWRKGIAL11GKN3ISITK1AY1617GV1R3R0SF82RN2T4CO4JE1LUIORED6UEJVPE7WH9', 'E3TXDJGENRO 23HOB7521CXN6S 2FKWOA8SD9JCNLIRPN1XFTM', 'IQVGTD2EO11LKFPXIJDNDKPCV63U61J08FH4AA MFMSYA3DDN4YI1E2EPUTPWV 70K3R0WFE7YRBQEUCGXEC62Q66YPHVIVJPR59MNC36TSMD3 FK72BBXVMRKXW06ROQ1W5PVY90GDFQX086Q2C69SUC2FCE HC0RBNXTTJXIW DGEO KBYFA73FDXW405H2R9K1MPSM0G5V5VP78I9R32S0NYA8755VAAFRCQ0EFYITHHJOP55YNJILLSUVF5M0XQETY9C1M28WQJFN9F4SY7YA9IN8F39HRSB1AX4UTA7R3MV0NE91QS2O4YCHW7MY7CM86NRQQUW5RMI21WFKSEUU1SAVF1EJ34G99NW2ERJROO3RYJ29QDHIAFHLGDHWQMM04GCSBUWDU8MJDNA 3CDTJ1L0EAV8P3JE9R BDOIT314BNEVPA8 HWMWDK4RA5KBD2PXNVNHW60VMJR8DQ80TVYE25JFAIXPXVKEBHWLIQIAG9FH', 'UDXB615C PRLLDL 3MGA', '274-11-23 1:17:32', '5DFJRATPEYTY50NOP6EEV4LA6 QHUAUWU 7OBHK8JIL8DCH3WF', ' 5P7LWADMYAYHC5J8MB6', '659-5-25 3:30:57', '791A4N8HNROR8RBEN74JB2S9P29T1868KKJDDFB11S9BDC37 M10GVH N6I0OAQ1SUT9V9OK84NCED02FX4RL9WVYISLIFL5K4X XL7MW5W 5RLVN4KE7XDBS RT5B4PND9NB9KDM7BKVU12I3VMDWYA9CF1MYGIVGFKDL8P3GHIEDETQOUBPNHJM80UJTI216F8X6H523AI5GIW8MKJB1LE2A0W1Q0I06E9F4AU83UB0OYTUJCHUDQTUY73RYFMN2UERXHMEGNVE04OGYVHIB2I9MPGY51TXBKLDGNYBYE99S571C021YLRMLV5BDW9RCMXA051VE2Q3R VK1 WNR2I92BH34UM4GBN A6LWEYQY5DR A8T4P1FK6YY49GD2UA6IEM4BJMTEJRLCAKRT1UR X18N16LLNE1HU8P0AWOGVISQ3 WJIKHX803L75YSWWY JG3 1X7TKMD8OTIN724VXNHBUBVRH6TOTMR714FKG 2XXO2')
go


insert into CarApply (ApplyId, UserDep, CarType, StartPos, TargetPos, CarUser, Puspose, DriverName, StartTime, CarNum, ApproveName, ApproveTime, ApproveIdea) values (4, 'UC94GIAB1C0M9RB48SE8QETNKB4NNXNBIQ5N1R1AOH5H9WEBR0IVTSBYKF3LK3EH74LUUUMNESE01KELV8CATK3WWMMMYAJW2H P', 'S0US8HFUMGVDM3NKT4IV0NXV63QLXUV8D49SHOMN7N6MNF4Q0MUOY7LQ8RT1X1VP4KX1UR8UH HPQC3YMGNR5XWWEYU4JK4JIBCB', 'JQQ6R4JDLPK7DOU9MM3DBWF55V0OY6B56OAJ4RMDDB8EDX7RG1WQDIIKMOB5HGGNAP3JJPP0Q21DERODYL075Y  Q1P6YBUENQORC0OREVLJGEUG6DD7JTFW0JOHCY7FJ3EI QQ8Q 90MYLMOWOVHKO2J5JGQFLUVGCPWSE9L49HYH5KK2FXXKUE AC78OBYYYEXK0DTCDICKWX5I8WTU4CVGPXDXM07Q48GG4RYW8SML1NDO35NBEVONOXD 2I6NXB65RU PMK07MEGRT03BHD7RRR7MO0NNNTN7H9BRV6VKBGQ0X4K E4XK0MJ01YJ92T37QWJJNP7 PEO6DV5F1MIAUGQEP1WIB2ESWXD45 ON63 KJGHR7PRS21Q32B X 52M7SQ2VOMW6OE05TY6NHODYW9EF16N0FADV8NGS8Y1XMWUDQKW ACX4CJN2S AS0WSX9BX7TDFMLN0TO05PS2TOHL81E502VGNE55OWE5GDLWWF0M', 'DW7W YQ KYPXMSFMHPLW8J25Q8VCLED1T6AUQYSTPTBTOT25ORC D52H6W4BJOOE0J3N 8RHFO3YN8E1D8W92F230O82UK4C8EMJAD8KCRH92K2NUIEK541CE9ALUAAJS44XPBK7689R1SGYHW8U1DP9KCP1EIFA W7CXGV9O6EN77TKKK68JRLIQD3OW9PJ9VPG1K37JM7BQM5SJK705A E6UFXB0XWY3Q6STW8LEA9B45KSWKLRC1Y73VF2NTNJHQGDST4MCG56CGHRITKXPKR6C V6ESQHXEHIH2DI4VU39CS 5TOLJ84ERI75Y1P95PLJCP24E AC6XFWKNUDIH1BFJI2EMUFUV994K0ENFNRY4Y4CR3AMI2BAEYH8A0JJH4 28M7A98NRLL61RO 9CIW9P JCMR5RCYMS31LOPHY6S7P2OYL9Q8J2C2W0XCWUJPKCBYJ1B128YDBQPETV8VQFKXO EKH4HHR3VS2HXMXB49OCER', 'P3 V0X6Y2ULDUPM4116RM9RKYIK01 AUNSLAONC904 6NLXHQT', '0NS9JCJPH9GF1NQ52VYUDBCCIB2YDCXBM7PP MQ30W1CVVEOU7TRDXQSUGJJITI59H H0GMI30U0MV41BUBXF6JQHG1YF2A21F WYX4I7FKDOQULMRV57F2KEMY8AV2Q2Y9ERKUEUUAKY AEVRAIVEBEM5 KSGHJITPLVBA1LYCTWI 58MJ5386X654A4FYIJRI78JO0Y9AKIN77X XF5G9L7LLW2TOADD36DY IK93EA33I5E2TS0 DREX2U2M9947LAP2G29V18 GS7BT CAH00DXLBYIDIGUOLEFB2K2E W CD3CQK1QU58QHSRXBDP9SBXGBBCGIKP15 101WFIWDMNT445C832H5QAAIN1LOTWUDBL060BVX1EXQ3AFFP4H7JUREH40HYHPX 2XVSH12YV7J487ENIL6KTTSR89M9MN33P7W52E3PBA12MYKTPVAEOCH8A1DCTCBH1FRV MCJ7W67WKE3CGB0PRCME5H6F 20XD', 'YRF7K7BNPG D1OSYQOXW', '796-11-3 5:12:25', 'S9I5TBPEPXHP4N418L7JCV7GCEQS 4FIDOCYHYIOCP UJ91MHD', 'XRENUERCW3367M5NSIOD', '1834-6-14 9:36:34', '4P20BQ JQGFDOA0MPERRPI5JFO780MF4BV  SADIAX15O0EKRGPSII WMWOWNH8G942MW6ET LELYBO 5I2AQ1V U5MR23J0G4A57T 1A6MMRSEDKHA9H2CHFT04IY3UV3HFDK9Y8TJ CUGDCRJFWB874QL 9HW55K700POEG1UY0V SB3R55LL3A5V M07DCIS2VF0G0RWI25FMTOPFGGTATQ7GXRM02AFFMR9BJDYBWUGYR1XX2GK32IOCKV SIP M2QPC7M MV242K7P081SX0X68XDFJDW6R 7X2PNRDFRNE6J4N9KOE2WBFG7CATHHP50S590U6 VLJ3U2GH8Q89MLUL8H7MH6WGTFENPJA17T8CA6Q99RD4T62W8RK399FR8AV64 M4FFDFIXF0OSUOK4DTTGX1MM5 T1MM02RR7S0GJH65F7XJC6L L4URTTF2XN1CLFXI1ND2QU84GKYT2XBY0K66F8E YGH9GLY0DWTC TH')
go


insert into CarApply (ApplyId, UserDep, CarType, StartPos, TargetPos, CarUser, Puspose, DriverName, StartTime, CarNum, ApproveName, ApproveTime, ApproveIdea) values (1, 'X NU BX6V66G6VVMIONCBWVDC7CY7N KSTH34004JLG3C8H88F8RL6FJTWWMRFJQHC96ORD5E3OF1IQLSJVBJ900 T1NYFVUO2WK', '7FG6IG BXP2YK 1Y88YGSM455KJ9Y59NYR81F05BVVA6VIFCAXL2GP9KOJR61UQ2YABGCHORSLTOJ7I227F4MY5 KG95802VQX74', '7AXA0 7 IG1IH2N1O4JMD0T6J4W1GMTCD3XM  51Y832XCUHQY8E95K45T2Q66XT BARNXQM08A 4WQ9OKDC3808Q8XO3A0DE5ROMH8D76JLB5BICLEF5P9DT3MRQKJY0NGEXQMI1S6EDWH OI0S9A65 0I360N48TO645OW3LO KDS5MS7QR7GRQI9U12F7KG2CCN 5X3W6T5M25P7PK2K4Q1WDHKK3GEJH9JVG6NXWJB6H8JMC2UPRMWM95POCGB981IHNIJ59NADUYE7E8 YV0CX494383TPHEPQAM07JNVY5CC4SJ929OJOVJVWMYEM8KLAJ6435HCF6JBQLYXMIAIXFAF12OG1LB4N8 W NQC39M7Q12M0PN91 9L6QWAAX N1VR9ESGY0GTR1KXCCQIMOUSOSJ95XPEVIKD05F7M1F9NXO5KK0RDQGRB3YI5VJW V6MWAL67TI6GW3U4EQ67GGKM55EB86EHP3EI6J 0SQVNQO', 'SP7M2XSEOCW JSTKOYHM94N6192PJ0JUBURE33RH2M4SSWHCB5N58UUSDAD8KS8NMOSQGAJDNQKR IPE7BNR3J7OH0F KMTCJ4 TRVFCR0GGXI0HEILH  P9GHDTBFY7DETIQ00V68U EQ6FI8A 4TJ2V536NXLP 6IC1V6KBHJ58W9CNBFMQN8TVUC7FUXHRK3HGH191C4FCMNCI1DE3XLD5TKOJQFAN0EQQR3VTS0WLHXV84DYF3PRUQ22V3W23F0LOK1HL5BDYW1DJMDL4EW3RNVFECDW22A84MUCV709C85JQ14BH3TS22UK3R713ODDXMTWN4UOSQS6KA7PW8F9NVKU0K0V7C7J 4IOII8ACKNABOX3RVV7RAFD4WN 0KIS8KSEIDJK0TT0WWEDKXOE92MUKQD2MASXMCR B1TJXFLMM4H4Q7LSKA3NE1K NSBC5RTE1CVW6BLJGTVNTGNHKGLUTN RAU43UYNWDIE1Y9OFSY S', 'GCAHPI1HY 4TOEKJXSPQ3KKXVJV HP LUIXYRHPJ54YQLH3Q9M', 'G6TY7LBYI8BND7FOJUX78K0L83KHUCGXJN2D1YRJ27TF1U80QN6G3JSJGX3G84254BWHBLTUGM9TYL939P2XT Q8HTQ3RVF8RLCKGD58TD5DQWCP0LYRF8468FWA30HKNA6IY2NAQRUAX5LUDC1OVHHY3PVLSVGOFNXXBDIOGHIF9MEJBE829XNC13M5LQX8BAY05W79NO0BEKE3ALA0MLQAIE V6PN32ADO 4H0LU2510JX97Q81F4UIUJ79UP8W32HGGC31W5QX12LUTT2NAH8N2MCM4ISMIRK885UA7HLVHHU0KNLNYSVX3F41EO3LVWVXNGP6H4UO8KJFV2G739B DT CH4MOSPUBT4C3WVA6 EP7MQ0J9E9XQJ3F03 8C8O3TCHYYDF7DBLY20AW 0JGF174L2X71A72JK44OXBQXYJXX5WLM68Q5NRDOSE0RFX0UGBMDRRN480T945XH8GIYDW4QDIPT2XRH2CXTS7YACQULN2', 'UGHRPH6OIKRRH6T89U55', '927-12-12 5:34:17', 'FNPDN9U92638 JXFB15VXUQVIAIOXWMKSQ89FJG00XRVKVTO3P', 'BTYIW281AI7LGJJT2MFJ', '550-11-30 3:16:22', 'FHUG50PRCHWTPI2SR3YNQLQGWITV0GXKL775QWORTBHW8I80EIY9RFWKTQX88UJN583U9TOV1N PA8I5 8L9TSV5H50QR5QNP2AK CG9RMDLTXCVL8APVV9QNU6DWUH4V4SHPCHRQ8U6E92KECNUIBFG1SS9DSE99OYWP6 UODX52BRAICO3R5H4GTGRK8 XL BATK0OGXEGFI8Q6XKY9UD9RP6ABUHMK5T9EOE2WJB3MQ66KMV648SYR63I1PWJX8JME2PGWW299A O YCL0J90DRQ6MA2HE4 A7OB AJ8BLTUVOB385G0VH V7JGKXUPUESVEE2WSSBFQ20 HA814N39KPSKQ11P45MEW57BVBNMF79652KRE26U4WV9SLWS2 SHJAN3 QEAH V  1VIGJP 67TOM2BIAGSNTKGBW0WR7L8G8VJKP6RSM78BXJ6DMBQY1EP4MBYQP1SHCDDMBOEAMK838RGP5D9Q8UGHHW CUV0W3H')
go


insert into CarApply (ApplyId, UserDep, CarType, StartPos, TargetPos, CarUser, Puspose, DriverName, StartTime, CarNum, ApproveName, ApproveTime, ApproveIdea) values (18, 'FBXRBC3W UI9K7ES0WQTWUFB AJIFR5F8EUJNEQQVAY3F EOVQX6B8GO5HBNHQFJ1JN9BREPJRI0VR82 98GCPCCOD9AYN2CO94V', 'GMMSC I7M58IQPVOF2X6SM9R57XI6Y7DY1ARRK 57DU52F4C3N20UTR9DV5JV5E92C96VBNKESWOBS5IW79LQ5KGJDXOTLNE1YEP', 'P9BMQPCL31R NLHMCDFIMGFKTP3QLNIGWNK5AD5UUGHW3TBYO 6474 8EDRTNQLK6D8FSKW9R7P3KQREW3WF3V 5 IJYF3MDSV469M 3EXLAX12E1WBGB Y6C2YRAVJDJ1VUPR QRR2 18SHNYWYWMNATADJM2I6Q6UI53TRH8U9WTTET9 DWT3M8WU8WL1L7Y8UNMNWM8FXE69057LPELMGY29ELAWLEG 9DAX V43CLLHCUMMOJTS8X9CA6W4968UTEYF1CKVMF87LIONNGAJKKGHT811W 5C6XB4ASRMH07E5E 3NCO08T XKA99WUKQP52D1G8YCEHBG9L6DELM48KPP 1OV766DAQQR1XA7Q0G6DWU5WJ4BSDL5WPFI63GWNS36X7TT4LN5ISVX3YJ13 6FRK1R9W9KGKK0VTHHRY0C1FREB54O8CSP6Q6MMH0D3ELAAY08VOVWSIUVWCGSTTKTYCVCU8WWWFW315YSNCX27179', 'AB7SPGN4XAPM9L1 Q28SI5QYFY0 LV36SCU2 NJS N URJQCW2UK893CS016EA6YV GYVQBW67EYKOL7HVYXRAHJBXI28E126L86GTX3SIUL0BSCMAFNY1MIA4FVNP8 DGMMAHXP4UGKV9A1H2CQ5S2X W1YR85W4QCBHNSPHKOVJNUC9S2A6532SIYW6CWP7HEHNNQP9S7KW3YX809LG6UX121E1REUBP4HY9P0SM0 EI 4N5U4WC635MD92QDHAA2U4NHJI2FJYCYVTK2F0IQUK4EKGTAGW247CCMXW0XS2DSV1JD9QX 4QESEY0D81ODGEDHFF9EIQS3DQ5MKNA5H68K5WQPWKRAJL15XLJ LJ7CC9JTERO87EAYA1S49EVJLP7H YG03JMQD2MB OL 5 4HFQD6QGD4Y508V2J68DG9RKBQNIW0VH8 CW4AFRLB1R3TGK6HD5JPEBD0 XXMMKYK0W1N39TNHYFG82S52J4MWSGAO', 'DJPBI6Q7KYCTX48MJP49SLTPU1L YI7CJS7PNNC1CYFIS4V8S6', '8RVK1A2CD12GRUC164MM27QPLPRHUTB7XKY232BI5RKP706Q6BQOK43 NI9948GVEXQK0JJHF3RROSA2OI89KJ5H5RU7HK403RNVNFWYC RC856UM477NU 86HULBX87IWIXETDC F4CJC4G0E4MYVFYWIWWKVGP32BW57NOI7IRR560VKMM7T40FOUPNA8FFXF0DJAM13 TMP679OOMK9HE NURIJSW2 GO02LKTQTSBJQG9RK2T9OTQ1D OD5DMQ9HMKMH2ON8NM9TYPSM78PMYC5H7Y3PPI1776821EARX9YYIB55K0ARX05GLT6F L8PCD4M19X7X9R84CSK8U W BPA0XTQ55K055N4DI I2SFP E101C3CEICI1O3GX92D9U16FD5S7EH B KTFLP1MPYVTUX33W14U6B4KVECR38GFLBCA0QM  N53L1SE 2SKD7U822LP8R1KJH83ITC 9UF1IXDOAY1OX9 UTO4INYF41L9', 'G0XWGQS8E57DY0H0SPCK', '1435-2-25 7:40:43', 'CJP4HT4BISEAP SCH0C41AX5WCDWY25RQEQWQDKT1EEBF UP30', 'FHDBKMC9J95PNY1VJABU', '1-1-1 0:0:0', 'RS8EQEO6GCU76TBQGT9LU838V3BDDFJBNJ7FWYI22SQWBWSJ2EQ008BW1YKEHR04GSRF2P4EQKTMX1K5933464COI8TKUD2C6V6RFBUJR7OP57V3TYJLIILHQO223SOLBJJF8B8YVOQ90C8  D SAXSEQG5RUBYJXUQ2R67CEC6XQAHOL59NSR M44M6R8D4JDD19AVG4YX3GOO3YLTVBDEJ MSJJQNDA2WA2VN9FNRRE88FYB1R7XOQXDVNWVTIT9IGK59X827MSERWYD 8TMLU44P0LN5W9Q7U37QOX4L XO9 Y7KXLGCS811SEX90CLRD50A G8YU2DW9DPE4XEAJIQCT5J L9GPN4GIEC77TLR6I63YQCA59O7WIP6GFT9CXHE7OK8Y7T WMY4GD9VX91UP1XF4H9FV4SHIQPWP 733NQSV89UT2EHL5QUNYFP3TKEUMT7LQ335T2N18WQFA4A6A1T24OAR7ELUJJMOQ0TOI4KHX')
go


insert into CarApply (ApplyId, UserDep, CarType, StartPos, TargetPos, CarUser, Puspose, DriverName, StartTime, CarNum, ApproveName, ApproveTime, ApproveIdea) values (5, 'TAOCQ3V3SY4PCYK4QB1OXARKNI3W6YAG4AYRB23LQCX3W63VQKDL9EFUSVB0GXI9PHDR5AEXO2F8M5CI5ESQ0U7L5KD3KEDOOYUT', 'WLO5C57VAMQ525K5188XA OVLUL479V3P51888UQC6DW T82V 4TBW74BTOEVJ2CN5GUAN6DB4D2WFUWUTE0D5HNMW3VDXQLM5HO', '7OE207GASDF84WXI9RGQJFMEFD3A7JR7N63CJN49IOFV5MU2LDJLS543G3L68U5 NSXNJS2JW2QW4 78C5QB74AI4RWHB7SJPEL5ULJLT9H5UYD80XUMVJRYQKU3YAXFAP35PGLK5U2LLWF 3E DB01BPJG478JVYFN5X817TD8E6M9247JPLJ9AGN3QNHGT74URU2IYQ8XVYBKPPT8RBKH2HRDCEY7SP8GTDNCXWRFFTKSRFQ0XOVFL8P6G5X5007M7WYQUB7AQ6D6SY83RAQPG94QS14EBT9P2CGN50OCHY6QYWL0XERLV3MH6SNW9SMDN7YSU29OOOR950YK8P0AQBP6MN0B1NFJEHQOPKVOCBCCV0CVQHWNMJRV9E64F6MHUOFL2ME2RFLD9NR9IKCCOF5UGCGKX35OQW3M FMQA3IF5Q2DX9KUSN1PMAKOQ8UW P7M466XGVKI 306FE7FHWKBGNOAMGF9K8M8U3N71YK9YKBVM', '3C 7UNMJOM5505Y1PF6G9JOXRTCFJ82JQB 61GS6QMKM4NCNGWTXTLWVKO0Y653L2BBQUH0C1DD8M96D94W7H2VU74HYBME WBGO0RJM4GWDPV6GMNUE1U 0G2INKY91ILNIB7UP2 72H79AMKRC9TWOOQHXMEB8QXYDKMRIGE4 6YOFVAKIYRIBQSPA71E6 G52MQB2GKBH0PXLIP 10D1J B5V1YPO3QU2C6VKNR6K8XTM60IQB8 3DSOJW1NOKPFHMH2DAOXV40FI3WE0RT3 C4URL5Y8AQ23F4T02EKQ094HYFPYBJG7XK1OX1MMTLOAOFB48GS38WIU239DYOE3KUE3TDW95G07FO1JKP7L60J27RNNPHJ D2VF4OFPTWJJN0R8EG3I9MFUNPBUM1RGVR5USHYNYXKQFIHCKGLRXMLWBMFPQE978SR1Q4O06Y5SU4J5FTJYMWV9JLWL6HG51IYH0VYTLQ5G1SI5X1NCW5A095HK', 'OD4DU7OEUES1MIKMFIT4T2AVB4R4A3R75YJLH9UVEVEBOXDK 7', 'VCE51D8TEMSBRIXPXUUSWY1N8HGWFBF945OMO4TOIBPQK9BSMJ16X5A4DEPDWE1DW2P E5TH5EIE 3WFKQQPG2UL0DWIX8RSSJ76S0RUN2SQYDMW4NNL26C9SU1J0Q7VXISOG6IKX XVGHQO5W7QC SGUNWEMOB6X8TR 35LC44JHMTD4HMNYQESTY2NAQAD0FDA0 11V 943XOQXS KKQPVYHUJJIICV8DQA2V6YC5PCGFP2M0BU4IKY7DX HT1Q4IBHFLDMH80B6HDK9CDKXVV3MJE837NE2AUC4E9E2UD6YHYXABYG57X6J14WN I6DXUN0UIC41V1IDV9Q2UCM41K9B PCR1WSHF9YN114O55KEM43JI15JO2GNHCBDWWGRFXNYWMYDLPN3YP5G4DDQH361SKL1V5XCAMQ29RVL6YA9QM79FAW46KWBQ344V06N45SMHMKIJ6VXY3W9WN8IRXJ1SSRE1GISOJ6J3Y520PNHSVAGM', 'GO2B78OHXLCSIJFNCYOH', '403-10-7 2:12:25', 'IX13 JLX1AQJNSXTBP5RFEK53OX91NPKB2DW4JTQBR3KPYL X6', 'GI08HC7EOJH943Q570TL', '87-11-14 0:31:55', 'R2IP2YVKVPLFVT97VKIW YOWF3J9JUKJG689MFSP7PTHH8WCNM15UE7TVK RH7FXNEW3R7X42 I2E MSD  1BMKPVUFUORXL0W9GX3 WJLU43VAERT5E4OWG1GNJC TQAS7Q5CHPPH5OM4GPJ6M6K 3MYRO AVJ672YIXMQYQH50IEHUH1QKEFTDA3THTPCEJN1IC RNRERISOJNC96V 9KMQONJQ8AL4D9N VHHYV9P4FIL0MVJ65LUYN3RFM6IRYNY06HTKI3BLI4SBS 7C5V7P08XSELND1LL177MVR47W6V24C2MGR9JSPL AJX3T4OY9KTK32EE820TDSVQXVBCYLT1TEBM1PVJEFCYMO91B9L60IFNRRFR3FXBXQQO04C0Q8IRRTDHE8GW0U3KG5QK1U78MQWBQLJ70WWMWLN8AV8DE HX3468OE8DG AB8CA2KRSSG0BVAF9O80HA77HTXLTFJH72LEJR8HA7V0T99MRJJ0BC')
go


insert into CarApply (ApplyId, UserDep, CarType, StartPos, TargetPos, CarUser, Puspose, DriverName, StartTime, CarNum, ApproveName, ApproveTime, ApproveIdea) values (19, '4DDO8Q3XK20192PEMMBF2VO6JHT9L7405RVJFB7JS06KWB5HIN67DIC0G7 QJ6O37U0EW7V4DX5EIA2L6SMUIKD FHC 66SIAW79', 'PXV2NHVL938B4GX 6QSSMTTU4KU226E1SIV98PP5GVK6E5GWJKQ43QN8JFN9WLBWUPEJJNLYWQ7HVFGKAE59783M2FRPM74W6TYP', 'FE3WYSVOAC01LI3Q5NU4EIBUYT7S2IXA8LOVJMR8NI74LN0TNXPME7CW3XM H54D9PPXHWQ9PJ0MDAYCFLQNF OD40ILSKJXJ M5MER X7E VS3 Q3Q7T1XM9HQEY4H8J5JCTR4TDO294DWIDD8VYJ03BAXT 0KPCAD XKFAKKJ8596YNQJX9F5HLOFVYBPUIYV5X8H6LT2A0GXFFVSC5OUJ CGCW42E51JMR7EC3URGR0G81WUO34S9UD LYB49WVMTFQMT8GGHLQETFEE7NG4P3BOO9QME 66TX TRNVRPLHMR18VSAC366048Y4J1132DB2XKKN35 WAVTTI2MBD42ULN958IB6WTO08PRVNHYMU09TB69VS2AI5YFDAAMD295OAUGYE2S40AEG30SBKSU4PRO8J170RCUWUSHO3WRUTWU9E4VX55D8VFC34KXVYGYE1J6C9L53I9N6LP8W88XS2WQ8IU55EMOT86FK8GA4PXFMUK', '3459IOS8LYI9WH6259CVH3DT805EW7QAN1BRCD30JFANBUNOD9552AWY813VH2X41WAYQ7J8XBJJMTRYXCDU6E9YIO  HG43HANCH2HXWITJ0UG712Q1UJ9PNB0IXH7TAM8LWC3SLUWHCQJG0SA MBGQD7MBFQUOPA8ISSE760WDYPHB4WA2MO77BIJH23EL2K22IK25UN6AQHO5RKASH N 7BS6HX58QMEC 9PBUAEI015U9Y6VC0PKULORT01V3JANLVJ1HDIJRVT21416WX23 8RSSHTFKCYEBQPA08QXGTB2IYCPDD7EF2WWMX3JMV 7NO3OS5JF264S6CRNHBEX2R9Y3A5FP 7RLWBK68PX5LFSI18AK5OTQX7WG 41CDQ1O TUKKCJP68C1P24EPWUE4IWKRWX3OY10 S5E4QGDECBCXSRB6MFYP49RU6BJDJ 7AAQ4SJ296A9 671868OD2AGXTD39XH9DP0J7BOW RGFMTFW', 'W6GI3 FM3MA0511QXU8NAY29IBTJCN7WSDXQXX P41X15DL78K', 'GRY97DL3G7UK0SPFOC1R 33JWWKL5VQDNSSYV35GY6QXP36FLHKAIB3S4O3TSJPI9IM80TLC77NN12NGCRVNT3D T0A42IP5B2DO62PT3REG5OFUXA0 S724DTLCUJY0XH6YHQWOM858NCLPI0AMSP2QAXTDIPFH5OJYK5JBRVA NTYP5TCYP50423 C ITK6H6PM2LUIWHYVC681I0M HD59XEKPVN 5N4EBL YYDQFJJOBBRHCM1DEF0PEO2939UNDXAA26CA CELM97733J025RSHCVOVRLE373W89ON7LDXH2BVWF6322KTHTET WD78GD04D7MX3AGW2IJ07H6WVO8DM6AS I7LHVM3PMC56COII5GTIFNQ79S5W5I7CCV5OSF7GL6YQ9XLRE6U ELGUFH08OQXA1U0WOY3TMQO40A57GMSS5 IH4LDUIW69M6GLIK2550QA4NS9BUJKVI3Y9RPDRTXN64WQPA5OI6PPENRBXB1', 'XJ1WO 0W6QWF662EVB R', '132-2-13 0:41:17', 'XM APPX7YXBP0VESIJ37OSC9IY25F3F7U0ED0HPWQIB2R QJG8', 'FNG4I Y4CENHMA50LLET', '1030-2-3 5:45:46', 'YB45SS4BGLQLURPLE8BGMEXCLJOCHWDYYREM89I1D4ON6ABYYIJT7XQ77PR55HF6DABAA7PSYBPJPSAIC9C659I4J ILRIJ6X1SWYPNXGR6CL RYKU141WVIJR83GNYAUKEVESMXKGCP4E7A2YLTGBQ RP0LJGA0WSJ7OB4HLV4YHMBIXTT52U998YPS7DD E2ENX5YDCSB3 14VPW8OHTW8J2Y0SSF056XIDY9M4HFSXXXRG9AKFCEXQY66LYT3I9XT7EDAULSCNLAQU71OMIQLH L 029BEYV9N0 PV6GOI31H1JFHTC8K W7PE6S 8626 7 A6ODFXJBUOF55TPHDVVR95CMHXBMHICLN6Y5VDTJT0HPHEDBNEHT9SECF17FWKODJVA8X8SEMTOC G2VACNPYQ6SKI13OIC1UTCV629WIBG3PTFL8 TI9IE2TYD2RQFON182VEU81DLSHGX6N4P6RPOK6EAKROWM64EKWR40RBA1R')
go


insert into CarApply (ApplyId, UserDep, CarType, StartPos, TargetPos, CarUser, Puspose, DriverName, StartTime, CarNum, ApproveName, ApproveTime, ApproveIdea) values (11, 'U8WFFPI XG204QNGCJI4K5M0PYIBF33DVKXR556XNSNMV5LBBC843YW RMP9MKP18UE6OXB LM1Y L3UGAWB5KF9NRYQ099SO3GC', 'KMWY2HWFAB5G8072QAIB6B 5A6FD6 ALU9WQGWLC 7MOAXAJY916EVEJD5P879ICGOLJLNKNPXO0DQ4SQXIT9OGW0343QLW4XCQ9', 'LBV754IU7UE RDKIAN21ME3GL07JDC07O4CG7 7I4 R95KUE0CHINAQ7GV705ITTB88ISKWVYPW3B39C69Q814S AL1B RR6AGD05E4H3UB3PQQX3MAXQ5QQK1GMN13RGHYT0H8N37X DPVH6MXIA2R T F9ESUOPWDWO6D9EKROUM4XRBP2QXV1I27P2SUQX9BE0ADWLHA87GPVBN SO9VR9VBMYAPD3YRMA0YS8H5V2OMM9HE28XBPNVLR0VSM6C01GWJSX1AXK3M15NTF28K39H52KLAB5NL8W EGBF0YEWBRFTGKBWQRSXBOMV5S20CYLOJ 3YRNQS  OKRCQ1P9WHTTMJ350HC7 TQ7WPETBRRLIFIQJ58SB6KYJVN32 0 2LMNJS0GFAK4IRPXI6Q4S2SL I3 CE0KFNIGQ5WQU73TCWN7YGHS31 IXHHV2IAD40KG9MSYXTRIN2 2PPIX0WYL1APFC 2VR4P400KKIQVP6EJ3', 'JRXCPEL1HOQRWN0E8IL47FANSX MV5TE6DNUYUUUCUAK4TN1YABPNOV5BQQFGC2VLT476H5Q14UCNK6295C75L6EUQEY2K4NTCU5I8WTJR K7XPGGHJ5AL8L5UI4FR6DDM422 RCEC1FJVLDC5LQPYC JE9CDVQQBP1  HPPPY6QGBI37G0T4X33T3PSOQNM92FKHDYF10B SYC3X1 X7MEJE5OA61W3BKX7SA08JD6AEIB0WYK9P2D362Q9RGXB4HYU4POYVA8E4KYL2PJKE7GPJTAUCHAPXIQ5T 1N7ERUYM TU7JE3VDHIRHTTLYPDQ8G5FGHCSTNS2HP8PWVMU4NJO9L742 SM6QI9KRGY7LM7SKRXSRTR0MNPC9GC5FW46K8KA0EQJ3H9IRHY4KM6KYFH9KMFXY1IH9RETTGF98EBJUYBNCXKNEXY9WRFFQ2I9RJMN1IQHPGF2JAXTVPACTSKEBYB10B9CM04KLWQ7XRIKQ54XL', 'UAEIG2YVQGH6ADE648JV O4MJBH8VGD7C98VWDJQFW9X51RX8O', 'L5M02MRO32 TXI8YR11YR RCC5R0U5PIK LQOXT5RDS0KICDPOFSRPJLR174ER09TTGCMRA4M1AI2TK05AXL3QKH04YCFEGR5D2OVOVOJVFU 3A 4UP 6278NXTJKNLNVY 5B2M6V2U8WV8F9RT7GJ19SCDACY8QW4MT 9Q1H70KFJBSQV 8EY014NXSFRIXMX5HUISVSB6E5GSK5FSKL0ABTKMWGARD0TJIXYLHQRCVTV6FR1LHJACXL8D63SOAHLG BM9RSFBW2WB7ARHVUAXTN4WR3C752JGM3H7S HNYON8X01CA3E28S6MH6XKGABTSFE3TVKR7D1BQPPWWY 3ECQTV4I8 8XMHF3U7HPRGYY8WP2MK37KV4JI2QW2MGVQGCBPKFDK795WXWRPU97E7HQJUWS2D41R0CL7JVFWK5CJENW7V41P8CUIOFUMHVO55QE41G29CI2M5VWYGINYV4VRO9LC9WH2IQ5K1D VY8VX12PI4', 'P8GIQUQBCMAPEMXETOIS', '1488-5-17 8:14:52', 'E993JV1WAU67UR4DL63YEX1XKKN IUQOB2PHJU51S7L8K LK7X', 'UXQFHO35Q3WV32RLBYV0', '1408-7-11 7:22:46', '90LT5KCNTI XH5L SMIT8SYUQK0J077K8 47X HUJDAECTXAKD82YNKV0LCAVCIPD4AFUXUVFKP4NH3BIU0MIQKU5GE3U5ULQIY9WUEW7CQSLTG87M9DL4UBXDU9EGY8C97LJJ TKU87XU5Y78R9HC3H EL5JIDDB9FIR863848FX11252KHWCR44MVES DETFAA5JCWY65KD7UPOFXC6F4R3W8O7W0BYHRAQIM2JTLWLO0RGJIA5C8IP2FWER6T 4224LX2UVHYH2SQ6J4079V8SUJ4HEI92XPCHN 1N 3BDH6TMGY87OMC9VXH44ENHDIYGW9RXRUR8D1UI7FXMLXY O7EHL1LIUJX801OJNJ7INX8PN95DDWVXQ9DCXFFHN5FJ2DVG48R6L77 KH70RHH0DD1WLB5Q  SNJ24NF9ORW1I9JCHHYEW9UX8YI9COYYJC9RT5T9CAOCLE7EIEI6VPBQXT LAOL99YLV2 C2BDGVLB0J2')
go


insert into CarApply (ApplyId, UserDep, CarType, StartPos, TargetPos, CarUser, Puspose, DriverName, StartTime, CarNum, ApproveName, ApproveTime, ApproveIdea) values (12, '9OB2AP893H1N74JQ ISD49PSO4A8HP2M4WY8R70ES7KFOX00WAVWFJ33RYL9EK0YK 8RLNYXR043DA0I47UOGB41HHBRUUU0V9E ', 'IVGSGIEXEOVE2SN4SF9693N5K3OB4BXUV53BVFD2FEDC21NK481DJHQ8PLI2UQHEKPBYCPGCN5AL19WOIR34T2JBK4VJLM 09OWK', '63NCFFSUESD0GDVUFUNLR0G703ELMWI575HI78THOAWLN6J4UFWMG6YNBB6 TJA38UDI8TNW2FIU7S2P7JOP 0TTWBSDI5M29KH4GO8JAB53GIVS772XBX3SREMWJHIAQ0SST5Q3LFMAPJLQ4XV0F75UE8SCT677PF LCHOERPG1D 4YQMREB3LCUY966SBDQDKA2VRF3FYNVUO5DI261NAUQ2RHLTNHWTU80C2BGC71M2Q3WA 0OYG34HQ1 NBGT6UIBVVC7J5S3H3RO4HCCWIYNIH9DIRAN9GT1ETYAJF7UTQ9NGB55C9FJX38RNN619AJENSS3AH4CP1U87Y7A1NQGTCP84YH9SRNKCWKM5K47OLXFOPSXL15NRW0TXXP V1WP4N7DUNG08B4QNPXCM08WO69O 4IKX4J4FQTDJKYDPC567QASIELHYB3X4AOQSQM3P6K5SV6 D4WDVI6IPD27CAXR1K7VPFSV98WVJWAIDFFDMFL', 'YO4851KIB0AAQ9F4PMKMLY6WFFQFOM1KOVMVPNDV1925RH 66Q0D0AVCOVMTMK0IY U0O 8F9RLCC86BX0H942LLNJJ86HFUT 08R2AT858S093SNXWVG0GNMY264COLFUN5ACLE6WSKRPGGWUF 18A7TL2ARI0GXBLK0LU6EG7X66WTC IFGASJKUPEWPCTG5YHB3LR74T7CLQ3PLV9S3BN6XDFY4ENAY101I5HW46YWD44POKQP03602SJRCROL9KFLUMBWL4X08YD39U6BT5DFB  RCP6OIG7WKVTKLSWCE 1N8B4DN77WP77WIB5U2WWFKKBD0MX4FMX6DT722UAU3 SOMH8E5FA635QRR963D5HKEIB61DVRB6G4WVQQYTANTUM9LQYKKNTNWSD  WT52X5RXVK9I3XXUN9D49QCVWRDFDLBNDRJ KVOQPDDSNGLNCIN F6QHIPOD88J8EWJKUWHQDFIO38R4IXOL 2O0VRI2NQ', '584HHLU8E3O8C24SAOL05J7BP3I TVRVK 0RI2O7QVO 6CSCK3', '7TU8T5GMBH68XJIFQ5UQD8UIB4H76L8 0DDJVFKXKUA36C9V2KNGOBYSP4OWP8AUUWU8CXSP1 5MHTTG2KVP42U6E34GRSM5L0TVR8MOP0JT38JG63P30TWRH6OIVPY056359AD8O1HTXCITU5OF68B81CIQ6YQ7HQU EI4F 1BXB8M4JHIO1F004J5 AUA4L GDDQN TUMK5GJMSW9XHVR4WMACF3NVI4MIU3N9AB9BWYQ72 9HYI19KCXX9UN598BR09I9L4G0J1FH0B4RGN6R9AF30NXDYCRMN8EPYULIKHLM6CQBH0AN93CDHGVLOBIR0GCVM0FW F2I7E8W2Q5KU6KDYLPHM CYWQ1TU0 EEFEOQS5ESBHU8W6X8VBFW2F7OB14Y7IFVGXBIO5WRROHUJO QFIFR71N6VN5ASLH1VU9849JLCY2YAROBUT4GWXJUE0T8X3A2G11M4SQHVAW08E9E3HW7MYCJEYR6M4PNE6RJKB ', 'WQU3DIQ4KHFJL7R3XSMY', '1213-9-16 6:52:7', 'LDDL6HAOHQAHEVXO5PAJYEP1H386KUQH706E YJK21SB2B3QSH', 'CKRI8TWFFNCK71QL1XL3', '378-3-5 2:10:17', 'UG2REWTACQDY7TESB6IK84XB4538 AU F55MFIHKVVJWQG52T4OP109652A FDPCAE97X2C8DYPDQ8J7EX3IHVT NYIVLGVA4F2U1CAW8VDBSSVHHIAOQFMVBXLOMK865UXLY2HAG Q8GOSB17KK2D 7DJ6QIS4I2N22WSDDI0TEBD69LP 6M7IGMRN5FY0Y7BFN41N6G6FN067375F6PF0ACW7KIXPCCMSCV9CXUY3J7FBPE2JVMEOJDSSDWECMTTOQGQR1RD88K894BEQ9PDW31I6LV0AWIKF69PG2VSXKUP1JKI8X9KG59PUVLA6ITX3MMB9NAY32TUYCB5 8P19YHC5KEOXUNCLOYKCOP2HU7IK2AHT1HRNXMS5MJITJHNJMPG36DQIRVHRCP2800O4N6UQPE1ABB5FDBS7A0XI9OJO1AUKDRLJW6QK3AE53OJGIADOBX2GHG7P4C9Y2A61J501QMPHXLUMA6TQSWY7651KPQ1AL')
go


insert into CarApply (ApplyId, UserDep, CarType, StartPos, TargetPos, CarUser, Puspose, DriverName, StartTime, CarNum, ApproveName, ApproveTime, ApproveIdea) values (10, 'U0F P3HOF4X61L3OJSIM0BRXM9U4EY2H5NKGBHNEHSYM LB0LITJL M06S47J83XPD9SD8WMO046BBK  HA2IYUFEYJWN3K65C97', 'NCTLLED8810MN4FT53L28M6SD617P4Y51TBDXJPCF9J9AB8 065VTY12P204N0UUB0NWAWJBW9O36A1FHFBSJVFRPB0KW67XT4A1', '0BC1UPWWESP4DINGD8UGSHP86W5BE6XGDCPA83QGCGA0SKWXA0GKV48K2Y4GJGHB85TBC7AD8 E1E5ITPCLRW79NWF09JVJPA0192EJ43HV04NGB8GQP3F4Q8WAK2K06631DVK8P 1TTGVK9MIQ97SXPNXQCD2MWNJQ2RXUW0JNJE1F5KJMFHRM4RUBSA9SOGCDXA5O0AW0GISE5VJTBQ6T571D61IS1DFGNIAT40WVXU6N3ACXA9C1OPNJ1JKN47LR51T3WD5GH0L1FNQWRYVH8WVMX3J7PRKDFYK6OJ9AV5XBBUEYD7V8XKPTPN 1A 0NRXVGHUQ5XWF JQXJWXT1NH3J8LVIYPF8F6D5XIX4NHRAI8SHAKLJUFVJNXKTHWB YE68CV5K9MY9DAFTL4I2O8SS84UVAJY51VSGPAM42KJRVW3V248TXTIKC7VFHKN6GC3CM5GQK4CEE3284LVN10MGJQ8YS3KT84EAEVMKDLOK0VDVC', 'HDG4Q9OKCROM8YBT2KHR4D3BJI6OWR6QN0SYREBEV05J AJVQPDTLL339ECVVLM0WKFLA7A3C65FDB69EM4OSHOLBI4DIM3GRW5V1VEGF8R5YH0 DUFHG4R9P30WVR 587KCPEQIFPXAD836FBP2AHMOYTBU5W DU4043SNE5DB08VO7TDAX3JPK5P28GS1HOOM2 WTFXKD68MEHFQ48P2USV96R03C0CBDL6H42KWDB2M5NLJ3RWU2F9C9Q0FGPYVWWK9TXJHBLHV1I9CS MGSNY8P6Q96F6MRR0SDSOR0TABI0T4J QFKT5LRRH J5875KFJKKIO2I7SA788JL59DFJJDRIVY3UQ7HTYGE0GVR53EE0GR6WAD6FJA6850K8MO83CDGOVIEXT3Y6XUVXR1VKJ3M0XO18R87BVX7JY VHKYGA9DD9T5H9T3C87475G8JIO0589 AOTTNEGL30KQ5D3DBDXUSUEUVQTU2TP FJWSC6VK4', 'FFPVM8E8WYL7FU2DXSP2AXQU8PW56FPL5Q27HDEDLB6YBNJ5 H', '3IGXEDV6YKOPDODNTQ58KT4P AS8P9PYOS0RKKQ0G1779CO6LN26UFRIT43 2V2H P9N0NUIWRRN7RNWFUW5J40DGB62F2UKAMCI9C9LVAQ0N0DTDDNG5M5UPNTBQARBGC5VT9GAFODX02460R3X8IQIXCN4X1R2S1C1AW1T7AOMQRLDGVU5F7J7 11M L496CDTAP0KB0E0BXOXC16BB5OT9R6IW7DI37IRF0M1F04P97JIWXAAKLJHPX08Q0DLE3R3D2DWS 6X58N TO1MUQSHTD8UI28FNSWNU1113XOKJHSCBS5GVPD7KDE2CBB2TIIXKYRFMBI52DXS783NFHI8IKS9EMBSFW03BRW760DVD8FKSA3O80QAP GGTR6YL0H VD2P29QM38W6UQ7P52S8Q59CRD44V9V11I7C7QUX0J59TO9J0FR6QVV9H1O0FHWEPWJSWHQWT6DLKPTLNO09CHN78AMGX 1VR3JS516E9204JR90', 'E2QMQWUD46Y17 LQTO5K', '1-1-1 0:0:0', '1I2GXUNISUXVEBN PXUH408O5EVWGMVCBIL16RY7GK1Q8NMB30', 'YDN660VCQS J5ORRW 11', '759-12-20 4:6:22', '42 O6QE9UVK2PLQLIQXBBTCSPH95RF89TS3HVBMXFT3V2OB0WK3O18AF3T0VC 8W S9CDJHNSBXUDEQPYQAUGA6TABFIVPK19DSRDPK0J1AQTF5KCHYWIDYDD39SA17XCS6G2D775KLC1XE3Q2Q4PCE5D7OO3RYCX7887NH69FNPDE9HVJJW0GYVFL18A4FVPO230YCGH0GYIR4LGWMUYC XN51OFR LH5 8B5G8FNBETCBVA4HNM3HC6MMGKOQE1HOVFHADSKUJ4WTH7 X7M5DR8O02ACMP7H2K8M2D9UW RKG7070K0D9K1WP7RLDOTSCU3OUFMKNINWUJLF2YJ1JRTRJSMOF3R01K 4FCMMI38VCLU7ROBVGYWOKT3A3E0NWLASDL2W8SGS44Q  83X ILX6FWFFPG3 2112CR3SUUH4K63YC5QUD7PY 9N7Q3MM7RJOELXHPD3207T4T85M565VY1R3YYHGFGE46HXUWM8G6UA8L')
go


insert into CarApply (ApplyId, UserDep, CarType, StartPos, TargetPos, CarUser, Puspose, DriverName, StartTime, CarNum, ApproveName, ApproveTime, ApproveIdea) values (14, 'O6TVQ06RIQ3 Q2381JMUSLRG7HX9Q6 G 59TWAN YRFMA21NK0HYBY9TNAVB7UR17UE9VUW277EMOOTMEI6OIQ8KH8DPURK27VM7', 'BQIKIRH86TM 5BXHI1MF C01AG WEWGAR4GRNYRH3N2Q6NM9123RM0OONGDDGC7TC3KN5D4CTFPT6RT6BFMMBKI8VTU4W CHTM96', '3 D4RJALTWQM4R5H3GBXU33BU8FHD4WDSFEY1O7C1AU0R7GHLCCULN5C93Y6M6T5AK1YTBKUJ75O4SCPKL2DL2PJQSV3TFCNR4D64M3A2T9 DBPQF6WFF 47R7Q 3LJ3X87D0PQ RSLYOGPC5D2KLX0R9OR5OBNS0F5XKKSGE4B99USG8 L0RD9SSW4MS5A9SONWX3PE98G9EXN4P5AMIN10D0M2PKB4KBU 64DK4YOWC7CK5FPXI1SBKLXROXX744QIJDUYDJLVEX47NR64HQ9RHJHQ3IHGW92J8GIPTLIGXCKKTIW23RGKR6GL9IP0PBBPGW02W8HLAMJBUIQ866O2KBUNL M518UCH59JJVFYVQ5DDXERGTHSL3FSHXHASGPFNKJN6D R4OTOOBDISHSF23QOF9U0HPTMADB6U0LYJA9GGOXW WOSQ85IUSJ348R7QQD22GH4KCF 1G33YNKVXYP9B7OE9N14DPQBUTNHRGLR7FPU', 'WEDLH UQDCB7UBJBVDIC46T5PT8YTSO6AU3A6IJ60L7 1O56F3UK1HJ8BOVSX59613IGPUNMY85 D83 XJDGDMQQ3UWIBT JL4XI1E91HLERCU40ULH098XEW45QAEBWEVV1NYA1YXF3XTL6M5WEJ9CRK8TCKUNHY46SKQBYQD0WNSR3RYLXF41W QABFJ37RK0NCCTQ6078KUMYRNT3RNUM169RPAINCVPP1R0YRTEB9HYP9U4IW0DCP0Q S9M0AI 59FVWXN6JUMCVR0A0PVY6WH HI1U87XSC666H5AGE I5OYHHHL8TUPWJUAOESQHCUF7IAYGFLUWG FL03HJVS4E8T3JDVKE7A966JWPJ05V7AXJL1UNW07 5CEGIECU6KD5C4LJKM5 2T5F5SPRCA2MPH8NETVUBM1JUMLEIKM5ICU8WWLLJ T7LI3RFAUD0M38F6LKQ7UNUFRVD3J5J3NGPT2TQN3AWWTGIP9AR NB05Q7C9', '7 36AHU4VWLTOO2N55URYM9N04ANRB540XU0WI609VGDLTMWTL', '1D5URNUTAH2IJDJW4M09E9SX72SXO7SL1 4GQFFG0XCB0QHJPU CLFYLGXO9HSBPNU3QHC41OT37MKPMJ3S999S6UAYJ0QJIW7KJSBI7Q89P4PSHMJ1DHV86BQ8BRL0OR8AT MW8J90EUG48 DNASQ1OSQACVC MB0AQW E3LRV4NIXLPJTPCTNG7NAGXEJFNIWJWJWBBLKUXY4YW0YHQEDWKRNQ3KIRXMPPXS278H5NLBGBOMTN6994VA0B21I184LUFOBMV2 S3HGF93GDDH5T6ADK0F08SOQQBKX5TWNQESFLT451JNOELR 0PS41UYK846W OG01 YETK7H3GO7X8MDAFHWTKETFVO 111AFY4ASTTC7EYY27PC8YE0IBHHL5MTTLYXTUSQTSDU678V7PO SOQ1SCHV21 PI2DM9RW4VW3G 9OPCY8O2E6B 0NKF63TX3DFXCUPLF5VRFV 56U3EKQW O4DCOR1MIXM7RCG9SO2Q', '841TKRONW31VY20PXPYI', '1661-9-22 9:25:27', 'NMMIU9NWGUFBNSWB7EYJBRO4TW2BXXTJTAF5UC 70W6GE8V136', 'W56F00QPX0S50T0O0AEJ', '1137-7-21 6:9:59', 'NHM5V930H3HD2SC9R44TBKR6OVKG4MDV9IXARY4XIBJQIKHGQM6127AF6EGX6QUVGAG5B2QOGI7FDPCU19JBP5WM8M0B4K734DV01BYC888IU3NGVQAOAL90KQTY2VE3PPMRFD47BD4N1GFIW69VVLCXCDBU9DJP6MWY4SUPO7666F BD52BH6DUCKOQVN3R1USTNY0EUII5IKWD2M51A9WGUPVW57SEBJ08PBS2TE 7AC2B9WMPFMQJMNOCEHNTKA6PW2MJ6D6NS4LYSRIP10Y31LLPXRXEW0NGYF9W1FLGC6YA0EI2E1Y9Y9YB1B7OY4IAKGQC1VDABOTFUD6GO8DARMV458BDVERPI4A9BHKE3Q7LPNT5615NE77PNLGCB 0WLCJ5MEWQ3BCAINJ77TJWBTMEYB LJITNLWCN47XXRBU1S4573S TJQJ3KAL9AYDEDIUNMV 7LLINIBDG64ABKO7DY79PUPSCTSF3DS7H4SG ASLX')
go


insert into CarApply (ApplyId, UserDep, CarType, StartPos, TargetPos, CarUser, Puspose, DriverName, StartTime, CarNum, ApproveName, ApproveTime, ApproveIdea) values (6, ' 20 PR5WGIT3Y3S3F0OY80OUGPACVPMT1QX9123JOLAONRNENAEVG5CFDYG96UFDE094RMVPYB8N CD0BGXVS667I2JY2J9C KIH', 'IXXW8O6MDBQVNIC18OR5W0827OGP0I9GN2CY9UEOGFBNCMK65FJLNFJBCQWORJKQ3HCVXAJMPKCGSXYDB9L85E33TUU7XDGEUELS', 'LA7TE0DGB4O  XT0OAT7TKW O8AFBUCLV7JXKLSBH273WJ333B633LR5X6CR89EGPQUNBBEREI8348OB3LRHB6M63MTQDR2464OL 6GAOQ HDB496TQ3N3LYVV5FORA29HUILL041  YSDQ4YJKSUEK W4 3M2RB1WHDMCS34G1D6HNU B0I3M9GXH85701KMBY81PFPP58PR2SXUI4H8O57PY57Y5E85LYBD9A4J2Y3D SL8G6 JXGP G9YWLWAQGF1R3H6F2TUAI6PSDSIT484LTBAPTEHNMKXQL C6WRGFB5R9DTNHCA8DRE9GOJ51OYPHNGQN90I5HRXCIF7E78J7WV1TFQ872C8NHE6QR2TDGS2UP241NF4YSC0YS7GE6UIFS22CUNAK5UMJSFIC01SLVROMTW2 DRQJLJIFYV PUBQAJJLS20W3IAP21L3ASS89ENA D07B8B8XLNSE12MFYEW2CT3OKTGE3 S1BRBGGSJCJBO', '6W8BR3BWRA7EGDWW2WDOANJIG7WCLXVFMQ70CNYIBYLMQB98AN19EP5L4X3H8OCTIXW5NMDIE4C4WPFPC5ABFE363EYNJ CR26JF0FOW6GRCS067QBPB4K1CB0NNGBTR J24OC7UF WEENMUFGPDBY0CBI3WY0YIII972KMPC7K1OW0UY7FBX8AM342G0C8UG1NAI7UXS0DNP01NBRRLSYFO6D03NGEP3EKOGA271NQCG3KS5JGAUKAAQ997YFI8BB4BBQSAYUTT05R JJ062H AB7UU08VQGW6RLEQ6XOKGI43341POF WR20MOXR2NGOFARY XUNPB3UB52SLV 8RUPU84WT0LQMBRD3VV7PT1W2GC3WHHRBIWGC2711UBA03T0C EX4415ES0GY1XT9DG0JBKM30PKMPL8572KMRA2GXMVVM7B X5OU JWG9VNM00PWQN5CKGXOQUO1G2D9 S93S53JL22KJK2T018U6U0EBHP6GU', 'RATPX35P0PS0 GK7V8M4SV2HPP0P0B TMT34RH OWVJLG62ICL', '5S0YN 573WOHSWGOA72Q2XRMPK5TFNBCDSWQP 22FIBPQY7F6XF1L6RTE3AVRY68LPH5M4CRLV9L05CS50C2XDPNLV9O9FI3SQFHSHR63LQP38U2FTUVY424LA64HQFUKG5NL7EE UQCJUXQV5S9L IB84WTYIAIYWWBH7KMV11CUL6FT8SPSB0LTL3Y89SDLHNPWEX8V47AOYEY4P68HHVDAA9GYHXQL06RBJCSLCMDM9O97K6NQPLA16MSQFV6OR22AB1X9GDHCVEF0APBI513 Q678E8C0BMTDCHJKKD3HX8Q0NIBYTBPNPRJ6IQ2CRYX44DMS6CGUK4K6Y2D3PT71DXB9UIDYI0Y51SBN8QC3RAJ2TPU4N6VNC1NBCWDLGG24E1YH1S91G9DRBHR5FD1LM8E2WKFNTQ5PFP 4DKDHHTXTX9TEPNAGPG0D8GYYB3PMAN2XCUHAI09EHOC32IBDEFN32QKV LWLY2YTI91B87K4B5C', 'TX2KIQQOQ84HWK6W4MC ', '1560-3-29 8:50:30', 'JNMNAHQAGQDOKMBWPP5C1T83QEFXLR1HX7U9AOS5S3RBCJN7DL', '4LK 1T9 UVPP3XJA16H2', '214-9-25 1:12:58', 'WVJGGOMHNSAD1LT6U7U58PFCTK335L27N11FS8KB7K5X6T4EE813IUE0BF47P3QLWGGNPALG81P45123F6AF5SJC8SFP56FY5XNNU222DL2YD8T YA5PIJ2V51C331NWW4T3DC417IKISUBH0OGPLJ1USDB1RBSOPOGU07NVH X1UQAONFAETK82UY7FW3X4619W05CSW41YK5A80H2T8U810U27SR0UWNCF54OK7X6UHQJK7OF7C1EY2 9K66O ITXQQHWR6BSFNJ6ODSC 96WMU9GSGNFFQROALX2GM4QKN10AQI2NKNMH4FKCFUGP8LFQ2LYHE11CN3QPHE2YFDAQR7TUJSUYRCCT337ACQ1Y9 OYWX7RGJE3O5P2N E13YVI4B60DQEQPF4OAJH2VV72RQYXACNF0APW2O0FGH16PG06XHB1EDRP EOKD418D2V8FWOXIB3 HL3F6YB1AKWSBF66G2N91 MX97WMKI4YTRX1F4EI')
go


insert into CarApply (ApplyId, UserDep, CarType, StartPos, TargetPos, CarUser, Puspose, DriverName, StartTime, CarNum, ApproveName, ApproveTime, ApproveIdea) values (15, 'OD9QBMSPAVOM44M33DNYEI6SH19M4RD9JBE34LQ93EGQ9NJE39UMWF2B0I126T2GCLDRU97LEV6IVMSV142MEFEHJV3WN1XXS7CB', '6949VMCYBLF4H3LJD3KTP46ODJH2GDMF2XVMAXODDK6105XKDOT0J2O82JIE1EQ7MDUTT7EPDUPYQ6R1750FIMTNYPNA6VY5 JC4', 'SGPNMCW9X1WELP237XX3LWXWO0GRISFYYB8DQSRWHU XF50XLMPYR4RM4STODS3IL1OUW9C44VW9PPEWY98PMYPEE45OVSODTFWT6M9ERNCOW3B55C8EB8H8PSIW3YXQBNJMSNCAU5Q1K02XOSAQ1O4BQVP01FRYAC 9U3TLBNCXAY8NHXM2YXX PXEFT5GIIJFGMI27PX6LMERW3GEDBKIQFX 7K3J37MVICEU605 U7PSFKJEDE1O866N1D0SH8H2FA86STVE9Q5R4FOBBHPN8RIB9GODOWBIVRABE80P0VUF1STK8VVTQK1RX0OLS3SJ34SVJV04XCYTCBACQYOVVICIOAJ436X94PVNWVLHJWE6G5WN349UWYFVUJQX148JIYLTDYYJYD35U S8ARJ 9WOYF3K68DI0KAVRYBPS1ITJ72HOVCHVISVL18BFFW2676L7SPTF77BID50A5CUAFP7G E4FI9L704H37FQJMC6HCIQ6 ', '5TLD2I90KO9LXEOH14RAY22GMX6I9GFJWB6 0RRGM3V2VHIKBU KWBDW6GY1BIUUU8CYGWCFOWA62M1CO019AD4H01OC8822912PDDWJ36LQ50WYWIFVRE34JOMV 347E3KT6132BU8SD7K8R323LYSG99C62UXWOMA1V6CXTRXHI8CL6J1RI0LPMMN1HO3FER3B0FWP4OL5SG870DUUT LS5FOBS73QYM ONYROP8I92Q3U453HBLPADCT42F5HT5BDB5PP528HO9HXIBU E2KEWVRMWT7VF7QQ7 AC2LKKHMUK56CTX0N2AGG7H52V9L3CXQVT18MGXWBH0Y3KBE7R7E5EGNB0U NVN3L R8RAWHU35S 0IO8PC CV0 8KQ T646CCWUOBW95HMR33 NKQCBWHW60EI3E8KIS454AYXFRCJTSVRJQD HT7DOH2SQC8Q1G4A4TRJOY11SSLDY5S0GJ79DDR861G 2LT3PTHQ1UN8G0M', 'GOYAVA AXNK7TJRP2EE5K28OO1RYPFO2XVMG9P6NUDBMI8PGGI', 'H R 0 L23 X3EA0KEECM7U74H50872UHUVGBL38QAHSFX6Y6UH842PSKOQDPDUS2I YHTTFQOXENGWRWQWPPVUYRWBHOU4Q1TKXTXM U7N21I6MH C2UOHGT66T FT624P9TQDIGVUEY42GFFEW115SGGG3MF9IDWG73KEEMRNC W5 T2H 10U82V8EOP5SYJO6GACU4X31UYBOES HP8 VPHH1GLKWDJ80V8BSAG3XDWUTNM8T3UDI3F3LF24JVEVPGDT 6IGTMWJHKKCNDJ6TLUVY6IO5CO7LG4SXH9 NRPIIYPHYWI258XHBHWLXEVSABGIXKWAS5IAI53LY6J0ROVJ29RNX7N3PMWQ2EOWT84TW8VL8UVGL9YK J3YWNMG 2HK7OTCKPSGTV5BKQA8E FX2LI3GAG5KLSK0ONX7DD0AG4H1U6LQHN0KS10Y9TD88XMVFH 668L0 0O29E6V2W 3OD3HGG5Y6I50JOM599SI41H99', 'JGBE4SS1 APLOVF0517E', '647-12-3 4:1:14', 'PM0DF U234OW7R0XYY10H776 IFOUD6XJFEQBF04RW3VHWD8YV', 'K2TW89R LSXUW3G6BIQ8', '914-9-9 5:9:58', 'DB8PS137L8H XKJJ3558M8T329UB2XS4XW5KFCA5C57HWAGT1QP7SK9H1SY7KC OT0U2AD STQBK JILOCPI3GQH3G39E7P4GR9LJ1LXNB4L4L4X7SXXPSVH7T Q170LPM4696WM1NNOCNX 990TREJ4RT2J209B2J IMKW2OTRKQSX52DD5GWW5QRJ9050QHT3YVTWLTE2MB0DXE57N0 EHMFG3H47FG5KJ7IIO6DYV98SXH1HNM3R6HXKW48 42PAVV3K040M2P8  5UY3MO HVVH8LRSQU1UB7X8CF51ITS13RU6PB1DSV6I9KWEBW1PTIAXOGXY9SHCD5MFP0EIM48UURQS1W2205ED45XV UUK3PAT44W7ORUDG 79AYVW7I9KXV43 BCMOE98I0LMTI5S9Y8EKTN0C0YRLLWQ8HARROEC75F51KSK3JM2LPYW03BIMU1OFNYF2I0J3 8IJOP EK1D4CQXF86NULSJS7IFJGQ3R')
go


insert into CarApply (ApplyId, UserDep, CarType, StartPos, TargetPos, CarUser, Puspose, DriverName, StartTime, CarNum, ApproveName, ApproveTime, ApproveIdea) values (8, '19I3B5K6HMQPNWN2QCUISGPFTS77P1VGRMPT 0I35QJNQG9B7GW9EGH3KSXFUYQ2MUMEM4AUIC394KTSOFT720BJ86YD3N 8QSY7', 'SJFIT7QT191B1FNX63VC0DBT2L5 8C 05HF17EDPUVIGXEFJR7VEAP63CS 2JKM2B U722WXK P64QFFY4OITS7J82SE3VG1ADWK', '9DEX4AY8X28KJ548M8POA7X1TV58 F9 OOL065CD947S87PQAEKVLH8WKWICXA6C59JXG7LOU4YLJOJ4NGIKA6TAKJS57WF AK7239G17WDI3VYKESNPQBU U1L98A7EPYTWRJJ2T3O61I2Y4PBDWC9CEJQE UKT4MX6PP6 ACCH5NSTJD8V73SHB3AKWEA26QAOLSGP542GLVUADWAKPT 2QMNS16YOND1ER8AP1UX672O8CAR2X53IP1IBWTYR9GJJYXD9LT819KJ49H42V66TG2TJJBE7UWECJ356I9KGM4G4XA5I7C5O5ET0M57F8FLCCEW0HBS3MVA15FYD1JMG0M0G864K8RA3SYMW8 2Q7EKBUIVW00 3B66O2LLGRG0ER74OK8U9RLQ3V4JFBGGBBIFRA4WHQ0I7R20U9VTU9VX38OUGO 1ECV3UMS4S4UUKRTNI6P0P702TTJ OC2GARHT9D323V8DR855H5CP8N5VAOYHW', 'WYWR81OSVH4CHN2D4C6EDP0 508SEHPKX  TG36F3P B9B9NI02MYVJBXFRUOGD2LV11J88P930WB6S22MV PUOOOLWTDVU0KWL9D2BFC4 UE64I74XLJ44FM6SCR35G2OWVV39ISPHPC5Y5WXF7E6Q2H9FQ6GOISB010P22K4WK V95NQB98CR9IDLYX42J ASGR73B73D95YD0GRAU2XMUHETNE870HGSK4TXNROU7Q0T8WKVPX14SOME21SCML4FF5MINSF1JPHGK26B7TRA80TH6APY35YWSWP01E8E00REVJYQFW2EGS1XKKURFJ15 IXVOAGA1M417IPX29V4WYUFGFWVQPXW336UKKSOPKQ4QNMKI1XA7Y6EREJK91IPTU6XWYEGRVPJT6D0RGY34RD221AGGL3TGXKH0PT8JO1KYSXIIQJYIU6HKYLHVTFC2LW1FKYF52MRSTP0227LI9QE4SVRARL594OHRU8686BX51L8F', '982TIQKSV4RINO0WN9U5GJS167EFCOKSICMOKVXOKNH47NABK8', 'B0XPK1HYM30B4I1TPVEAM05VVM57HALBWLT 25UGI962MB3M7YUMR2GH0FY8MH90KR57UBM883JGPDYB9YV4HPKM60UTTAR3DRDACDIEJNA AEQPLUT3BSE3EKF9GVWHSBQS31HBQCIR80WSJ0SFSY0R7Q5IVBP8WH80K1SFMX0KGO4PW8OODUTPOI96JJIK9RMSEXYFJNEUVVEQ0Q52Q0H4FAPJWG0U11IP35T1C51PHW CS1OHEU0DLXBHGT1MUM7YC4H9HE5UA G5M8IH2PL0VMLMPCTLV7UFS4A5VWMQBALXGON8DUROG1W67MSLUWDM3C 00F8DMUJLS8WL1DC927C1J5QN 9FPYWF9UAGHCMO8M2U3RDFQYLUQCCOV36IK6SWFY3LHKGO2ITUUCSC8 03H9HWLG VMIWV9EWREI5HIHK0PKIR2FSJ4XS1BWGK3R35OQ7QVBCB36PC59BMQ5JF73FXMSPDPR3TO5V797MQIQ4HA', 'X ABJ0G6BXOKQF 6DUMB', '1318-8-28 7:21:43', '5TUJOGXTEMF MFNXWU9RMTV90D46E7W6IPIPV IO31J1 I48MV', 'YD00KV29HMU HQT5A12R', '1319-10-11 6:54:35', '1ROM4C3AX5S71D7L 9B3EPRCI U7KP0GSPWQQHOJJE YMOM U5WGBTKM2C0AEC12UMPKUCDMBAYOFTUWEE240JYY9HJ73KS6R XWCKKM83YTCFC6AESILPO8L7CFBPJY66NNM6F9C2J0TGDD3JB3RJB1M5LP7GHARI9XMLVYMCI0RDWNJ15LNO7KVYSUIWIO65G0TNOR6Y1QOXSWA13T35HSY2NUGLBC474B7MBF2VG9JEKM3L9R9F05FY8WTGC3EOJEB43AH GUXEMYPN L1DHX WTBWSWEQI60883DJ0YVV 2QX4XMO8EYA30JKDYG HU0JF5EGM9V0JVFKR1A3OYR1QP75BD0YDMGDLWOFFTLGYQ6I8H8OR7H S13K7QKIRTICYS8QWHUWH4QM4S8B0YYW7G69 E8L83LP7 PNF9OISBLTXP7HASPLUOI6 KQ36D64HIFHBKA1WDU32B85V3SVGODS15K00TXV92BMR1YPC37DUXL')
go


insert into CarApply (ApplyId, UserDep, CarType, StartPos, TargetPos, CarUser, Puspose, DriverName, StartTime, CarNum, ApproveName, ApproveTime, ApproveIdea) values (0, 'G2D5NC5MNXJ4JCLKJ5BKQJUICR 4RP29QBMTA 5I84W2PN15MT 3HS  FTD2VB66Q92WLWEERMPLNARF2U 8GBIICA1MUP9AR82L', 'YQYV9UWRR4WX CX3OMOLHETP3XWVIDMCHWE5C77A44FKMU07 43YD91AS6PN26SDAWFIX8FDG6XY6 3IV3AFPH65H2VKIB 91 HS', '4L9NXGJHBWCU0FO6A6I82CG03VW9T412AXRQATG7QHC3LHODHEFUV82SN7D4A2PDPQ4I9H15IK8KPHK1WRC3JBQEYID 7ST3Q65IAA1C180MECR37LME1XTV4LSHO5 NBQK1YXJV8 DCVV1ILK8TE70FUN70V 2NUDT Q2V IQVE9UEHQW33OAAFCB0LYY8WBF3W6AL5VRS4SW5DV2RMX6VBDMGX5NW99NG0Y MWTV6JNLWOR1OGBRCS7 HBPMVTN6O6NK5 D4YC5DH0Q60AXTHNM7URW82T3KAYX9MB52QSKL37L9QH 4DVYJ2W1UUMNSPHHAQW8NXV7K37QFK1OAFL4NH1HOPT 81N2NJ098R9GH86 92M8U93HL65KUK18O8YDEBYDK87ODICTRIKY7TTYS1UQEI639XI9FO9AS3NB9757A1V4QCB14QEDA09RMN5HHFM8HW8S1T7KNG62OAEQUOQ0DOE1QNCXAQUYMY5MJ97Y1GQ', 'RC2CJLFA5BQJ05WER8YUDEH76S51SRR95BMCURW8S57QO2 GWTWMIK32BORIYXVVJAT4QKYUFF41DNL1UO175DIGSJHWX2P7CGJBESIJS5TTAORF0TBXPS1PWS8NMP3UWTWTIN9JN7UM3B8MSB1546TTYR7CINP4PBBLBPOMVD3203K5O0RHXCNF8QXQM70X7UHVJY19ADN1U03B3PBP3H8U6U6PF17VW3DXHTELRS0HUHW0L5SN77  45 C 8B5AT99Y3JE76TKT8XTQYMGAI4HINQWXA3P INHA 33LX2L6GTY1LH90UNKS60PC252JOEFD5GSVE20RS0A6KBHH B7HKRBVWRGKPK0LKR71SAF 8SDQ5DME8PY3G4EQH4QRVKBXP0R59MLT65EEN6EY5516GMULX4FRD2NTDVJAU5HPFW8V5JLVURDB2YLQQGPCC F9VW8IJ94P8LCWQJ8FPGG3P6VWVKE6QK6SSC7Y5MRB8MX8DIH', 'BT9VD5RAQHU7804WDFI36YC86LOEV2QKDYCOOOHUUNM TBUVKN', '8U4TKCSUHEQB29W EI7G85LKGGINS1XWGQQ3KPFXVOXC54J1LWYE8Q2GD9PIJ4YHSF9INHXW216SYNFL9PY0TQN88CPAQGN26CR5S0OXWAIX1LJ3C9FXAN1VEV5BMISGNTJ9GYTR7274E5JNVVU0ECT A X105026078RF9WWYT KW00VM 7G5BU8O957NPXU2PM8YREXD67OS6IDOTOBTMERVNE1Q1SO0660FS38RGOA939IXQPDEM8AFTSXH 1TR4PQ7MCSC0FM3OYDBAPIG MB1UESF9OE68AL B8NCJNAIHX4MEC5X6FFD2I1FEGKYK38XQJUU0PK4 9 I7BB5E86 2JOTPOKSEFYJGLGUP15XBK3M6LHVO95AR27C9DK8CTHTWHM83DBDH8RF 7N8SCYO9UO3W6WP8W53AVGU1IWA789DPEFTC3AE3RNNBGTM9IR5J55FME8W27VRKKWJNMUNYU8XV4N8TKO4ECXJ765VCFYT68', 'XSWM2BCNKY7KP9147KR7', '748-3-31 4:31:25', '2OP2V6X5 A9KUWCDILAKPILVQWB719U25A8I7FL7HBYPXX1OKJ', '9O5EYV6U8BTSOJ1YQ6N4', '835-10-9 4:35:35', 'VG 3MPR569VRCYYNRE81EVK6CY44OF6NO7F Q4HFUA8346HD1ABU8NDM91UN3 X 4K5N46OWW1JYDQG6MKFPL1Y2BAFJNIEACHLSRAIHY UD7N8DUDH6YV1HUSU4HY1G A2UMPB76V 3QRDFLA3JSVPYU2THP4LH6PMXRMU77YLG5VRXD6ROOO9SP0UAIS2KOU4P750WBS3HLOKN3FN55TBDEYAW3KR2PA5M194Q7GNVBS9HBRU7SSSBHM6BO2AG1 4ODUOE5C9XIPJI0B3OAXTBY4D7JPIDX98MCRHO 9ONIUEYRP 39IUBE KVYUJN9XGS6QML0IEPMI58OUVOEONCW74B9SU8C3H60CI74PSE5YDUD4W8GJ7L52A6TP484CWH54SVPVXNIAWI0AYA62UF9C1O ODY PY0TJCYOIO42LU3ALR B54EX85U8PUTWITRCYH4JGP19ROKEKS4QLW4E957YO3ECLAC2KM39 GDLN1448B7')
go


insert into CarApply (ApplyId, UserDep, CarType, StartPos, TargetPos, CarUser, Puspose, DriverName, StartTime, CarNum, ApproveName, ApproveTime, ApproveIdea) values (16, 'A6XD8U RCH3KQ C74WFK0J7FUD3K7EA6MAK7K33UB08BHVCGJPE7HSCAQ68MFVM5F4YATKM7MW3674JJ9AY6Q778SHXQUPB70XFP', 'JEAD0OIXHJ5EKAB0TARYGXN0YQJ4ECA3BO576VLFVNXV79LRLC5Y2YOJYUMT31VLUF9K9YXL9WYM3MR1ENE5OARURE4UW3JNCDKO', '67HYIO3F3DKY5 Y7HG0XRLFDAFK4X3HJTD 1GN0Q5 VFX8EJ0JY0G56FCC7YKRP7F43W6A6JSS6EQNLRIWLDEIVJDTTYGI5YGDGVSH7DK89OFUXYWW4IHA M 9DGR5LQFV0IWIEI3P98GWKW8R514GR6S1305WL3TBWIP4XR1IK5O7F JMGO9F6FICJASFGB8BLPYDON3USONNA8VK6DC137SEI5HQC96CV4UTBD SX9BEMFBHP7FH11D71JGB5GCTRV7DCRFD6G76QV0APF1FE21PKNI J4C2JBAE0B7H10F0PO5Q4E8VB3LUOS 104UBTXXLC65 CSKDEGWH6PNAPNUBCEP4R KNHAJ3643K3TP5FLH3F1DIBSMUQ34BUT94P80I3MWVPBJL7253M83SKDV EO432IOOVNQRGTHFSN9DYI7UVC0SSTGA226D0JM4POP7GGRP8BKMMAXNJJUK 7D3SC8F20X99JFM0 Q19YQT0CQQ85', 'FNWJ7OMXENQ 4IBNI8CJTG7TMF4SNX5M6WKGA7UA3T NXG1RYMPU957T8A1D 5D4K4PP3EQKCI56GBRIBW2IJT7H9M1V4RDLYECHBBGI19T1KQU369UJUWXNEQM1WAOUA89LRUE3L2CB78YWSG9KJTIDU92BAA0R1H3K7WDF09WS99YEUIAXVV9SA9FT74GG5G6HH6APRMGXP63AL NJ98V917I9M4B66UO5HDGEVCORK8TETRY31178U  4LG9C4QJ120G1WY42UKWOU4HTMBIE1W6F5A6GMOF97K4CXI18MBC9ITBNG 8IHMAWCL7AQKWKTGK7KDJAYEIH7XE71T6KK99XACTO5R7DWW7N CE  P QS1DPUMDN6AVK5DSM XDRH5PVVMBOV1MNR0O3E051SNMH2E4D09AGM828ETNCT3N 29JWBI35DOS18237EAJVE7J6C MP HFN7H D6L4KF1H8WYBOYXK1XYMF J63OPRP6USC', 'OH48J375MGEIB2PLP6BXLI23D68B6 FVQC6L8AYYWI H7A3QNP', 'OUVSBGVB1ATVRPM7SME2 RG4395XVOE4XGX3HV4J9H5YI5OQJKVPNIAOYHC91EB2BKIP4QA0LNLBDK9JUFV665YF8FMQVWD24R4F2V9F9DQJRTW78XA7WWX6WDE9V19B12YQ5 4M0NWX6QGJPBS08X0RI WEILX3DV4Q8NCL4T6C311DS5RKJB8A2C4FB8OYXYF7AFMFGOHE4B1TLHGI80  6XV9UH1G2KGL6QWHCFHBR341QQV2SXT7 OPEPUSFNCM0YUI7ONNXOTAFBPR6OSPH4TX2IP3T3925K2X5UD7THUQI1MPEGATIR5Q5WCAPCRRG2H06U 55UD0Y3500N2M5NP05L 1DUQF J6V43ACSGKXN8AUUUMUE 1F99PA8LDKG23X4MKB92HJIPJ1GNBJEJ2GAPIAV6DH8R2SE0EFPG38RBQD3QG0HO5ERNBJ LR8DUWGCATUXD9NNE47KRBU36 8TYYTHH0OIF94H1AHFOQQPTDVE', 'R5EGFGVVU6Q SCKQS XG', '1029-8-8 6:10:7', '8MHKD47FH7JY6XD5SEDS2MJS6NA4EOS9Q8W22 LS3XQ1H187WL', 'G5QXE 5BCWY8G12GQX3A', '284-2-8 1:49:29', '0RB58O55ERQ4DVXXYNJIT1TT2IBE93HUM8AGJPUC06KELY40DOWEXQYCS8BVUJNYT7  Y1MC 33TR8UBGK04JBL2V0IMYY3U9V06BEIC3D38H5 KE 3677NF6NS6H 0YPE7P1XC27PNQVJ52GIOA48ULJSE3TRHIVRSCY7Q17Q4GKPSTUNJCVONCU1T6VP9BIX50K6 C 04TRC2GVRRCQ7D30WTC3Q UGR0SS7BSH KA6J0CV5PFDU0 0RGQH5 9IYE 41ORO OJ3SBF510 34FQSX2IJNFCJ8KYLWQCIAVE9 KB4JMHOV7SEL95CB9JH42ARB1B22 V0F3A6MPJEES7VWY5FN6Y83SPQBV1EC 16V AS9RY6EBP9VB9YMPEQIT33AAKL5885D3XD8JQD QNPESBJI270PKG004NQCBVTJ5EIB3XVLT3BD5EC3CJ2SP05P0L1Q4LM8LOO5SU572R9IDM3GE2XX82R0DGN T4KULAH96W')
go


insert into CarApply (ApplyId, UserDep, CarType, StartPos, TargetPos, CarUser, Puspose, DriverName, StartTime, CarNum, ApproveName, ApproveTime, ApproveIdea) values (17, '1EIFTPE7U6R6COCWUVTDU DUVRS26F769LV81CM8CE47E9PEWSI ASEJ0WUQDP92M47GW52MO32QMSTD1SVI1FP2RVJBH9AF9R95', 'P0HO29JYHRQ86QF4P01S MQDMCUTGPWJV1J574STN1RYEEU7L0XCW1 80NNQH QQ8XMK8BJXXPCY2X49R54Q7P3T N4835GHAGLO', 'VL0BKPXRVXDQHQROV7UGCPCFIVNBX6VMVSHJ2D2Q20U553TMOIHNOU8P82UF  PN5ERYX74SG77EVT84UI6XRKYXQ5POB460K32B77AN4E 8L9401N0DPSUCF85MEE2NJ1CY0B07QXF1CQYDFPUNMFIG6TSIQJEPXOBXHE1GFIKY3ECDNV96NATTFV3AU6JF7YIYT5DLXAANXCADXRQY 1Y86QBGCW29D67C58BYGT7JWM2U0FENUABMV4GAS4WQW2I4S7H1T1PO626H798MIJO0M7BLU75NURAYYJQH9B RUJE2941U781NXJFY4GCUSS65YL73NE 54RWLJ8AY9NNXX36KD 6FT2KO3NBVBGGU6C06X8C9024E78P79XNJL Q7QUSW62YJATD3S6AQUKBQXRXFL73K8ALYACMGN8RIQLYT2J  57BTTTJD4S21H4 Y623 PAYSR2 W9639EXKM21 UPEFMI1EQTYQ2S3F0RGX4BB2J', 'LME10WJQCJODYLINC94R3A3I45LFMWKC8VDFPSMVU5A49 D1TW661HWJO696KNMLSHRTKM6LP2LW7BUALG4SNRWKN BGNE3X0KME9TCKBHATO5I0VHNVE77HFPL02 XTM38IX1612HD64GNKXFNU58OYFE9OGJUGEX5PBJF C25CHNCW3LDDDQ0810PH3P9M7X8NLSM0M34 8HHPO9B53YL8REMKOGGSVQN6KU3CDF5SF6P72K93TLOJ39 9I6I380T9I1 W3QCOKBHFML8AMQAFKC21EP7A98E17669DN4PQYYXSBNX1U5RQ6EKP96UWUFU2FBMRO53KH6 1K2E8UW368SLBFSU2552YEWXUAD77QWJU6E9U0TNIWC3L870TE3EA45NBS2KBXP4PTV6223AFGG5I5ER5R4J0 30SEPU3QW082W L3LJK5S1J02668BGKSIV C4WA5M2YGAPNO0KO097N1RYYS381R PMLFP6MRUIC1I', 'GP1JUY40V HI8KM4AHBCS1MFC43BA9QSU4MWJ64XPOSH92KEXS', 'GI56BOI7KJJRS48O8WYNCVM6N4PNCG3G881WUHGSBEB7G YP79G2CJW85L89DRW KX 87RVK9L8TWXDU FMT5L TS5Q321UW AAFWE76LVBRS2CWLJG8WMC THEXFM6U1UMXUSS IVVDEYH76L6VDO4DD7PMW9WYC1UAMKP084I5HK6TTGDBU6BDRTBBL3S6J8487XTW142QB7LFO SG4YOX8Q97 OG0APWP6CRY68OXRORFWVJ7J8RP3AUO807M9MXPOTY71PTQ55DTQR1PYNT0PON9YF8V618HBOM8YQ58E5Y9D6W9SA0SF2HOAQE9T 2C9NQCAFPPXQU25J2AYL6NOHHRX3GYYB2V7X2HHQQLO739A8RDXF0WVU3J33TQEU1OD269 LSH5FLG7GHBO2XFI206JQT2094MI1EWASP4CK0X7E0 Q55U1U6 KGG4O7SPY7TCV0MET7RNO5EF6SOE0VUFY0JMA5P2HEC5BXWENF183L0X', '6D7 YQIL 9AOJ7 HJX5E', '324-10-15 1:53:41', 'YUOPKMH328EIXWO3Y2OS6LKDU9Y5NRQOH70TJ45DHWEJ7 MNSK', '2OG4WUN5YTFNOYU14QCV', '1187-6-3 6:39:1', '64SYSGTD06U8Q2E6JWDXTPTF338FH46NH21P2S05V611J5PYSU1BQEVIA490C2YU24PNEXVKYT87JY09BM2MQI0NOI9IPDYEJWF52AIG4WC2W9C0FI0H2CH7D8L6A7XC AM5E3ESPJ4OTM4D167755VR0NEUSOVW0MHAQK7NLC3OIM0MIMPRB00YQJLYYQ3EUQ1UHRXB9ALEBNW7SBFRY 2O82UQMA5D4P1S2PU9LROUG32OB50GI1GXQUOXJ4YI440OW9I24J9MB7YU5DWTG TV UB1MYLMK BTI9SFUTX193DLQNBDAM6U9IU7OEHORN22EERAB861NVD 62AEJMSADM15PXDVIW413ATPMS69XHB814KTRI6WOEIDK07H7X6X6HNVCVXXKTTQGQQ4JS5F2GOXA AXPCPN9D86NC801MR 254JITTTXUPKU04VE5XPYCS48FM0WMDQ14VYBXL66 IQABJ2ARVB KVE8RG8NF3S4RVW')
go


insert into CarApply (ApplyId, UserDep, CarType, StartPos, TargetPos, CarUser, Puspose, DriverName, StartTime, CarNum, ApproveName, ApproveTime, ApproveIdea) values (13, 'LTRGWFAWOJB8FPTLJVPCNA63 1TYCA2HSJKH1IP1S3NY78GYQENX9QEGSB502DWSSS337BLPNHY9LXAJ4TJ06L10HTEKNICLAKQC', '4 GIQW85O1HWQ7L88 4CD0NBNM5RJEKDFRYKEPILBRXD2ULCSPVI47Y4Y6P3IBXR8NANE3IIJL8JAMOP72YS5O0XB TPSRD 53F3', ' MQCFDLB5SB5516KPSEFXSUG2YKERP5DH UA79CWCK6MNIGECB60P0L22KYRODA0DQ3Y6I3E77N5T74QB3HU5RXH7AHGNUBC8E2YPBF8O6S11CUV5P05XGTYY0QVR SXNHK3OARHQSUR6I2NHJPA4X2DRHMIP31Y8CPBHH9XD9BXNP2LXYTTGE7C6FC2NX7BNBUP2CUXNR3AECTX67UD3IL3RFDEAJ7JLJOKWO8LMB8SX85IXEMSTBCI3 FIVGPRR54A R LEW5I8MMSWM84U9C5RHKK7N6UX5EFU7DC2CINU4M VT0G06B7F93VKEWAUG1QK4GUUFANTR9WMVN5MDOJSILVRHW8BWT3QX3TVTO0T0I0 J1MJGPNIEY881 G76TKGIXKF48HWO1FTJEJ6KEPDXBQTLRGEXCAE6E3QSPXS1BY0E8NF4LK405A 4LBRP3ORKN2288BNRO1GNAVS2VOKK40O NU8YY7ASPSRQ3V8W4S5ONB', '2OT7I355EWQHNB22WKWPH5XFI21JK3GO3GBYTAWNVN2RDJ9D87EODWBDNPV0QW4PLRGYEFCLLRNID5UPO5D33KI H6ISSWY7XP4059J0R321UPERC7K3HVQXCM01F33Y0VWLVDT20YSD2QNEVNFHHDGX7H5KGGYX975SJCU6J Y5AKQNI59N LGXHNKVNT96M20E1KIT1ALPUK OYQ4QXWR17EK3UX10M8HUDH0NRDG 3W1TGXTHAMRIUGC0XFJSAV87H9UII42MENTKTLYB4Y1PGXT3RWC25KS7G3QDLVRV6WJJD0XBF1I7NBOGATAMABFAB3RDVBNPVINKYVX5BUBPJJHUHJHACH8G666SOLLO DYK AX9VD 3PXGOADC3HX1F59N3Y7A2 5IOBQMN8E6EE7O1SHK9CSGLE41V546REIL5F4K1KP S9IYN Y445QXY2HIW7NGCU1UGBS1Q3XNLKEYX S86NRM7FWH2MJ70V454GH5S', 'GL6B77O0H16YU4NSV7NOWJ770HVL2X1Q2YJOC0S6MUJK4JNM4O', 'LHBY QL62NP1TJUYHROJ619AFKVYWPGT24M2KV80RYCG7PIWTX8E2RMHCI1PK7NMA0Y DPUVH0MMHW7GWVA9MF9G1G22NRR2ETEJ1HTU47GXO7SFO0TBIBOYP2BAN1A 5PW99FT87ELGUQDQM6NFGJOR4DX87HYDR55BRNSEOUJW3EBFRLC356DWISRHVJSD04MKA4Y 46LOJ2BRMWBGD52IO8I7CH4B7WJHLSTNKHURDJA4A2NDWEHW XN9AJIO6AY7IG6BM64VSFJ3DMABLMIJ9JE6DUV3BEOJWV40E63CYCIBYCYDBJD1W6U4EGCBHRC LMYYKQ457S0PRJ4DWQJ7TAQX49DB5C9LIBCHBJG0R45AYT2RBPSWIRO2A4N68JN6LB63DP26 NA6AATLHT7AXW2PTS75A3F5S2OHYPOM6K0R F8OEE3KLE0KIYBNA7BM4QAGWFV R0BHU2WD3O25JDH694I7SEUALKS G7 J5 C18J9S', '4893PV087Y2YH50K0HP6', '568-6-2 3:26:27', 'F2NV4727165LBVJA L  8IRNX9DI VGIUGA2ORNCF6QTH1THRQ', '206EJVYF5L8H3YUS44KV', '1744-9-14 8:54:16', 'NA3SBOUFOWOET CA098VGDVJWHO5JJUI80A1C87E5QW0 0V6RG0I4PPG975 1G9NT3EISAW0RNW3DJW503JG1NP8DYUL RCT5GYXQV BQGL10JI K2G0KFAOXWBH69541WP7QGCY8S9FIIN584QOIRQBM7H8 2IED7QCXYLBI8EY081UV J1BN2B7VHOAR 40YDK L4ERASH714SE7EWVN2JGUQPK9YCTOA8336TCCJ09J8GO916NLCF4  GRYLWRVET IQWJOYQWSCXPLKYMTA53175CLV6SVV1VDIMPIQYDAC FHAGB 0G8MO8DDGAXW6NKJ3L7YR6IXU0W5U4S7GUEC08DVVY554PDDS4G092LY735P3IL0CFJN VG2FLLPO95KP3XMPDI3NY868BUA6XMYR18C58AI7O88P52LV4MF2 9IQD7E8RMHQSUJWLDHADLWHIDORCUH87DHBSU2K2KGL9 UB10DTYMIH3EHRCN4PBRW1O')
go


insert into Product (ProductId, ProductNum, ProductName, Flag, FactoryId, DealerId, Model, Standard, Price, QuantityUnit) values (18, 6, '31BIO0I775BJV MR0 WL4493FUOFWPTXVS2OO0Y21 G9TWI7V4GBJR92K4IU052GTPC2N4XT HP5F68EQL8SEPA3C4FC95PUK3LL', 1, 19, 3, 'B4BN4V623CP9S1B7S8QU43FXJEYFP0 2PNW89XA7B25S6MJDHI', 'EL6K065OYNDLLVPAX9H1KXMWO1NYCUG HV66A727QI2AIQE012', 12, ' KK9W2S8UHI0R5R2KSBR94U3EH9TMDAS1X3CHGPS70P22Y89US')
go


insert into Product (ProductId, ProductNum, ProductName, Flag, FactoryId, DealerId, Model, Standard, Price, QuantityUnit) values (9, 7, '6W2QB091JLRPQ3B117UT06NBRO09T3J9C9SSDUIVIAU43A35CX9KYIS8445JAS8BTJCNI57S8V C2O6EPWLAJ9PVH918R6W3QINL', 7, 14, 2, '8GTDYL 01VJL3 0K5R XAGWN8IF4938CTBDJN3R6VX52XCTBS6', '5WG3FWMXSQW1A5SG981IAGH8TYE3DU U1DE9GJRJHHI7 AF85X', 18, '1VUYYJSWXY3AFSCH9IOAES7W64Q8EVBPDUWAS3YTKPB8S9SP22')
go


insert into Product (ProductId, ProductNum, ProductName, Flag, FactoryId, DealerId, Model, Standard, Price, QuantityUnit) values (0, 18, '31A149HPXPK92LSL6HI1K8EF 474TCJJJI324XH5XQFBUVFS93MSKOO TGX29KJ3CF4HQLSDH 9B200QBYQ88K4C3V9SU7YJYM8 ', 5, 7, 17, 'PWBQDR9VIXQXQVIKIH6S1MHRD3SNYK4UMLGVI70P7Y9809WRVP', 'W8M9SC9Q2T2Q325UIF 7DH73SMYCT71TF6UHHIO61LXLW9Y4O8', 13, 'TSHFDOLGEF86GHX2K0YAGRYV5TRBDWSHUIHNCSXD6DJ3PUL0HE')
go


insert into Product (ProductId, ProductNum, ProductName, Flag, FactoryId, DealerId, Model, Standard, Price, QuantityUnit) values (14, 3, ' H3LVNV6AOR2SUTPWBTMO M8VLXRVSJIF7TUKRBXHXN09E4QBPKNH9OK4JCCOKF33S6OXAXUBAGG877WU0 SH6G3 8WHXGM NM5C', 2, 1, 16, '6Y99EUV0Y8N4 IPCXJF U82W3CDX1VSFDQ65S42RRE9 RCN6XE', 'C3WJYT77Q6OJPXTUVSRKTANLE988GDIYWE6K8C KRJYKEO5BIT', 7, 'RB 27E03HP4BXD4HLXRKEGR9V8MILFT8D341QDTGXT12CGM3TI')
go


insert into Product (ProductId, ProductNum, ProductName, Flag, FactoryId, DealerId, Model, Standard, Price, QuantityUnit) values (1, 19, 'H4CAVNS CPW0DSF7M268C9048V0I7JKUN1GRTAYR6C90B33LW4ENKNYQ77V7GSWO0PGYAY3PEDP0LCWDEI 2OSQJJORRK K32RUR', 13, 2, 12, 'I7M3C2MIDEL9DGF8SH9050JAI7BX1QPYE6QC6E7UUEPQKB5EDL', ' IYF0S2E7V88HK267N4Q3XL2XQXU9EQ1VHXE0QEO87BPTO9EE0', 5, '98KCCRJSQ2E5AKN3LV521STP784PT706JY7WOWPNN0P54WBJ3P')
go


insert into Product (ProductId, ProductNum, ProductName, Flag, FactoryId, DealerId, Model, Standard, Price, QuantityUnit) values (16, 16, '2P4AQ WAOFML4A0F3H4DYEF1B6N0FOA5C4QPUAR8LJQ07DVTU0QR5H  YT2XPUWAW2DSHAIFUCKYSN8GHXXVWUSSARH3JLYH1XB1', 6, 13, 14, 'Y750P0F3395DIO1A5GFI8EXQ2G15B6K1LVSQNK931P22NVN599', '7ID6SD4PONPIGWES2DCN0K GC7GIXYB1KIBWXXDAHPXRNRVVAX', 17, 'GWPAN4PQO7P PIESE3 58D QMM48T8EHUGCORFPGO5T3ANIOJ3')
go


insert into Product (ProductId, ProductNum, ProductName, Flag, FactoryId, DealerId, Model, Standard, Price, QuantityUnit) values (8, 10, 'LFFG85JIPARF0QOUO6RU5TTIU0Y2XDQ02UB3INWYCWRD2AED3IFNRWVMAOD20HN1MYB3W6433DB2OT17GPV99A33 DXO20H1785E', 14, 11, 6, 'SO542GW BSQC5HELMRUUJSM1OFHUPK42OUFUXQXDMO8KBQ5C1D', 'GEIJF HJ71KKV9W3CAM3QDR21WBSSCY4LJIXSCDYMTP0BDDXJ6', 6, '4CU6DKDULUFO85TF X6MB52 9KWDQI87EQ WHQMBCH70HJ6Q9L')
go


insert into Product (ProductId, ProductNum, ProductName, Flag, FactoryId, DealerId, Model, Standard, Price, QuantityUnit) values (3, 5, 'VLSFRL5MTRR3O418D1G9AG 4T 94Q3V3E8937988XUIHP645DNQ1J35QIWU17UVF ROVA2WD390GK4KW02H33FDY NT6MOOSPA 8', 16, 5, 5, 'SM5WVHMSCP0D9JAKKBHVH 0XQHHT3H2GYO5CCNC3MINOOQO339', 'J6N4H61BI60Y2CRAPXL87413WS16O5T5DCRR3TM39YMO3ERFSR', 8, 'RESH27MUG7V2GWN1V10C7OSAX1XC DAG65A28K1SN8S0ERA9LS')
go


insert into Product (ProductId, ProductNum, ProductName, Flag, FactoryId, DealerId, Model, Standard, Price, QuantityUnit) values (15, 15, 'WLOJULQQ926GMK0PEFUHHHKN1Q9Q4DX9X9EIAT0QV5 X1UESV112X4B5J0S BVYQEG850BVIHB9LN2KY03RONOY28GOE 4C29HIH', 3, 12, 15, ' BBNAC4MCU2TOLWK064J2XS9WO06LBJ60RUK4DCEV4GIH 7UCM', 'OFR0LPPHTQ3AVBUR PLAAWQ21J0I6JIE2YA569SFP6D86KNCLJ', 10, '3TTCV4QSF78507PUQDK1A4O09LCD65GUMGSIJP61M51 IB6Q86')
go


insert into Product (ProductId, ProductNum, ProductName, Flag, FactoryId, DealerId, Model, Standard, Price, QuantityUnit) values (5, 4, '5X7R7GNYCQ5GAB0FLLAF8XQ0AV7DJJ0OGULV7C1KKTN59D5M7USYP4X0W9BBAOM42OGUNOK7BL8NISRMHPR VPKP2TCCLWMASG0C', 19, 18, 9, 'SLRL9TGSCQLTJLC WDT2E5C436 KGW41HL7YK 6ICQ2ROU3XV2', 'I7D6 EWTEBDQLV6 KCGXQ0 TTC CN310XOXW8O7VBUIUU1MSXV', 19, 'T OA1HWXUQD2PSSQKCX1UD7M16533V7NW74VPC4VCKOG5DJXH2')
go


insert into Product (ProductId, ProductNum, ProductName, Flag, FactoryId, DealerId, Model, Standard, Price, QuantityUnit) values (11, 2, 'S3OS2UY5L0Q2VWAHY8ANKINGK5KUUK6QU14EUQLI6F9NHL9685WFPNGED78M2WS 3 V98SQAW9S9UAAC VKVA2OI5TQKRMARU88Q', 18, 10, 8, 'L782AFGUDTC5MXXTYN6E9J7U32NANOR4D6YBKTFWQYHRC1AUDV', 'XK8D949CCUKS6YE4TRNM49CJHC4MDU9DTP1PFQ3E2UB50G4FN5', 14, 'ISUN39H5 Q5EN19ICR8ABITAV6DYV854E2596M HKTU0LHOVPA')
go


insert into Product (ProductId, ProductNum, ProductName, Flag, FactoryId, DealerId, Model, Standard, Price, QuantityUnit) values (12, 1, 'A0POHQ1 2XT JNPYPV4S4LFTUG2CH TEPQOHMW10SW1P9M2STN9XK2 MPF6PBFEXKRI73Q2P6WYTIXMN2FF9OOCH8YIGSJ55MA 1', 0, 0, 7, 'OP6QM7N732OH DV1K 98I5STLW24BSKINDO2TCCDQA3TK1NJ8Y', 'F53CYVX9DPUE6YXUWKJRGF7STDD9JKFR5 J5F0P9YH6W2M6S2R', 9, 'YJWWGLBKTNWRI14FHBC6BV CI5426G04Y2CWQ8T9M5MLOJTQBM')
go


insert into Product (ProductId, ProductNum, ProductName, Flag, FactoryId, DealerId, Model, Standard, Price, QuantityUnit) values (13, 12, 'O4QKX4B8QJM EIPQURO XXQWBBH52VHR5WUA94PLDDNCBR 0CKKTSNAWDK30NIDUFQLPYVE3X7IITDWDJ9QYBQD3G3Y4MNLFD8DR', 9, 4, 11, 'RQQU7YFNX991G4OTTQM6PFDY570S 004RKML9HPX9JYHOWGCU0', 'LLBUTF RKWTRC9YBWP4P6A4MXF1OOWYA8RU4A8F5GBYH2VTKCQ', 0, 'KAN7UO5TAS3JOF4F2EE7RDSU7L5I4CYKV9DIBMNQ8H0KLP5XM2')
go


insert into Product (ProductId, ProductNum, ProductName, Flag, FactoryId, DealerId, Model, Standard, Price, QuantityUnit) values (7, 14, '9SKPVRDCGWVSUW8GLB0P3IBXV119UYWN2L2 RNKYBE4VPHGI6V0NUGQ2OXBTU95NNIL57ETI ANUJT I69VFAC0BYYR5CJE8Y5L2', 4, 3, 1, 'A1YTP0CEFOXI49748F589NPAODQQM6FFON5PM9H9D5CQQ1AY6S', 'BF498DQABL9XHHSIKYS0 7CY YDMQYD0R23VNTI1P7KAQKV9JF', 4, 'JL3F SRMOY7YF9896 2FNA4 T57WGEIMGO8BSNGG91RRKDQE1 ')
go


insert into Product (ProductId, ProductNum, ProductName, Flag, FactoryId, DealerId, Model, Standard, Price, QuantityUnit) values (17, 17, 'RG3END9OVRR AT B3K8O33K1B 5 CIBA44L5XWGW6YXMO9H4UFT60UOVTQAOT R0WOVG2HLS2  A0O9EA5F58 UQWVW8TEQ2U9P4', 8, 9, 0, 'SOWJ8YBDU3XHDJ663XWFLU04V 20LRMJWYHB079K2617V6N6EW', '86KHRDHPPAROPKTYDCTYH9ITY1QLEKB2BV2FLAJSE9XREHAS3M', 16, 'AOIH4YO1GDAGCJQV6CHSHO74190CGO6 RDH0G115WTNANCBRF9')
go


insert into Product (ProductId, ProductNum, ProductName, Flag, FactoryId, DealerId, Model, Standard, Price, QuantityUnit) values (6, 13, 'S7U72EO LK0B3S YQTJAOCCRC T NW75DG1PUJ0T6X7P1DP60X3 A CH CDX4LQPK5WI0SC62042VT5K6FKRVJTRRJJO06Y3RJVF', 11, 6, 4, 'JGRMB4KG8KL146XVNEWSUFWNT53LADAB JLAMN5ULPAHDNTOMM', '4R4RM4MXJNJ40TLUHGWKQJHKB7S3JP5B306IE7JA9NRUAYAIST', 11, '483W3PSE67H05NQ H7CPMJIGBS4BC317MLJJSGCK7N06SS1BA1')
go


insert into Product (ProductId, ProductNum, ProductName, Flag, FactoryId, DealerId, Model, Standard, Price, QuantityUnit) values (2, 11, '8B7H3MQJGX10SSSDMR06B09R5GQRS97099JDMUXXKGHJ0UG5R5GFRM99E2DD2EYESOGNKA8O40TBHVX3L8WDRKY OMAMHGWGMGE8', 15, 17, 19, '5PTVX5N7UC9UUTH4N7IK 4LYDKKRA0UEIWBJXW9OADC02B U7R', '599STY3VGTJ77O6GPMRLE81FSOA8GY0P0JRQ0RDL9AO8OL Q2C', 1, '4DFHVRWGES9RJOK840H4II315W5E LG61DRC4SQI6WUS3MF46K')
go


insert into Product (ProductId, ProductNum, ProductName, Flag, FactoryId, DealerId, Model, Standard, Price, QuantityUnit) values (10, 9, 'DV3X05PRELETCDH1IKOEUN9JHAMNKH47Y MG6A0BG3WOCWILQNGKXHE438I3FHKUUDSOKUYPXT5MY MDQB49UG OTXPM241K17AN', 12, 15, 10, '03RD9MA3IEXIQVUW59J9NQ13NXVBB9TJOT BLTS1HW1GO2EAMD', '57QD2PMVQT X78FRG0I1D1F8X5TM0FT4JBV4I5MRV7GRGDNF4L', 3, 'JPNDLE6ULLHI8WHX6MTUYS6Q1EAEEW1CQCNR7EAITOV2T7S6J3')
go


insert into Product (ProductId, ProductNum, ProductName, Flag, FactoryId, DealerId, Model, Standard, Price, QuantityUnit) values (4, 0, '701QLQP9KRSV8FAWMSNLPJ5NFY4X43N53YYCR3WXJ86PLACJBLAEBJJBDHMM605JASTPANTHEBAOOKGX V3URVEEW1PJTDUXXGV4', 17, 16, 18, '4CVJ00P40VFVC7LOXENNYKDYQR5WMWKJWU 3CWNJYR91XOE3PM', 'HF9TCLTON WYUJGPVGMBCSFC9KU197 YXACGRFC0XLANDAXFL0', 15, '5QHR597YBSGT3I 9YN8CRCR14Q OD6 JTN MWEW UWDTS MYHE')
go


insert into Product (ProductId, ProductNum, ProductName, Flag, FactoryId, DealerId, Model, Standard, Price, QuantityUnit) values (19, 8, 'JIDKJUURUDMERLISPU 9 XQQ6YK 2VR0E87FIKY107J1SKB8B7C0OCFEYY 2XSD0DORYU4WTMYQJ7JHDA2DE CPUC0H7MWVUD9AP', 10, 8, 13, 'J31YIQW1K5BPFVT54BJL5GYEU1Y07W4PD0PNTP7IHMIR2VKBE2', 'NONORNM0J20WWWJMUBOY3NAXTUUBJ3P6WKP6NTHHQ51G5OX13R', 2, 'T8WOLBODGKPTW015058XY54CPJJP7YQURQ2RV9JAOV700OJ9RU')
go


insert into ProductLog (Id, ProductCode, Time, InOut, Quantity, UserId, Source, ApproveId, RelativeTask, StorageNum, Shelf) values (2, 10, '794-8-17 4:16:34', 0, 13, 12, 'C5S0H6UVTVKPPQYOPP2VO9JUBLSIVT3HR49MGE4NMO29 0O2KH', 11, 9, 11, 15)
go


insert into ProductLog (Id, ProductCode, Time, InOut, Quantity, UserId, Source, ApproveId, RelativeTask, StorageNum, Shelf) values (16, 17, '844-10-22 4:39:42', 13, 1, 6, 'UE3H W48J5FT9ONAQVICIHEH3S0BMVNO 7W3JL2S4FRAFM2KGA', 5, 16, 5, 4)
go


insert into ProductLog (Id, ProductCode, Time, InOut, Quantity, UserId, Source, ApproveId, RelativeTask, StorageNum, Shelf) values (11, 13, '1235-12-11 7:10:18', 6, 9, 2, 'D150BV35ADSELQDTKV8 GU4UN60C4XYIBV2LNEQGTC0G00516X', 19, 2, 10, 13)
go


insert into ProductLog (Id, ProductCode, Time, InOut, Quantity, UserId, Source, ApproveId, RelativeTask, StorageNum, Shelf) values (9, 16, '745-1-4 3:59:5', 16, 7, 15, ' PHVE1EU6J 52C5P08NF3X7TTKKSSP9SE3H72UU1VLUXUS7RGJ', 15, 8, 18, 1)
go


insert into ProductLog (Id, ProductCode, Time, InOut, Quantity, UserId, Source, ApproveId, RelativeTask, StorageNum, Shelf) values (10, 0, '236-11-25 1:39:10', 19, 15, 18, 'L69X1R28NDFPJAB7SSR6WCTFHAM2VHAO8S1FYCUVPY49D9V4RV', 4, 6, 3, 9)
go


insert into ProductLog (Id, ProductCode, Time, InOut, Quantity, UserId, Source, ApproveId, RelativeTask, StorageNum, Shelf) values (7, 3, '1166-3-17 6:27:47', 1, 14, 3, 'KTFPA6V1FDS1ONF1 S06VWH0LN2MBD6KV0AFPQSCVR0CYJGBCN', 0, 5, 17, 7)
go


insert into ProductLog (Id, ProductCode, Time, InOut, Quantity, UserId, Source, ApproveId, RelativeTask, StorageNum, Shelf) values (0, 6, '180-7-25 1:9:17', 15, 5, 11, 'N4SKDIAVU02QUOKEO3NOP6FS 7YXNUKQWF1SUBW3HCEOLWQUDO', 1, 7, 0, 17)
go


insert into ProductLog (Id, ProductCode, Time, InOut, Quantity, UserId, Source, ApproveId, RelativeTask, StorageNum, Shelf) values (17, 7, '83-2-20 0:38:34', 11, 10, 19, 'G92B 8QTC5DTHXATU6F5DN72ECBTUAMK7FFGNXUSK50A4CTC7Y', 3, 4, 7, 16)
go


insert into ProductLog (Id, ProductCode, Time, InOut, Quantity, UserId, Source, ApproveId, RelativeTask, StorageNum, Shelf) values (18, 8, '985-6-8 5:16:15', 14, 16, 4, 'NO0 V UIX KWAJSQB7T0C5TI07U65IW01HARTBCLDSV QSXEA4', 17, 12, 9, 0)
go


insert into ProductLog (Id, ProductCode, Time, InOut, Quantity, UserId, Source, ApproveId, RelativeTask, StorageNum, Shelf) values (14, 15, '1050-3-9 5:50:18', 7, 6, 5, '5NVA4JTFASC6IX713SWOBPML2 SW1A MM7K284XSBR2ODWRRHY', 8, 11, 8, 3)
go


insert into ProductLog (Id, ProductCode, Time, InOut, Quantity, UserId, Source, ApproveId, RelativeTask, StorageNum, Shelf) values (3, 12, '1789-12-1 9:47:13', 8, 12, 0, 'J3WLNMOIXWD 11G83OPUVY5QIPLRDWVFP01NK0JB16XM3M7EOS', 6, 19, 19, 14)
go


insert into ProductLog (Id, ProductCode, Time, InOut, Quantity, UserId, Source, ApproveId, RelativeTask, StorageNum, Shelf) values (4, 9, '573-6-20 3:17:48', 10, 4, 1, 'WX6I9LDE43QNVGT9HXDSRDNKJ3UIOJ0FWAGYDAX8N1J4HEW2Q6', 7, 13, 14, 12)
go


insert into ProductLog (Id, ProductCode, Time, InOut, Quantity, UserId, Source, ApproveId, RelativeTask, StorageNum, Shelf) values (5, 18, '1576-8-25 8:24:56', 18, 8, 8, '6XPQRARW2RXNF0NGAOI1W6MFJBWWH43Q5A3MW  7HCBWNGTMC1', 2, 10, 4, 2)
go


insert into ProductLog (Id, ProductCode, Time, InOut, Quantity, UserId, Source, ApproveId, RelativeTask, StorageNum, Shelf) values (13, 19, '359-12-23 2:3:53', 5, 0, 16, '14NJARI6NNNGMOENTG4NBSX4JK20VNB8H0Y2P6AIIJYK6N6N5R', 12, 1, 12, 5)
go


insert into ProductLog (Id, ProductCode, Time, InOut, Quantity, UserId, Source, ApproveId, RelativeTask, StorageNum, Shelf) values (8, 11, '1-1-1 0:0:0', 4, 19, 9, '2QP66UH4IB12VERC8WOIO0JMK9E NWM9U4UH48D7DGC1RJ1WDL', 18, 18, 15, 19)
go


insert into ProductLog (Id, ProductCode, Time, InOut, Quantity, UserId, Source, ApproveId, RelativeTask, StorageNum, Shelf) values (19, 14, '637-11-2 3:40:44', 3, 3, 7, 'T6LC324WPQ3U T418HNVPKLWMESLPMS3HBW2T9S3AHTXCF455N', 10, 15, 6, 11)
go


insert into ProductLog (Id, ProductCode, Time, InOut, Quantity, UserId, Source, ApproveId, RelativeTask, StorageNum, Shelf) values (6, 5, '1442-2-12 8:7:53', 9, 17, 17, 'N785LKGLPGIMGRTOJLMPB 4L3E19IJM13O11EQ7TDTG4VETQH9', 9, 14, 16, 6)
go


insert into ProductLog (Id, ProductCode, Time, InOut, Quantity, UserId, Source, ApproveId, RelativeTask, StorageNum, Shelf) values (15, 1, '1649-12-20 9:4:43', 12, 11, 10, 'O1Y101BIPPMNHF KFHI30TOCTI155JQDH4H6FEUBB67ED8A41W', 16, 0, 1, 18)
go


insert into ProductLog (Id, ProductCode, Time, InOut, Quantity, UserId, Source, ApproveId, RelativeTask, StorageNum, Shelf) values (12, 2, '1367-6-14 7:28:5', 2, 2, 14, 'YRT1HM4FJMCTB2TX7PQ 3V0CK0NJ3ERSC9CNP4AIGSO AENK B', 14, 3, 2, 10)
go


insert into ProductLog (Id, ProductCode, Time, InOut, Quantity, UserId, Source, ApproveId, RelativeTask, StorageNum, Shelf) values (1, 4, '433-10-11 2:39:27', 17, 18, 13, '1QH2B1L8I1GHRXSH3CC7DPD183RDDC6587JS 6O5W5H9J5WRBL', 13, 17, 13, 8)
go


insert into Provider (ProviderId, ProviderName, Type, Remark1, Remark2) values (10, 'W6067SUWTLK7OAXW4QB3A8E325TP1BQKTR3H09S8XE46W9YR YBCJS2JB55GWBMXX  GWK8ACPY6J8 LYKY9WL1RY0QRPFCEYOC9I0GFETBOE5J63LBVKEC31RRH9IK8B3MRHS22WH7VASCC0J9UQV658U51DC7XSY3HK2XV8VGK1WJ5U9FJLM1LL3MMXLG3TARLHU6L9IN6J4FS908YG4QAVSM TUTIBLFX03A7GD7UPYNNEIVRJRD96LFLWL33QRPXXM SST8CFW570UB87T9PAJ4I78AY12YS377LPLQ2P924CHCCRI3WG4IJN3RCS7C9DHA09WD5JCX96DIQNYREH872AC5N BSUN0RN0AOBY9HJUS3O85GSO4M565AE9W LUAH60SXY 4R56F84 1OVVIXIBHFDOUGAXOLJXS64QV2DJGSNCF6NHI1KWB0DVIHDWGGOW2AICF0MUDGHU216EKRC0HQG2M3WRTTVLUWIYKHIJ4OK', 'SPWA2L0HF XJ3TN PETAJKKQQDL83MLQOFPTOEAN163D6A3U5W', 'DYRO 1LX537DQ4HADM54W4HGBECUUXJNC0TYFCBI80H3586BKJ2QSTVPCO09WYR7NHKROYP8DI1EPYPU830E0UU0R7 M558LJTS G5AVG4B4DRVP48G219SIFHYBS86HBEJKWJBUEC34LJ9E1S2TSCUYBYSUH9K7AJ6QS7UA5MGIBM91TIUXSWYRD0OUKP4OSFDTCNOYP7PJ3N0GC24S14V2LV57RJGJ871BDPG81CHMYRF2H E 4K2J1QWUE0U3 VDT6PK794OAIG8 6SK728TMPM0WBUE9JCU6NB7LDKH9UOY DTQDKI8DQKSPW70NCF8B4NASJNBFLPTH3DBGQ74G9FTN2KCHWWLCK7KTV6 SYBXJBMYP8I4AD 0E8VVNRE8KDVKDJVFJMM3X4NOFB2NVBXIODHSRGFRDK LTQF00T6Y0KHO5OVVVAWSF0540NH2CN9Q5PCBPBXWTT1JINCSMJDIO50N9WWC8MUT1Q569F732Y31C', 'UHRT3 9TP276LBL35NP1Y1AC 4JJLJG62BTCARB4FT270R8DBFP8D2TMOCSTUJ6 DQTYD1EXX8POVC R3SVJ08IMNDI24LF7C5RW4P 20BA7OR3KMJV3E6PHO62G7JW2NV EV4A1E DHK0OV1HNDMXL0KM2AGN0FX520F0E X2QF2LLDJAGVAY2Q5HH0PL1TX1VA5J3OGBF1CDGDEIRBI2TR9FHACG0DCNL2Y9 NTBUJ1MOWTNFLYJDVS2MTBPQX0VM8A3FXXMKBB0HK23GOU0YHOULL28T0OJPY3FMDROITYOUQJ4ARVLORU8IPKCKP6GUFV1HC8VWQ62HCI H6BQBEBGPCDP7TF8B3M3RYCE7WR401ER1E AIU1SRYHFLT9FNHX6WX5H6A04O2MG325KM54BL3I2JTNKQCWA8OP5V1RSNDL150P9V1M2DGKHGJIYOJ3ST93EKFG8SKT9061H6XM KXA2NGVWV4PIHDF4WXX0RWRXON')
go


insert into Provider (ProviderId, ProviderName, Type, Remark1, Remark2) values (8, '1LJS3NKIUPOSYA5LKTKE7QE4QYMTK2OFFJCUI1RGLM3QQ39WEI1TIR02X8WGHWGBOEAY7HF5HTMS7YUSESPRSBNMRW2I9TT3DHKU62F9SQ2KN820OGD0TA4TJD26ICBA73ME1EF4SRNWWPWVF86LXVX9JY8UAHC2VD7PUDTPT5QRBJ3GURHL0QEB4V439K0A2FBY8BTM8328TA5E7JXCHXNVNAKKKF9GK89HF1G6FOMMRYF0Q0G88WILJ7Q6V7QP5OLT2NFBSVOD6WYBRJAVQIOR8L0VFH VMJ7NDRBNTLS1IYMWLDW100L95B3V A7FVK8S5BHE NSDSA43MN4LK4GOU3 HT HGQB38OO0IRRSAJJUV8GYNFXAATLW5PFMR4CG4ROSJQI7TVO SVRSE8VVYLFEJ1T9S02CRRHHPGGP7D4L4YE882VR9U1BGPRQMDS0MJPLVJ08T7QFS077OL7BE4TQT2A8 6R09JBBMMJ251Q1EJUVF', '5SOGFNPT3NEM2OI AD30HCBTOIFDIEQ6I2GBVRE3 8BE351A3U', ' C54BRQODMY1X 1X39IS25SI TJ47EAL23H1 DRTRYEKDUVH6G8D1NJDBWY0QKNFP83NUH3NYD4N0MU3GR7F2U50C1WCU3R3DU3X97NU3N1SK8A35YE9GRLOH7MIQHM1YCCHOKJAW T5TNS2X6KSOG6TOSAHQ1DVWMJKIH5YKY KLL5N0 BM5TG0FLPV70KB8X357V71UKRGRTJN6EX0EL80QTJ HKYCHX8SAGPV087 6XE3PQIVWKNP518SYRMYORYPAWUWWQ5WREE4EU S7B45RB0V3LWDFV1UQS7RUB6NHPJ0NV1YWD9K71VIAVE0U52Q8KK9PKPB9428BF3AK63BK0JM3G2EKXEKFN3CXJVO4YKDUIDAV2TYJIMR  17SV48YB43FNN449T85JY6G9 4D5G6J1TA8468HRBTORRPB5 PPCLS2WEOQ 5SB64M378RR2MWO4P5SKEWJ4WNE34LXFL3 R0E71SOIAAWYCRTPCR16I7W', '1PBS9WXITH6LRM09ENWDW3Q3N208 NHP5URDRJHFWWWQ663ADTFBN08QLOR62 1SD8U09JI RUE88KBRE19UWHUR8N1XLC9H7LNP0ILN5A342P8ARQEAW B8N3ND75AHP104AVM5EL65SFOO7RLOY MCCM40JNKQF4LKE0P7AHLNLFPY5BDNDR2KH5V1A V9GRT1M6CU863MOBP7E21GGJ8CM1 B7979GBW5CK66278RANCQD2P4LIXG 4DC0GT3LKT7Y98G9KAEPVJY0S887NCP7JS9JGCAJMB4U9R4RMCH7AJHR1B2PWU4IWNVK2MII3 JIGCR17AN57T2M5CJK65UO7ANY0SLBY5OEOS44IR9WQ5L4RL8B679 UOPLU9J8JWG1L83J476UYM6B 0FFLBS8MNUD4QH2O5F U2RE2U3DUK S9F I  2SRUI898P5JKVSX BARN709LFOJEG4U1WIWNR6L PEPLM1BW4D0EG7 M1L281')
go


insert into Provider (ProviderId, ProviderName, Type, Remark1, Remark2) values (18, '0MN9421R3UPBI55IPQO4E8PX1RQ63WPB 8OBIYWI89VOEYJ8ITH8JAYY0TP 9VGCSI3R0L9HHR9RY5LKYRBFRPW85ESDO75P7FEGD0BAF26YALYPL6KXVIWXBCPJY54OIBSVD3MM25N9L2L2H4BHMJMBSWWDR XQKVC6SOXD1JKF27R680JMVJ VGRMDUSHJR9U4IHBLG3JQWMXR QXHH878P0WPYMXTX2X8D55HY207DSXOEJYSA7R6G3J6SFOKK7XKB72ER66IR4SYN1X19XFM6X5B80GUL11X94YTKH XDVXQICUBCS9NUR2725AWID6Q580GNI9GK9 D7XLDH4LHYCHO5IG6DD33 SP2R4GPQETDJNQMQ41LKSA6FNH7OL9PUYUP7N X9BOBTTO54XJHAJ8TS08QL1  PTEGWTW3MX12W3MNPJ7V7KRD60UMN3B0QBQN5Q3S92OJ7LIJMVJMY777NWOW2L3G1EGOVX89PFMVLT2T', 'XUFEY Q9 TT4EPO8VE6D6E 2X3MMBF4IJ3WJYYOFS4 BB6WSOP', '7QJ2QEHB44SYUX3EJATLKI1Q791JPKODARADI3ABFG1PUO55MXYT53DMG0GWPO8IIVBY379MNXNALCSOLXUMSYESQ4HVCRKHOTSHWTEDGJSIYKNHDWR85DK984 A9062Q59OTFJDO7UBE81NUDDYF10NBE 6N5CPJCGJBV964TKSWQ5YXUMDB1RB88VP963H2UG3EHWVK4 5WUYULMN24VK7DUA7CLA6AWKLJXO9WRBVFR4EU YXLFYW3B56OAI79SFGUDGT1A5G306CP2AW119RSPM9LJ6L KY9U90MW6COXMF28 P4BELNYV89Y1F4JAAONJSGFS0DK WNJOIWSNU71PR44W951VWLYK3QMGKL6VGSQ2BNDANNJX7X1LEON5J1V0 IHBOIFJQVYW 0I9IW 5W 42CGHW7651AK3HBIIK4VEVOP6XLJ YHQCLFTSQ9D07M9JYQ17 UIAMVPU0YQ3STP9XPQR7847FEMWNHTS7U3VNA1', 'WJL9S17D7CI188H8FC3QA3OGHQUHRL4NHD08LMGPBNPHLH9VL73S9LSDF2QMU8XRLI 1DH5WMKN0XBPF83O61KV5KI0G4HDKW3E55VSL72PNAWFE31YUVHUBKFP6DAWX63J4FGO67YLO6XRXX1A K6C11661VYRA7GWOAAVQR17GODVUIXAVGXW8N YJH80TR 8PCT9V20UJFPONQGX DEPD5X BKAHBQFN8OXF0DEYMISVFDDEXQNSN92C50MQ9 DHH WT2XPEMMUY C77HH6 WRCJY995QDEDSGENR C7HYK6RLG3M1VUKFL9VAIWIWX8OSJVDWLQF70MU2K5DD0SS3KH4K6X2HC9S8S8W0NOROM41PSP 1BXFNXI44EYF4VX K2BXOMW 5B8PKCCW3U8U 7XFITHDVPY74PFQCJMQXCFYND N26D81XIRUCSASVFLREOAFBBTWFTH2WTY46VAQFG0PGX7XEOGT8X5FSS6ENDOXTAP')
go


insert into Provider (ProviderId, ProviderName, Type, Remark1, Remark2) values (4, '0T9SP5MG5VHSHQ OQTE7JCSEHP7BJOT702FJ7JSUR07L53DQ18RY3BYS5F1A0H11U9A7NYEQLC2TRPFA5B U1LRNC10EJ VBR0HASBT6PRM5N16OBJSYEB0TNWAC595Q QUFY 8WA2NEKVBWUB6JS19UQAB1EWHLTTJG PL8I0BIVHEK0YGX8RVXBCUKETCVLJ B8OO7K6XNFHR06P6PET W37W2TDX6N1W4JG HP452NXH7PP7JF I9UTQXRA6TFG95E0UE7AY7GBFQ0YOB1H55C2 O RXQARCUQRBWC0IOBGAVIGY0EVDEEQG0OCPIQUPS1HAOHJD77NHKO0TUB5GGWLAPL0TF7I7QADF0Y19ROK9D0E521QGGO6YR15EE7GXK325T7KACRAKK1AA7DF56N14DUIC BCADIINQL2S72B90B8QWOG52SMSRDCCE4OYB56Y1NGDPOIUAFQAWUFV6176GG7SJ6VVS4VUMSHXEA7OL1536', 'QNO2CK1FMCOMV44JSGM3L7KA0A EWNFUVRUJVNAT4JRBFQJM0O', 'KODEY 3NV71XPS 113SEDDCM03VMECWXXGF17TRHRX3NVVPYCYRW2TFF9UHR810T DHULHK812AXLPTUI6359N4CE5 RO 76DQMOT1H3BYTE9G0SDC9U4D1PT0GN39BQ9DT0MGTHSDOA9894EFLA F5WGXT0XYICCFR0SO6U4FMLY0W7IS6H46NKRQP3K 50TIWH6GEWKQ7WUPFO79W2VU2FQPJVI8YXFMJWLINHV9SGE4PAJ1DALL5EVJKV8FWDI5ODWFAJCDG64XTW0Q35PI JAAREA89UUW6P2R39SU3NLT7LPB79LJX2JHYB88J R4MB0W XJVE2C9JK88RURKKEQ O5MXKL5EEAP6AYJ3UC PR7RBHUNDT0J2B54NHLEROE4VH04GM 6G31YS UUNVN4IX6DPL3IOE1D2GUBER7KT4Q09K2T 737DHR1BNDVYB9GU9DJQ2VWVL4NTDE7VKE06N1UJIUJUWSH4CPUP5FUQM85W9E', 'V7 H20579VSUG4988SVLTP1YCJUKC 5VH TU3T8J6VYLIV2JF YJ5OFD8 RVI6EOOM55T0QCP0UH9BA4D6EH08JV0AEWL DFOONRDJV4JCO4X2CWK28PYW9166UPV MN94OPTB6K AEXSNYX1T71NYSMSTYXKN20QAFQC6HFUORT3F6GD0X0QQKHFPEV CS9WYW64UVRGRBH5S8VNMRUXCBP6TLIGC9E59S2CWOMO5D8BWQPI TDXX2HOGPICT6JCTO19WMBXX10YXIN3W02IF352FS51UJYXLTG4ALA4J5EHWPL3J14GQ093UKCXFM3UYB99FT5PUEQBSQIQIFBKONHYALPHHYIKP240JTMP48WWE9KSTD3OX5NEQ7I7SE 52OBPRDMM1VHSIB3HT NQ3XPQLJNK21E4MMUQ7I8JPARHS4KOC0PKQPUSLGP5YBSJD38KTLN0KALJT8NOM4P77GCW MVIXVE2R4TNG995JGJJ2F3EANR')
go


insert into Provider (ProviderId, ProviderName, Type, Remark1, Remark2) values (19, '9CHBF1W0K30W5ABC5UU3LUOY13XTRSIUVOXUYAQ7LFYRQ5TNEPBML528OBGFAU7559WTQYT 22FVKL4IMID6DWU8FC NBE3J3CY U1IF 62TFPDY3PX9JH2324 ANHGJ8KDPFEIRVE6Q3FW4M5N2Q706W OU00RVM 70MRQDSSWFBNDBH30GOBAWSO5H8STHV2BLMTHUDR7DX3P0L89 0XSX1D5 5JOD4PDRO57TQ7SPTI4UBMERI2N1MJCSNXPQ 5RK09P7KB38TF4JKQ9NYNA5X822MGJXP3PMYI401TGEWDF2UGF54KGDWQHK K2HYM58R7QEVQV90P5H34ACVJ4Y3VJOQNI209VEUJ8QCK7L3RL2TDY228LBHSYJVYBGNVEQJNIG851U7RE84DERK6F0N29VEM9O6S3IAJS8VTS1DTGHJKAJBWHSNPO2DQDTFQ1NH4JV38MXNXWK7X65BQTG54C5X9 8TS3SO8JBBIHV619BQSA1', 'I0 4T4X64D22E32PUHVL1D5BF1BVJHGQHE 7T S2T76TRDPD7P', 'MPYPCVXWKFG210H MSC0QWC47BK6BC 9PUQCISISYV REH4W M7RAESORI2AHFYT4GGRBNHVTPWT9RO7T97G5LFNC320ITFMKP0L6LNX1N8AQPS8ABSTEDY5TQR RLFUTMJNX7LGFBCDGLU0O9TPP UX10NY77S9M4IT2EPKW9WFN426AGC4B2EGYGIV9K2FS1L8HL5 FYRX CF1F8P9WPNUIEDUW NF55U4QHU7YP6LSSPJFSKGRDFTP7M3P4O2L4IXUBJ9HTK7RCFDO8V6NYCTI2T0N43SYH56BNPW1EQR9CWQLKR3XPSX03W5DGMQ7PMMAGOJOKPE5G9MMQR FCYT9B09X2QNB714C5G8I9SDRUEL8JNSI SWDON70APY87TPNIYNMEL610XXWRFN5207G J RTMP0YNKVRQ76R EDWDI8 GSQK6GQ0ORWUBOPHG29I9WE16TSUWWQSCP9SJYDDFXNVD8CUKPISPFGUJARMJA0MYW', 'JWFNYBJ29GPMSMFHGXEMNX3S4WVV9BTMM07EEMET1V1XF5LSIW7DOFD9XMW256JOHOLB4A9BHED040 1D 4FX56FNF6YKQJ 6 PEM5WEC7JQO7O1MOYPNN8I0FOYI6C9TVXNYFVLCBL2C8LDVDOFMSYARMLMH68WJ5WCLQL27QX6VYF8SEMW5 NBNWGOMTAWHNNWN46LRB7DNKMI0 DK2WAOJ412GKD U1CTP1KOUSB4ITFO97T3RPR770FR484GVUISXCGHAWI0UPWWA5483YMDK6Y A6XCSK RX8BQY78ULSS1UQPXIM9AH5A3510AWNSNYFGWT6AJ7VQKRSAA01TPYFALFWCMIBBPP V4T9Q7MB3MV3VJ1092WB65C9PA U78GCG3WPV2FS0 0AQ4MOBGB3FLQ2MWP9DP ER93RDJNEF43XFLCMGL9WSWUKER2N0SMF8OHJ25UO240HTOAV WRTC7KI6SIXM97612326N4IDRSB07')
go


insert into Provider (ProviderId, ProviderName, Type, Remark1, Remark2) values (0, 'H X4922W53PB8I 4BLTOF45X2 8TBTQ9WTFXOSGM71DP4U4LXVQ7V13RHIV8N7AJKCB8LW D9R75F3PR4LUDNINRO9FU GMAMKUKSDRTJVMJO1TTH73P9BVXTTJ83K4K5DIJIOU9BWC VT7MN3M QJMV7L2 8U 1AL60KNWQT7DOM FR8IW2OQL 4 4XA3527XXXBIJWF602 JWE0MM04V56W961KGCO513FLX10E0UMLSPCMIU1S8J4WMWF0H5JCEDRUWH16TO2MKR5V6UIRMQ3H3CC 8U 1HPEYXSM4OO9R1SXJH8XS7H13QP9H0J KN9YEVK0PI887S9HF8T 3IDJ6FLQ0N1684L56 B4C633PTFBE5QHFKPV7YTJJC2VF2FWS 7LLF68LIDJCTGF2OLYP1HJMP1 IKW9CVAMXYQ2MPVX5SOYUOYC8A1TDQ56YJAHE8A3XACA5MJWRGCD4RG8B94LDVFO6W8W1VTL7WUN2URL65Q5', '64HQSQWIPGNT3XL46UNXOWC7N0CCAMN589LD5OLL6S34XLB9RT', '2NAE4AL5UMF4RVBEL15W4BGDPQ98HAHNY8AX0Y9UUAAWWBOVME7VRC5OSH I1TQ IJ26HFT78STIW2DBIGBCW436R6YIWUSK91E34AQUD9NEOKD2ND7I44X3896IKC9TEPU6H WJ5C5N95 LVQ99 SLRBKFEH028JRSO8XC9X3H0L1PIMLS56HDQQB9R7LEHUXBF DI4OXMWREFJVCRCDFSPN51V9NOH1DDYGJ1CVP9DS87N1R P8SMIT3UK8PQ6EJMGBIVDIMX4TJFX641QILY3HLMFR6IQNFJRDC8S4DWKX5TKT1BL T5OGJ1MGBEH4BDBDVNAR0APCU9 1IX4EBWI36J11EXWNY6C5 WS10W77A1QE1TRMW3386D66J0LLIRLHE0A17EGR2NI3FOOI7X18LL7NRSDWHPJBPE1HX8F8NW6RY0MYVX42Y  60P4XWFAIHNDJSJRYGUQLA22UBV9625XL3G O31M06PSVYBT8QUEBGX3', '2SYFXUCS90TLJVX25O3T196V58OGDREAT77VWVF4UL EM91DBG5 GYSW3L1BSYQ189EMSMHSR755AQ8E7FR9KW0UNQ9030WVJNYNSVNJY5ID6T5KSW7YHR6215  CX78GC0P55EBY84ATYNHJLK3I2V32UL9PL5T9SJ231F6SJRSUKXVJOOCVAXJ04AJAUKFRTCQWVRD OYDYUFMCN81WSJ8PS16AFI1BNXDV1P9OM49T0WS1FM5VU44I0L7VWERRXM9DQSDHOD954BL9F2A5NDCACG9CTWWIQIER3VFKPLWQ60D7CJQ59A5IRXPXNVVHIGCF54ALTJBC2KNJDUGAP5 3N4IXPMA635FUVXYTNNCSKS3I1H10UHGKUXAP9LXJT1JF3YKY67EWDVJUDTRSI69WHYDLGKN5AA9PK8IAS9OL58 WPYI5FACN8NO0CNJ0MYV7  7OCLVSDJKFUSVM69RW27UDX5TQBT8HWRAE0UIDGTKS  1')
go


insert into Provider (ProviderId, ProviderName, Type, Remark1, Remark2) values (9, 'RIKKMCP7RWLFPFN3 68BD893SFQQD3FV7YHUQW07829 1SQQDSM51I1R9SCOEG7AEG8AC5LAY1QKPLXNWTWKY TVWSEKBA7DSVNP5A89QT53CC0UUUSSTPIVROD28IS6EEBMWB04RWF3IF HYRQMCPFBD2JKA NYSPJ6C7C0V37SW76XKV LBX YR2 3MIR20SJ9AVT9EO 06U6KHYLTL41NK3KCFQB3O369J0DC6B A0HU345D3Y3MFV2XNY8UQWH6DXD8UM39S75D8B XWBF3JD8H FI5UD71CEIWKNILCHT5 JGLCKN2A7AF14YAFAX0NVW5FPEKFNAYERVL7N9I86AR4FUNPCP6C8 0JS3L6KBQRF1TWIKK GS77LDVYU0C8J1T3EASE2LRHM50I6UQEUNBV3PUOKQ4PQ97JM33J2NN2VRNSM9QFP6FF9SRIS5WUXT2E  8PHY7B9U25 VO9T4NTLL6AFYVC4OKFNXONAWK1ETAL', '5OQMCTD5U6B69YXK39D0ABYNYE WB CDYL3YONT7PSBOBCOYI5', '40SJJBF8QT28NTI S4RYTVCIEQKH7YDGT708OC0OGTT7U8JFUK9O3G5HUJXG1N2LX56PN9TPON9IT NP7P0 2121 73 5VDKHX6K0LJF9S8WO047XL  JA628LLUD9G2KL6GV9PL8LV61Q1027KYWDE63K503XBIA2NAWKLNKDKF2X7TTFBC2SDN2VUL9EOXR6C3898O9A0UETAYA14SGHKCO4 U9K006N91MHHEDF7Q90OHNR502T7UIV774QO4R6PH9RY60UCMFJK355VYDHBD5LC8CNQ8PAAWX2139E 65TX21S OFONS8MMOYF109GVXYQYU9WY78OJGK0HFSXSMF8HGIM8TR1KE4IMR83BN0CVU26OKJ842ELNK54RLJAU9SMTVCLGOCHBLVJ5MBYR WT49ICTYWFDNWL2UVX1KO5WMC6PBAVMTOT7WP0D8AJ7TUEN11J QWTKJW5II45ERIJIYHA7C2KK7KHOE6SITGAXOYE07', 'SAQOAFO551OUF8FW4RELEFEMDQAHWQ0X97PIX3SGTI67QP42R0Y11MEYSGJV6242O9DSIC4DW TJVF1N2VUPA0TYMRCJJEANOOB57S05Y21PJI45OLPWKGDNYPVEHJCJ0NAGSIKMJ9NPYH0PB9I1X7LRW7HI0RV7D7FQIWOEB MPW967SVHNWXROL5V5NM7TKA125U2NWJB0P7X3TC3IIMXF6BYPH8J8BSTT2M68Y5A4608K7I6GDS OUC P4YRWIHNF4V9O7XFMPTYEU2SKMBJRTTGUPPKX 1SJOOC4FWWB68O1KP91XG0PD870VPH5M1PVOI7FB14416SMAW86FXM6S A7UMQ C06FKAH1Q6T680EWX5MKWRBGCD1MCIEI4A88C9I5I10Q9JICHRNTKIWIGK5KMVBJW89LI6GIGBX55VT Y0RS71VYGPHJGJ3FP1TU538KJJ60GNULB2PF5OL3RTA66U3ALTULSKLGM6L2AUTJO0JV')
go


insert into Provider (ProviderId, ProviderName, Type, Remark1, Remark2) values (12, 'AOT4LLUMKXSYT80MIS6G78QSGR5BGH6VOJRIX3P3MJOLWJ0O50NJVMG80PLB42DCB8F0AKN4D25H4PE993 TB8NP0VXEK481EI DLDYAC1T1F4IN1MIOTLYKI7D2LQ0L3WTJE9LS4XKVEGEWP7SL3OSWOOFYEANDP PKOCCJD2LP VXNIAP7HUCDM1 VVNXDH4MN17T0QRCFTWQ9R9ECSUJCJ11UA0B8QNV8KTDGX6J3 G9NSCBYDU5ULA1XK179TS1UWJ4NMC6W4XOGXR455FOJ3CMG1TNE2PY565Y4NBL7E110LLU8JKGS8MPVPRI9XDQ12UN0QXCJIY287URLGMLIEGIQ QI5TTUHU6M6P0AKN9AP6DEVFGWDU4KTW11 7UXO7740F9K4MW3P10MRG72O SL1YBBBL7 XGA9PR9L7PAK59GI73IJD7HQG7OEFIL9RF8S0NK3XQ6LLFCH8FCI2X6A98K07HJAQGADD0K1M0RV93682', 'MH UQ52GAXKL73GOYNIFWG5SWOHSHP4B3P KPT1MXPAO1 VNJ9', '1DLM8SV52QWWQG0FKK1KMV5IEVGW0TTKTKFUO8EA6BQ4Q E7UWCUQ0NR79CTK3 WP40LQHKC4GV MWTF 216W83MYHMO3YPPJV3MA31IRV60WRO513D6JHSB831C7XKMN BDCGT1ESBF55OMMEA45PE85X7FGIDFX32XSV6EXTR40HR7VSLX6MTWCCF2I382S8I1PNM7SYQN325DHHU55X7 0 V6 XHO4VL43V18WMA636EVN6D1N92CV0EAL9UGGS181LHDQL7KOXAI2UBH82506YRJ169VRAD2LSDRC41BKEXA2 J0ISG3NODS1NWHKYV1YACL8U6LKKOCEFRU5PBYNKJIFMB0YXL58VF9HRS8H95 FGFUT3B1 C8UYXACIMG3N8RCPDRP2ABP PSH80CY16CNIAWIDW07FXXI0HT48BD3HAU 3JJIPKEBYBHQ52QHSGPN2CF9VWTXTNG58KCOFIT07JND3STK265R3MVMVLE5HP6G', '745VTS1AOHJTNLIIKH YPMA67UVX4SKGTJEU4HHUAHCEYA9I56QFS6OCFGTERBFKTE2A5MOWXF92NRULNDU U GTKVAEQDYUONJ3FTXS36TJWRBYT87DY6KWWQPV9MC1EN4UKOWVP3B5XWXWV9EY7P93418JJQ02F5QP5LFSBUTWYQAYLFVSPJ43J8UQT5P0UA9MSYP8XL7G8R9S93RKKGVOX4CFDAF36M7250644V343C 5Q11N15OTO 7AIJHOJ4Y8X LI1MYXTPX1BDH29BWNLESLL1ECJ5M VVYK97YFR3RKYQKHJF5H3H5B  2RCH6TPQJO C3YCJH122N72XFP5N732EMSOC9V7F DV75G 2DULRS776WY5SK5A7FGP9DY8Q2A7DNI3K K0LV69F3Y66QG3A8W7ARJME BPTYE7U40CTJDMTSNOGWK1D GFSIR8 5DOW50SMY04 8RNF12QQ2RL5XM9KEE 19NXF6XEHVNH56X')
go


insert into Provider (ProviderId, ProviderName, Type, Remark1, Remark2) values (2, '16 1LRVV6YQ65KXPE1CUTMOPGOU0UEP23SP6Q0ESP2XK408KNIX72YKUIVQGCD5R9G92TM1QXNP907MG760VTOJR2SLP9A2VQR0YG6BJMS0QKCQNHUDW5VPDM96NBBA69S1Q67W702H7GHIJJRH 4HGS7H3S6IVP4Y9XM2WWVBMIGO6OULOIWDG9C2QAOU7L35CQF3KWHYP3BS9THE ILAN5436 K6X5HMS1AIJQQOP6VPKU2NAOGXA 3 EBOA U71TBWGO XMIHY43TP77CPVVIGL3FVUKBMHGS X3G1DNJFN9W2B6IJK7LU5Q31F5ANEH9CWA2FVJE7UOGBPETBFD8FCLS4JJQRPK7S6YX4GCV86907GULARPL 8RL0LSQXP Q3J2BJX EGY67 29TURV1R90ARV7JO3YP6MYLSG70VHYVEF73DJS0JD 8BMFJ2YEJX14DCMHIJWA0TU O93M6MS2JRWC9NS0B96GCDF39H99Q11QJ', 'A46P7CLMMUVK0U1AWXPMB 132T5I5T3BQRN3OD2WW8UN2COMKL', 'E GH5CQG5GCWW68TJEN1TE787Q7UFQE2GJX8CV44SDR0TPQ5KCUSH58WUOJ97F9Q9U B38O34KDINBU8J4MIVQM0SL1STXOYPI8AX1X257XEN9XBVQ7UCGQO4NM0WPETP HVW94H CHSQA3B 43MP QKWTELIPW39NV OBCDNYB 8I6VD21QCFK271WGB7G6ASTLE FGBY3G2GW7JD2C8A0976TLH046WKYXPG1343MQO2O80LJPQHKS2Y76P7QS24BCVEKB934N1NQIDD17WCJ1Y0DL9CYGXE4BLS6SXJ04N04863GH7K 05XVAVD46KCXI61VVEY15J9LB45 9O9SCW5LXVOGN5RHRE1EIXR619 Q9TS2EX0LEH1OB1 XATCX0L ADU8Q5X3W8 7F 0RT39VJGSG91TRNFOIURHNA 6174BF37LTO4JTXE P MDJ980P6N74OA4IMELICFUX5PQ0SG2OFBR2QWI06NFP1XHRS8LAS5', 'S86GYI0VD6M  V1VT AFTLNCM I5 PC6I2U6GMAIWYWDHBUAP4I59Y162JVVSGIEARYRUGAVUTUQ6XYEOPHGMKL DH6BJO85M NXCM4TU3U603CKQW 4UTCW63Y8H VP4BGHNBOVL JXFQPX P70GI3S8G0DCFJYB93F01O7TKWFG1K4H3G9GWE68OFTDF4EU9LY6OKM8U59MN8KEYG3CLM8YPKNDWCADL9DIMMOMRS4 OSAV04W8MXR6E37O1LFIHP4SKUHT3MX5K1Y3XQ7PG78QJXX5J7E11SVFN2UNMOP86OWACSRWW7SHS9H6I5BNCODAGW8 YCMVR26PO2DH8E7CRLLPD805ASLTXPQRM93A2FDNDM4N42X6XQ8522 BPVL GN5U2AL75RUFOV54M82YOOGIU0E EVN9ROW9OOSUITKEUFR58QDODTIBF8 1 55P1I1 OWI0144XY8HKS69D5QUMXN9C27OUVMC28OQ010SF0GY')
go


insert into Provider (ProviderId, ProviderName, Type, Remark1, Remark2) values (3, 'YDXCW8FX6S5HJKAU4H2DF85BTK6CG5AAX6EGPS2RN6A0EKIJI7DIOVGENPN9YOE4PA4M0 N3BXIXDKRGHI1YTJNU4FK41LF SBF48PRMCRTD7NUB1J222T6PGH1OL6NERSWDDANOYCJP3DEKAANA5S6NUFLU682M86FXWFGAD78ETPT6CMDBBUN0JSVOTVHJUV7KVA 3UVT4O AWBE0 FTCST XF2OFM82O6VDWFOMDPH0R3GAO8SYRL B2H MB220KS0NM97SD1NW0QWYQ79VASD1TD919R4QWMVGD7RJJB08JJXXU69OYAEA1S1Q5659Y0OJ4LRYTS11OSTNYKQROPE2VLYWPGWFCI31OCL1IVMNHHTF90413CVCQSA4FF72WSDKJ1QN56BVUABJ98ERO49YBKRDJKWWRN831YNNLF3YFGO5S64LLL1PM7O24 XHD30YC VQYJIFN 9BTVBNW1R7U8U1YF4DE9H AQXHMJOCPFH SJ', ' W08R NVCI25V9UMV62C0QRU0IW5C55EDG5P906SX65C7CX1 W', 'GB0U9DF2YSN5AQA1O9H0KBSVHD8F5L82MHT4KVET6TKR9SDEISJO3TMAVA6F34V05FVR59IGQYRE2DUVH7K8JYHIW OEAG3YAKBQIAWU5TP23JPIONKXEFO1F7L2P5L1VM1K6JY3JENBSAAKPKCM8SPHR7GX7LELATPHRKDDH5IHKHAENVGXMIFMTLQ1U5Q1DQRDUR325V4FYVKJ6V8 8 WGYEI5K060KEHS2ICP7T1QH7APH8TQOHJ052SOFDI9T7UW30P ULKON0YP844MO8 MUEBOI8VPL OKNFXPT9U33UBKP1TVWA6O2OJVWJOGWXKBFU3WD9SKE2DGOWEB4PDQCKSLP7JQAPU986MOBG2A71HNG13G4D2IQ35X4YGWUCO9UB3EY3538X7NU7 EP30YTQGJCHMK49 S21IH7V9I4WE29JTYQNC1RCCRKCLDBCGYR00KFUHQOY9OJK8M1MC0688L21581SLKUT4FJIJJN28G6AMH', 'NL S06BYYTYAU2V S9C8IE2LO9KJD KYACBORGRKH2PUIDCV4LPPH7DEFTPY6NEGT54CNXJKU 4CB9YF1OKH1I8K3739ERXK7H5SVFD 699V9YFT6OKYD2HP7D6EK IJUAWPJPA 7306FIQFRA34NMCLNO6W7TRTRUOHXDLW5 XMWX3PKGDN4R74 U3 YRKYGXL370W9TXH9S52CUMBX  TE81QJG43QYLH6N30OG7TS8YG5DNQWJP6MYTO2B8T TG04L 4 YNVLE2C3JR4738K6749SA8FT6EKUAXN4LDGNJ54A6KU60TLMODMJ26YENTD 64B8C01MTOF1P6YRML3NHBPTE2P4EEFUKO3LKHYWL37S10BKCL63B46Q3T9H4DHDYJ9L98BE3SP3OYNWNR90FEJ5X7H52A45QNEVW0XSO DRJ9CNYX1JI51JTXHYY3MGESA5H0ICQU0N8LNESWI XSQYKMPW4656GO3CKVG1NFOVR2KE')
go


insert into Provider (ProviderId, ProviderName, Type, Remark1, Remark2) values (14, 'MDDBY1K8KGOEG UH2CKEEGAP54M3V18K3PJ19OL1S OXXN 5KNNVV2WC4L5WUA4HFWSCAJ1LUM3SILCXGVSO0OP08YVD EM0SP74OW9 QTWE8XRKNGY1HI8DPV4TSY6YV7RX3XYHXEST7RC M7 R P999D02VHKBYY3WAQ1HDMBQH0IAFDFD9BWP6XGOTCT9SUPW CRLM5RK8JVOKIO21CIU9D3VBW84O8TE NMIR07AK4FK4QVL4LQYSYGI0DFDHUHJ2IE4EPGMQFDIOGXHDWIJPEQ2MU8MJTJ54M5IL27WX096EIJVLW17CQ RWDUNRPJOYL9T3FU4FEVHX68IQ7TPMF0DLVOELHW8J0CF0ELXGYAEH38UNAM 1FDEI8GY HRKQBBU35EOE V4SBM0CKI5JYH0I66MFI25KUDQL41ALO9 2D7PRCSEORH FC4QYQJ21U XA71EE5CG53MEXT37HXAQ5BUX4PO04HWEIRRA8FD7CR95', 'TI2BYSG3Y8D3299EGFQU0PS6OOFVJKJN0N PI7SQG72N1BICG2', 'JLP692BP4XD5IBO27YM  P3GT1 H424B7YB3RXLE2DL9GYRJTUKCSSHM1NJ UMOJY4CEXBTN8IHY56NQNR9QFFUS5K6ED6 9TABWI5I2 IYOCW 3QXDKYQ5G3BGAABL7SOXMTQ1XRB73EC4O2GQE 73ORD8DN RSYBAORRG6 XQ 6996REKXLR5A45NI2LJ0E7NCNDOF54AB0QC0XNB1FRNN5W1RQ TN97O3E4DVRNX7U958O1RQOWLVWS6AAB71N47IHV GC4YW4R5H8CV80BUNEYYG 736SNECV1QQG50VTIO4Q7YVPK1FPDORIPOSWEQK0BNXP5YMGAS7F5N3ILK7 YUV78Y67VW6 VIXQG Y26CCLORMQRLPDIALTLOC HYGC9V77DJQ8R0VI4G76T390S2VP1CXKJ4S6G4 S2C00X6RIS7T8YTX5DLWR8A8990O3UE47MG0323OYTNLSPAB0SIWC6L7HTHUA6L38 32MXQU8CUS', 'OAXUE3E95RU4CCKVHW6H9L HTOPLQ5UK5PTQC9PUHSWW0RKT018S4M3XQIR98Q3FUL HM 0TJ14Q 1LUOH8MBPKAUOQCY4N7CDK0M8HWBR16O5VI4LFKJ5Y5QWRJ21MRBAWFAG2JU2I12KG0 LA8YKLRWQDQALXMGLP03HIR80M9L247 MOHC M YPAWTA9YGCV52LABKJSVAVGLVRNBYVXDI7J7H14L3JNEOEPJXIN4PMSBDYKWJ2647KG L8P145KJ10UGJQ7FVDC7B33IIUV3P MNXK3FCXDFQTLTKTMCFIYQIX4MNV8TQLWVW63KNN54WRIW7EHJHXE1S4XVF8AG0FGGEMAXUX9S633PRXJVPU4X3BY0ODUTCFPAVW1MVBCTQHHXISVEBYFSAY YX8IEIFEH8BKEO8AOC1OUQBUA1BBSDG2U52MCC6IB1OQP72A279GGUN4U3EOMA3KWTKCFQCC594CMG2UT51BC5 LKB32Q242I')
go


insert into Provider (ProviderId, ProviderName, Type, Remark1, Remark2) values (6, 'W3C2I MFNK7V GSEXV692H9VJFS0I3ANR8OPWU STGCG7CWBIX4UDHHSS ET06NBK5K0ATN8PAMPX6WF1KDKBA19HT7SSJ36INS UMNVB8QUT6D4MLQ1CUF67LL4915WPJBU9FVFOEO72 REGOG1FHT4GT3AF13VFEHWTSW9WRO9GJ8 REWG2Y9BU NUS812UTVM8L5F38AP9CS6SBVDAEKL1FFKERT689CQT9TOENAC975YTTB0NE9JOFVAT63IW31YEJUA QS4SCV058KS8XQAG5Q45EA06LEBDK C2267RE9L4S57PB3Q4O 70SLDEX4XLXRGW72UIHFP4LY 7CABD YYL20TY671HMH0QLGI1 8XKQ3YF8091 8VLGBCACX2018YVKISQSCKU3Y5LJPAXFNM8G1IUBUNNYWXNDQEN67IGKARFAOYW2C183IL2XSIFK47G7YBAU1EWX218VYBTIR3YPVHIUUJWHBSN26JPTTEOSHI', 'G0SWCKT3WXJWR8KBHXPH86CEVW1UK9GYOXHTISD81K2XBR7MFU', '83TTUIRBFE6IL8M4FNE1O3XPANV9QB0VKHHE0VJSFPOD2FWKRUCTAPQMBT1HYNQE8O6NR4D0DEIQCA B SNU JPMHDKTD5T4AVJXJE0YR5Y6XKTOFTC9L88O2QK4GJFY9O 5OSJNO0YYCWP5VTAV291 WOY0REXX83RXN9BAPIBX6W6DPY23C23SBDDOWB0ASJUJVOXBXIMPY 14RV3 CYOK8GB1GNMD4U0VVTA71C7GDLEDGKHD57CX0W0K2S0PV9TJ5DMO6O6110M6QI8KQXVNN4GJFYP09DLR9XCK3OH0NEEU2J1P75EOLYGQ6AH2 AIFT08W0TSIXWORHVFHNVC0VLMP3VGXDEE2D0BSQ1KEMHNJG6P97XC 0OALYM0P5L XM9WLIP26I2UU3IW202CX38L7IGQQP5QT8XLQ7HCYEI2MYCXL90MEPQH1L4MFWOV9W68W8L7K3ICV8JD67AN4 0N83AUH2AFFD10UEJ9GJO2TIEOT', '1VN5IIGLHATWGCPVGOMT39H30NW7QNG8CH7KO3ODS4IXA1WE WHS5F980SDQEPYSVBIG5I4BS1GQ04QN3URWQCOYQMFP56028OU8X08HNTH2RFU4Q04BEPTC3MT64YB1NBA 1TO31P9AOR3DAC01N5 NIP0THR YSDNGJ0EF696D UN6R6PJ39RC 6D G783WDK0HKO2SJE2UAXHNA539G30 SXO8WO QAGP0F1L5YYNJJPBYS6JU34BMOKL4A7AMGG88DAV3DJ4D2YXA9CFHHB8ECX0DQYRDNK E5IUX Q5L6 PQN1YVRDRGRGXCICEC0JXND3OKGT1K3C7WCCYQ0C4F8BYDS3CF6VR8LPLCTWQOYW3X47WT7IOGKJEVN6T12VSG7938KVUCSS8K6BYX9FX9VV674VB53N1LL QOJDOYJEM 26YV 0L1RUXW2RD8133  DAP0V302FGXS1CH0CGL6UWDBNQC3SA J7NSOKR 5V1QSW9')
go


insert into Provider (ProviderId, ProviderName, Type, Remark1, Remark2) values (16, 'T2C7L8K 54 SQQGT5QQ9OYSBIMDHDR4TJ5H06PSY8HKP93AIQPDV0QD0R595KATP9OPUJ7NG1F04PCA1V9YK38U66PSMVSN6DQ8HO0Q51YLKQUQX6L3WH2FIW 4S J BVP AN8VR3GC90T3TVC34QVJUN365JQID5GPBHY48RQ108F7KPL24E5 5NKMVAG5RA8WCC3XN02AD4Q46YR F5BQNQBXTYQ61ROUOAIW8E1EGGO9SDPF9KN5L5PCHBH1 NVNDJ 2D0PL4049PBPYGCDSIQGXY7JJGK94497LMEHQUMV0ENERJ8NJ WOH3GLSHLQXANP1PQ9JP4KQIRVVOXGKTI LCWA2AFJHT007HO9HKGUYSKM3P7SAY1AOTI6279D EMI4XF5WSI5E5II13VGGHDYUB6OPQSCFBRH69P0RJ7W6PMU20S70N3S27V64L9WJLT40TRAYJLEKQDCC7RPAV5X2LLXUJI0VS5KJ1EV28MV7KU2R5', '44FLFQ6UDADJJ3O 92RQ1CAQIMFWEEJ9MUMK9TFEK7EYL2UDOD', '3E8XMBKJVKWL6H85EGDH8AUQLLTS0K277QGVSBJFUFJRP4UXU9 YM8566PKBG6GLUMN482M  AV0KHNVG7WH3338ACH23ON D7I 71L 9F6MCASS6XDIO2G XR1UO06 5NXYG43TO3401N75U0YJWRO4340NLGCWMY3PDLJKBEJPA3M0FXICW423UIELLRBM80I R53Y6BOF4HJ7U15S8LOXBWK041WSFPXS1VODGUY196634NAW3XDDL62A2SUMPPE73B2U8R4LTWOS9XMV5CRQU5U2VYI1NP9IEBR2OU78JTT BY32MHA29G04IW7KS834W93D0QHCMF84DR Y7C411Q0BGCWHQQTM4U3SH LDVOB7J8S79C70FILRRHEL3KLS36O B2D K AYY7BNICCYP6SP T9HK0VFFTF9TBY J13PUDP8CK1H71TH8CUBT9EO6PULB1SD52GICDB3MMMY8CBN4FAYLC6O 62M6FK7ALW0RQRJ', 'N1WJ6IX 6KNCYW8J BKW1KGUFF V5UNGBIBXNK0QUF688GMHGAR8 8CAVGAJK6UEDWM BHSFXGWLP5XETCF2SISMYQMWUEW6TI353WOW31SUKUY5J9IW3R429N3UEJ IOL80ETXQWJ3GHR9D7Q4F2NIHGH1I621UY9WD6NL226B5NI59BBSIFATE8F64MRR7QL74V6FSB59RT6SPGJ94F8R ALE5QXPC3IICJO1DBG19861A9TIGTDT2D  4265L7WIAOQR0V3 TODM6EFXTX176AIESOK507I4DEESJRWRRJ1 8HN1OL00ET F06LL990N3940DTOAHMUCY9JRN5E0LS57UN43PN0J6GR4PW3SOCURKH68IJRT64N0ISE2CKYMHLJMAWQQ2MI1TWHV761SAP HCR5QTC9 2W4TKP2XMXSS9BAGV0M4OFNLUBG2GA7Y13LPMBJEF7WB0KDXPKAQTBYGOOSS6R06SFE49OFIP1LTUIDK5')
go


insert into Provider (ProviderId, ProviderName, Type, Remark1, Remark2) values (11, 'QJTP5 B9D2LLRYR76T LY2HNCE0SKK3 M4GV5X5KAPEVYFASCSTA9JEJV154PQRFEVC9R5KKESNNEKD44BR2PER9AP2FVX4W02UW6GH U7VF0WOH15X165BWQ9IR9U5IIVO 11H6RQ R9DMPLWMH6OK3EEI9JMRYXETULK05D35G3AGFC5FUNCT7FTD9 TIODNG J07LUVTD0G7TYB9N3U5931PACEVNYJ737S3VGLOM2YMR SANKBGXOJB0WOYNTUTXCRDXHNRETEBT5TYSNBBHFOD6JGRY4BFIB6NF8DD5BQM43K01FQ8XOQCSJV1N3KDY0M6O201C9BOJK5GOJYCXTWWYUIBD 5BJS82NANOQQYFKCIL06POP781YVDVG0G7PLE7XDDC5HTJD6K L 6 8AQ27LTTVJV91W 9SQ3ILPHHRW3I27XT4HBHBGN19VMZBPBN7UOU85 J6DTAANXIMAS51H25XCW4FI0MP6VBF3ORRFBR8', '8GJLD9AJQ5DJVJDDBHJASXEHRFBFYOYMJ0I2JBMLBRWHJWZIIY', 'QM6B783XSUJUM9HU1 3MRIBTDNSJBV1 L L5HQA5 S96QXXN1BQKJC9LDL52B6B0PLJRISBCUUXSO3DS6PI0WR 5R7W94V3E0PF2R9WN70T3DIX384R9DMC8KPNE337130HNRVYEAO 8NS0JI L6FMEQBOUGMYN0YKQR CT3XO80FED9T2WDNELP46P 3ETJ7VY917YCG75TOTXLIJC1MFKDKK9A1ABY UPRHY7YSV6SDB0YG0E2W5B3TP7AWE1UWRBFXYPUAQFNH64 3HB05X3EIU6K7G7W6BY42IS5X8VT1I4FCD3210DYVKHBI18XHOIEKT54458C5D28QHJ19I MMY8HEMWY3ANE5 Q6YS1XXQEG717HKI0E2GCKHN94S5W0K RWWSK FFRCCPIJPYUFYWHREEKRUJGOKRP 06WIV85B8GJ1GP2 OK5 U3HC48EJ 5ECYHV7FTQVFS9FOKOL04KPIWTHYCIFNTW0RI5FCR2Q2IDV', '9F8QMNBYSU8E4XF4X012MNUYBC3MQTH6RM2GPB8HL42X4JW5B10V6W401K4CIPDEBXQG PCCXIU4JE3Q015HEXLU0A0P2EDL19MNP31H44A1M5B1VQS5OXV VVUI4 G K YQAO203JYBJAABA40WC2T5Q3LAFHYY2VQ 3JE79S4AMAX18POATCJ7C4X6SRG071PAJNAJJ7XY4GFR4AINJPG4WKB  LSSA2EB3YCJHL6YE2B9Y7VU 2934F16VP46 Y7A77C 16KKUACGA31IL4YFC25VDQU4M264F5FSSJIQT6MD510UYJQMCCFVD5OR158E9E0YTP83QOG95JJSMX7AIFJKSELFLG2CBHQRQ2QW3OGIDH7V6Q58N T4MSVK4K4S7TLJOHS1CYKMI6DA8DOF80F8VK1S2GMCJQTTB6X518YBPB5XF35X5YDALWYUDKL5 HXAURIEP23FP1GBH390XMCETSPOJPU298QS0AOQYYQXPU L')
go


insert into Provider (ProviderId, ProviderName, Type, Remark1, Remark2) values (17, 'JJ7N8U688OMTFQSFD65K9D7LDDYA15M2QKQQT3 0THMJH3AKWB2NOP0FBCQ83PU1K7T5N28JSX7D U877AVK1DMOS5HMMBQNX1WRC8V6BT37GTLVYFYGWS2B8UC8K8SH9374IV6I2DVNDNH9AFG8 6RFKUBH0LUBGRSDU9M698WXA F8XE8EXRDA813F0F031UEF0J20MG8WT95R4V14GOUBAL6ROPPV0LORSRJ1FHU4KXO0OQAACVD278WV49LVWMXJWVGEG6DT6ABBVDABCBIA30ATHWLJS CK6RFD1TAUBKO5JI0E9S0UJC8809YD93TBE7FG10VPOUM419CBY1YSO4DIVY73GT1YGUM9VW3K18B0A7TKAPPB4N3LCG4L2FJ98BIJGXS86M6RQAU76AVS3LM6Q4TU9JLNN3V97 K8UUYHAWL2JAEPB1WKC9M1R878NKRH5DRPWOMFIR IC0FQ1HQQI45HU08S72JGRSKE8RG D3QO', 'SQG3KI6CIL7J74ONDAWEABUGEVXV83X1G0A 1R1IDRLF3PAS5K', '76UTFMQ36TR AGETGHK66K45UKXRVXC5Y63GTLH JSRRJHGRAL07CC009LE0 MGOS05FMWFUGNIXNUU32O5MYXRDU5UL5QQLP33VTTWUR50Q49G7S162CS65 GXWNP2MOQAY 22RAYJL X27GXLC7VS02MID8E07P4A53QV2YMO1TF5T2K4HWGW6HMUO840DUF1YSC0TON9TNQ0FOYULA9MNPEELJK6W5LP44T TFDFT69P4F40YPFU 6TX4HUJ4RMRHSH2H72J2HT2LDWA12G9GEKIB0FR4TCX4X2CW  BQ9LQ7Q4JGUAAXYBFGJ8FJGG868OMSU5Q5R75 MHWX A5 CLB03LSRVMY  WIIVK1VOOFLCKUD 6VU8U2I57YSCFQ1XOG567PJBFMD2V4WV38E7HUPR8S93AE1CCLEXTMYHAFB3UOQ7MU4XP4II7WJFM4Q3NXM94U3IIF3RSU84Q194PKYG1RKOOB3IT6TESR28QV DX5Y', '4IY3IBU9N8OCJ3XM3 BA38ANEBW0JN7N1BGRGO6991J4XD9 8R1 VG2DNHW0GTCX2F8QTQFER19DSJXXIEJ5O5GSENCCB2HL P4V8YGDEU2MP2WYPNR8D2OCDX3NIJEGMU69R8VIC2HNTTV7Q9WWC8T9ADARXSPYVHR33U3UV5A8T0BFERHWJ4MDXXEKYSR8N5GOGGC09JKGUBH4ON95ENQ43F46MVR1VA8KH6KBUINGOTHCJB9SW4HOMLGUDUNTIA9FIHKQYA8LK 3VW4U0K61SD5P 9U3MKD019AVW0X7B9OY3T7N8F C 8LE4THN82P9F3WR2DHSA57G4CRJ0312B5FE25QK12D0PT1E6IVFB18RNIQP1N8RJ20TLV0X2NCN6TSNUWXXBBVU1H3L8RWO4 N2T43L1XIPA0R6A0CAGWMFDCO LLSV4WHUVL66C3M3MTSFFFUW 9E0BA8UAU168WO44IX2YBGYY8ANUPWBACJY8JEJO')
go


insert into Provider (ProviderId, ProviderName, Type, Remark1, Remark2) values (15, 'LQHP1TN9NRDQBQAPCRRL5BUSON1QFGCBBNBKMDYH48HCGOQ23TDGUIE 8U7ETU5RKRYINVSAEFX65JTKK7JQ 9NRTP3T3N54G3QSHE0BY7I6RFFMTWQA6XXIEH33GN822J7U1I9RB9AG8TB91PO6M69C2FVCK30 LUBBR52LY9J8 N05CEEL16H TLF NLWW7R6XLMKBIRW0 8TO L8TMI8SQY0GE53H4T9L2PU6J79BSATU6UPE62WUYH4G66J2KLAF7IN0OYSVEYVA5NQYY8OTLYMSPJ0NUG9MJNLEK9XMDRLD8DFBURJ3V2JEDG2V9RHK82 IYAFLVMG0R88F6T7O IBG0K 15PISV4 6J5A0HXMV1GVFT 785QJ82XU3WF71LLIW1TU6DE48I5BK89V3N875F LOV O44O9TB6MO98P1L8VAD 98TCITKNT2KAC2NYPS31H5CYWWOO16P 9BXAY H505E8X1YF48B2MFFK22B9P ', 'UEV5F5E8OYYYFDY76Y5O7HBTRPNRG8LTW3BJQ4ATCHA0FYF378', '7RXMGLA893J 7MO9HDWNLB0630XXBEIKMJGPRBIQ3492DJ8IHCCG45JV1SFK080 37BORSUYOANRMG79E2O89NKQGX16VD25SD CBS4K65APE973RCPLD1LIFP8ODODAH0Q681IFEPI36Q1SJE3VRHE4ET6N0XXOGKKAF4FHLBEVHLT7CTAYW11MHBXBARYUJTDGSLJXMSVMUGXF8MII6OU98P8MTR1D2YP5AUW0T9LJUV3NS8RS2BGDSVO35EY2WO EU7P83D1J49896GSO0OSIS4LXX1TVGXC0JXJ5T4E49XMR2K5SLG1CF64 S 1XO7QDC48LYXRHX6QUO57CCAMRE46TFG8G0AWJCVUF0LVIW2FDQ928UMCRYHGLJJDWIHD8N4URYCCOTQRBHDN0OX6GV7D4X7OTNEETEPUUCSI5I43TQBLUJGI7FL9XAFNXJ43BQFS290IRQ236TDFM2GVGIF35I 24R4AFUXYXAEB BDOWM6CU', 'Q58W1543LBHMTJR7R UPF G0OQA49QL824F5FVDF4SELTE9FE0SX8HHTA4WNSOXM4AYN9NQWW5JXMGEWRY10SMVOQ8E4DMNOPFRTN58K9PG8I1HXVQ05RLAK619JDT7A8OLLU2AG30HTUD44FST7WITR7UNH3HBNJM0Q2VJXS7OO0K45KUCO AQK FKB OX029AHL1YE9OYDEPNVX3BOQVMI7YSWFEDSS IWQXPG0BY7GO3AS57201BA4 VWVJ6K6JKKTQBU E43MD5KW 9AOHYQHG4JTX64963S6NKHQLPNEJS2I KGKT0SKTOQR8HCJHJJ9QHGA N3BUA7G0WCMK4N7TF284H95G4EHYHYA1RAYU6N29WFS6BKRM0QV2W4PJTNA74DTPNUW1978BXR1XT13VXN7JNAAJF758C8I8LXRTOSD864C38ONJECXU 9MPHNMQB8KCSG6FRJEHKWSSB7C2G O9GRWNB78BI8P63VV38OSUU5')
go


insert into Provider (ProviderId, ProviderName, Type, Remark1, Remark2) values (7, '6MJ25O458FCOJCMNJSFHQBFGP2K54WSW LE5BX47LWGEIUKD5QEAPGXNYFKMG6JOV9A2H6GBV0R4ETJUXNLWRXU733VE1P5FH12GS3DXN78B10GJT8AUKV2SG6D9M6M5XUCOH9DU1AK493J25IH9WBQ5 ALN57E3UXKPT59UQK9C OB7V0Y0H6B93B PHD1LF X82540WNJE38HVFLDL6CH6PON7K4H5E3EKKLBGBNIDL666TJ03RIA7D3JKESWF0RQMNMGK6 Y2ETOCKL3B4EYP3SEVWMTA2WH3PEISBLJVLCMSOTJR6I39FBPV6TYNUS 75XMS1QLU5VW2SR1HTCILGOSY9EDP76BXF3BD73CQ7GPWYA4A09CKS9N58EDPJ5DU SCG7SQVT0H4VS1KRK08MU688OK4RAT7CPR6YAID6D TNYUE2F7SKO HE TJ9G4V2HVTVJ5VEA832XDJ0YUKWDH0X2AQ11IHOOBSYU QPDICA9AC', 'FX4BLBBR2SX9ALL6T9X36FNSMDU9U1EYP9PD9EYSVHUHJ5G8T3', '015TGTQLDM1GE8MIYSU7KUMX4P2KHUDP28I46BQOS W36RIJCI8PRLVE2MP DUD010EA3VHKNL9G8D66AH8H29DU1OG2Q2V8P6IE6W60WV1YB6KP3 6P8 5C 8AWJS9JXIVQW3PGH7GCNOG538POH62NVMKQBPPPJNQNBPUYEUYE2RD3PCQWMRP8R0XY3X46F6OS 91APYB4TPNTCBH0 0H3OJ84H082KJJSYSMTFMKNSAE9F3FUFLK O8P KTJ6W3GLVNMLOS18CLI1EHBBAMWAW1RD0OBVD6S7VOXDKCBDE5NDU88JJL91GR6B CL82XASN14G93AMEW968YHSLG3XI5X06Y91 HVRFDNWXQ4SA6J 58OIGHRAAVDTT1WM9STKXPOETV9RKQK27JP9LEC6 G26OJX3YTNVEG694 FLAQ2915QR2DO7XEWR3TI38B6IPGXH6IMK0PN39F7YHWEPC1 DUNM A2HF6XGQ8R51UMORMGVU', 'E28KO9VG6WTLUF3RKGO7577FJX NJKILBVDVNB985U6SQHNV9LUBPEMXXX907CULN3CBSWYHC1XGDOQQY1CWN2LUU KIT8 7JH6B6042KDOX29S7A REUX4D1XO00NP47P2FF4OENLENPY1S0JXGM619EIPJVIOMVBJCN2BNFD99NRJOVS2VWCY0RCYC33BRRVDWJ4JLTCRJU62OLNKJ5C9P2 3RT1U77ON5AWMOQXODR58A0Y5L9M248V09TH67I3Q9LIL 3L2WCWFMYHUARVCP8BWKBX5R0BAKREABWMAC45QIAUW0PBTJ2N9G379I2E7JJHC168W4505DWMWCLI DR UXHPUQ4FOU9 58 IVR1 DCPAO JH5KCEN3A30BMA79SOUMCHB0U0W6P8CU6KB6YV1AYINW1TKQHLFLE4QP8E 9UQCXMMEYOBMYBIEQVRSEA8L798VVDVPQ5YBFLT08PH8NUYQPNQ7INKW45KPQ LW9P09P')
go


insert into Provider (ProviderId, ProviderName, Type, Remark1, Remark2) values (13, 'N581BWVF0IGMLSY7TQYOQX3 B8F24VXV3VVX4R42XU19 UBW21 67WC8JBUVV6JTI L 3PY YF0VQQ354UU8YCDVMYWLBV1K37G8L1YRDNPVXHO3OB9V45MTWG17W67305VRHCFQJONS9E8KGJ9BAO9QR YSFMJ4IBHW6QFUUNPBTBM47H5WNPAVJNNND8DXV770KMVPNN1ABELVO1H6WEI8PED7OCRHD3AR5WFLGL0R 7KMR14S99FCN6Q1UTLHEA8WXUIGNCDVKSVV958KHCEJXRIXUSJ79WSAD3CVSN1YCIIQ1 7IV JO WURAW0KE110LQX2D6BG47AY23RR8YQBF54K75787NBA5A2X IQ191U08UUMYHNQS31K7Y6E6L9J6MB1633INPK IMSKV5QSO4J5H5M1ROR8B10LLCHSN6MMYM35GY9 QLWUNY6PHK03QABGWIB 8WXBK L6LB8KNQLAY 4MXVGY5F35SU9DVQ84ESEK', 'Q5 O81JA53X3S61KHI2 C VO YID3S23DUDNTC27DQ71IUVYEY', 'VXYOLNS0B70TBM RMJ19OYKJDV94TERNYTKQ0F RE179KL9TICT2V9QSS8CNM65QTB650FKWI5ILACB0QRNR8OSMSVLISPLM6LLV0OUUMW0UT9CYRP8M5641JEIH6R0 B7CIF3C864LNGLUDLFXK5LF8USC3L3HMX4RCSEWR8 WAKIK7RK16OPPI G5FY9GLBQ 8KENDC3CPK1NHA9JOA67DR7Q94TMYBTVSCNY2JH6IV5DGS 60JJGFH8Q236 2AK47NPJ4HJD XRDIDLKO0A9H37IVUNSC4K6D4YBU93O19LJ5PG1XCURHY47HBHLG6UAVESKTMEP8DD42Y7QM6GBI0FTAMT73GTGT5FSOP3SUSPI4T0I96BMVQY2CROR8F9I420TA970P42IAKD414KKX5XFDV2NY3F 9VLONL6AE0V4SY71SP6EAR18Q3SIG YAFC5TVGVB41FOVBUG P2MONBJGKOC66VJEAITB6KJQXYR1G2GS', 'ASJ26226J9WDXAFIJVMO8RLLA37AKVF8FJ62CPKFU4UYCWCYGVVXQD2Y2A UVHBPBHWNFVGHTPFBHW4LGOHHWW1GLLFLQNSXQIHQQ QK1K701L8B2V3P3NNXPQJYC2WV1SG0JDP3LPH7P3D6GD5KKXBARV0WXE0M303R7AXK3GHR6JKD8IVNPWQQOLE4P5TJA7JY4T9PPL159V5AJ27AXPXHUW0XXQ80KUN7O1TC3BWJO0NE36YFL95Y95YAYJHMES3SAU0IJ8JQARYE4FMM7IYSC41V2T26RAANF5KDRA78YS75DTL6786O62  NORJ61IBMOG80XY4IPSL5N  46YK9K6J38MSP4P3C4WL5YL6W2GW9RMMIXNIPMU5UF05X0OT70G2HLRV185C3C8AY0 O3N04B5J  M 3SUYGXFS9XM5EH AW0VVHLHEB253UI8 4P IQUIV4KD1OVP  DTLEVCMDJ5WEPKTQMRGY79 U PKX7WCP')
go


insert into Provider (ProviderId, ProviderName, Type, Remark1, Remark2) values (1, 'S1GD3OFD3CMPN2WUT 2UXE8CJW2SLYWE2DHVTJJ2DFJH9MBVIWOE37HHS2OO9DRXYXP9L88JK4K5FR2EJJ8936IIPA7SJRYIIQ9C6M720O6LTSPWQKPMP43CU1FUNUPQD82LFHC5KRNA5R4YG6Y9RSA0C616S6IAMAT67JWDMGXG4RGDMXJN5SIOVYFS9870 51UDBCI48WVKO64NRVWROBPM4SBBFTYLG 1UCGIH 418E 8H04RJWNNAP4392Q98BOVM19HP Y30NV0NH6OGSP45962GALA45 3NN4MBYJTP34V6DTRIM  YMIVBABJ3VH4XENDD0VP8BABK7HPQJ7725FS703LERL1IGR9FMLTIQ95 0IX5NEWAJ1QLFFB IHJHSL1LR8XJR36 6YIWWXD0X7BXC2M5841YDNJIP2H9O8GRHN326D34TNSQH3MUE8J20NSE75JQOD7Y684UAMM36S2JIRMJXCQYFL WFCU TGQST4K', 'LJ9D5DL32S37LDN4U95QEN0TX6NTVO1A88EW3PHSWM5UQAV8MX', 'Y22YD969HBCNALOOIIMENW7QDK8WQYU0AXQ74PUF2D0KF EDUSGS9YDA3C993373K81LHYW0K97SAB6A8YS7W8T9W6A2XGX5PJKHPOKNBFYC18BWKHFM1M53KW1D8E6 NA9DHYTNK4MEFTU8SRE4PDPXXAHGGNW CVAY2BF PKUBPIM3W41XC8OLV0XQOFS9SI508NXA3VKJO77WVQ F2A IAMXREBCI1CLKB8NS62 QN70PTS48E1BS2KB9RAW74INQ5TOHD2KPG687R8M1HF777973CQHC4XMT3IWX4O3DI8UUT1YOYRW6OX1BAGYN7I682U0D0OLVQVIL41U7 RHSITH4BOXHH24MIRGQHNEHJ0T7VYCTALRRR IUL TV68OPELFL675MXY1 8HQT3SDGHFD XFTHGN8F82 4OQPVFF9YG4LP5AQYT3L6IFWOMTKV2DV7LN8X1KCSSCT6SG0 XR A7SUFW5N8E1PEL66RCXXSJJJ ', 'O5N65WYGCQEJ8QDH6CHEHJTH9LX3YD7YNYUM45LI1ED7D9CJ5UKINLVRG2F94D47 B9P2LD19JTLW28Q99VTA1H1RXTN9HGNH69MT10AMI114H8KAHX3E QDAY OGTC3XGJNNR 3THNYV9F50EK6MVEG9U7UARQ 4UY8GGIYJLJ0IIMCCOS52K7LV5YWV5AIY3S1N6L1JWTYXTEK2Y 6ECISFC2OXAKEARGU3D47MBYRL45X6TSMSWJP5VM8MSS41CSIA LWJOOJFS08JN40 BAOE YPOR S78T78AGB5RYHXMYW5U4 74GNIVPFCN15PQW4E S6A7315QP 0OCE95N8VPSWFCJML2MPU5L WKNSMRQ948H7GS5QWFGR94V8WCVG6CJUVCGFGND3KOLJMO32004TOO7RPLV5HF4I6WNT9UMLFW1P50CTOAL024JK3R2LESNDTHL053DEUUC5Y9L9GYXGCXKO9M6V445KRB17VM8XYAGH')
go


insert into Provider (ProviderId, ProviderName, Type, Remark1, Remark2) values (5, 'DWTRWAUOXYR065Q0VBUGAU8R34RK1HH3VNED0YUUIAXD9SHD08XPBH7C7ISCXKB3N05LGBKGVVGGVYIFMLQD9MIAFRDVBWCIWF0MTWL1OYS5J7DJ2TFA031 YNK6IQ40 6BU7QASNPOHEGKOL4EDV1LF QTBDPYV9JLS74RII73P23AHLQESR0O9SLPMBUY31MQ60VYQ0GE4PUH7GQES30LVMN7I9N 9RGUUB5KMXC3B1VYTL3OTTFF6R8JKP QOV CSAL1Y2N4W8Q8XGPSGG22UKM7LL2L8T3Y8Q5O8B3JQ4EORJEJFY356EYYGGMTI3ILFW9IJI9TTYAD9CW3OX544NAV7DQES9WKWMOCPLPO9K58 FST8F769QMB3XU4XTUE98OT3IT1EA7X5CLEA2QCW4SVI8WKIFTXCMUAV7X7N00WMPRS9 ICXBLHYY53QN77168XRPAQN6LE 5M9NVRSYTQB48CRG6ANGV8P511F5PDFEDFA5', '041D5D6LFU 2GL4VNHB YBHPVW1AU0RU8ASADXUX NFQ9A6YQV', 'T15UY5N9CS4DNYSWD1TVDIBCGEGY1 63L8XK3VX8S14T6HKGMQCGOQMX0D4VNTGO0LVTNIIGXMVQVVSJAX7O7TEV5LWVP6DYI3AYUGCEPYBQ44M11S3NTN9NM7KVP16D158X 2LNKX23D8H 5XI89100LTOH09FJ2JLEELT JTKP301HBAOUFOTPUCK 7P 6MG1NG7R94A27R8AXTCPN773SO7C8P2X69I0MLYILCFJTYJHQJUCEG3KCX5XU4XPN2POY6SD6UPSE6J5KQ08J6S6QWFX0 VXRLG2VOL0EQ1DK1P57CIQ6AM8CILVNY9MV2MYCM6ARMPNH6DIMRB21VT9U6NY9MI J3EVWH8G0QFP18WOWXW4JVI3 U072NSJFXF7SVAWYRCIQVFBBA3OQFSTO IEWSA4E9R0WAXFLYXQRU3B9V57CLJU MD69Q1TEEV9RFH2325UYWVXB6O0QJOU797UC90YM4KLMWB3SGA2TSPO8BS6X', 'GD9BTOEFY1TSA 84CJHR5IXQK2N6YXHFNPLHD OCWRL9GHKOAN9E 0H41FRT1CXX00L0QCMSNT 4 NQ3RCVIERA0I5K7G2H2KE2SH4EH9BU 2YMY00IRKK36U1UBIH52WGKCALGCBUU73RC3WF5KN51NBC2THY8A46GUVWKEWACQBDCHRPIWV5HJUPM QOAATVV4Y4PVN0M74XD8JG5GF224T6JSNS6S6CQP9964QSMXWKDMLNCJNCRU57QULC1MVTQQM8KNVR4T27M2WP85SCRBBOVF199S4TD0TRQ59HOI3TO6YDMX6AK8AVDGFFKGODW0PMSFNYM8E5EOSU747DYKNFGI9KXYUWBV6D7IDK1WKYVIXSERAN0CDG5V2DKSE6IC4KNI72V33TJOG5FET21T3E7EED2JQF2WIM4PJNR0LA0EYDAB8HOCY88NV381OACLBTVM9Y6KNSA3MBQF2QVFJ6JT3W57NRJ7IGGSQXCAVNM835CA')
go


insert into Equipment (Id, EquipmentName, Code, Standard, Source, Price, UpdateTime, EquipmentStatus) values (7, '6RY3DL87FBK84QWLQC RBEC 49713DWM3E6FAFDNT0O6RE4EN 2VVLL6MB7K71VR6XML585BVDMXXIN8F2S5F6HDO072F2N3SE72', '5JS5DM12 H54OSU6 KEY0XN1TKENBQYQ30EBAP6UQ22M53AC2BTGC9MDHU1RSNPHR3L5QJBPYEDB69K  11Q45BESYUB43D336LDWL8K NOJ0QISP0D1TBTYLL2QD8OO5IURLUH28 WRIDP89FFQJV3FSAAL3O3XX93B5JEI2C9MWILDPG3DTCUYBIBMDDWAHHF6DE2SYQ7Y4TBW32KPRLKB5NCOSR7SW64NNLDIDWJOIET8J8CL10KX80PTJLT5C8S5XL XUNAY RVD5S31U9VUMQ47A4DQWECALCDYUKT 0S 25GV8TJBTCXJ69XAJTEWTM7Q508O8JTGMPV0J8DJ7IL9A61R99TXOKW3PW2SA3KC22M2FVOX37NR5BWR9I65XEM9J5HBVP6K1H5VJ VO6LWVLIC0HUWKTPWS5EPPV 6PV8UNPGNRSV3OL2K3MKBGOLO1PEWPB I7JOXSVL8WY7SK9U9AX0LF4OD42U7CGCHBO5N 6', 'LEUR658BTRRVUQWTKG PCI JO2RUD A8Y9J3LTQKG4A2 Y1SV2OA89LEXAH3A1E45 420T3UG79314AS14N0NHSOG5Y TK1ANMTE', 'AH DLXT4M8', 12, '700-7-2 3:10:52', 'V6NGTTROAA')
go


insert into Equipment (Id, EquipmentName, Code, Standard, Source, Price, UpdateTime, EquipmentStatus) values (4, 'RX6NLN2WQ7FKY5Q5KPGBBKYJ3QJWEV6IEQVQ3XULPY6H6ORMD7UEK0I43QP3F8 OYED9D86SYOES11 FG0NNLC53Q7 ABDDJS0OM', 'C5MCVK6WAFPEJXBS4Q0RHIVN9XYK119V3F9A3VHXAL7MKC8KLXCW3SWDFYX5R4UESFVR80N CKHWKRLFCLNBITAC14S1SSCCYXCFL97REMY5X24L3P5HK96CVFVGLUKGK5BKIRX70GUY7 RC5NWI5SYF889DO MN7Q93FLWD846JX6S5B9R67VCOWCVBLUXYXMCORQFHO5OTM9QPXQ9WMXCFAYEIXY6MC9LJY05WEF BWOEQWPVTEB738M9U9P9YMHRMI9 637EAETX7L6ONJ9HC5EPU8HHJEIFIX430X92LQ O9YMPT2W0W0ORQJID1X0WES8Y8MNWPLCB4HUMC2AUPA97BUXOAV C7N2CUFXLUQ0R753  NDGU EO5XSJAKVMG519 3 KUV A2H213W0GJNOGDI2A6SLFDXG00Y756T7DHLRWQ1YS7C6RSEMLAUC8SMK7DTAC0BHTB0OFJ7WRDNBGWG8D1MUA90GQP2DX49JNMXP7V', 'GEUQ80YINJWBRVHH3VQ2FFADMVNTDLJI NS0QYBGIGC39YGW4 WEI6CTE5V RQ0FMO2MFT7UA1HX9FR7CB2Q0XVGTHN6VBRWID2M', '4IAT4Y8RND', 16, '1111-7-26 5:39:18', 'O6RT07FVD1')
go


insert into Equipment (Id, EquipmentName, Code, Standard, Source, Price, UpdateTime, EquipmentStatus) values (9, 'KHHB5PCVJISLY STGFJVYO2PMYG8T2HVTKK8GS3UPBWBKAV9B3H473DBTNI1HHCOA6EOK1GDJH8YIK9 D 7KFR5LJ05BTKJE6YA0', '9F14FJ4JMO79NI6QCOTNWYL6GKJ4O23NI92NN 60FJL3KI 1T97DNFI68NUCS8VKKXVB8VSXNPA71UVYWYL9UVKG4J5GSGN1HHEGGWBBGWGC0T304BJQFM2CDUQRUA0FCYXK00 W3PKE16NF3TXCYE3V668RROESA8XB7NRYTMBG44C3HRYUGBHOS G5T  UG5AIUPEIV2QRT5QKWH25HYX2KMKOVYPX0E148CF6LD4P8A6Y24 A57T1RC0B9RB25MK9986ABR0S0UT6PRRH3GD8SCI8V DW5CJ9CFPTFD9Q9NJOJDM2HFKW Q0M5L6S80XIEEYBA70FQU3MEU7K A60THT01 SPQYVMV0I4D9PTL2XU30DOVMR6PHGW1X3A0FXDRIV54D 3N9BTFJ77VENM5JT34ORUDLVMMK9Y29UL4VBMC1659 XANEYHVS7B8IQHHAMSPNKSVOP2P2 NW5JQQNB3DAMA15W4X6SKL2NB7X3LH L ', 'BV65RBEU0P9WDB86NMC5OW716Y3ARNF9 QMJN9F CNM6T9Q1RKYEQA17RQ2NI95XGFNUQR8MJJCXDD5T6JTASIYM83JM VF6DE6I', 'E8X4PNBQCV', 18, '171-12-4 1:8:35', 'X34TE84ELA')
go


insert into Equipment (Id, EquipmentName, Code, Standard, Source, Price, UpdateTime, EquipmentStatus) values (5, 'Q03W723 IT7OUR445GFTCHAO9152QHURPOEHRYY2UHON V UEB UVF2WV12B68XISCJRD P1BDDX1RR0QXD6S4XT83WHVJO3USH5', '54350SJ58M227EY 33BTC0YY17X9N6ANUH4H3BM1KK8IA0UJMCKSKVJORKBV7UL8F8T8KIRA2DRARPPJOMNAXWTKAF7R64CIUT6K5MIKYPXJ612R 3GV3BGV4ND2M3NEK 1DJTOPXJV74KM9T8PQS8D09GAFOOW L0 6F5CPAEJT8MF6W VOSNTL7I9AFQRIIID3MKVPT3JL5KSTKO67TH9B2VDM327CBIBYWXW2UXDDIMBON1PGPJJ2F G5TBG1PGS821D68IAN2WUCI889BJOWDR56T20CQ7G20KHPDYBNKFKN2SD1I520MGVRESP230U9L2QE6Q95Q5WIQOHX6WBQBQUITWK8 I68R3W84RONEWL0H9QP97CL6P0QDO 24TJ3G 1869 ADGLESB3RQGD9IV6FFCLUSCQLN2GPV0BVKG84O098KVTK05U6E B2R1F5CKT082LTUF1PQXPUUOGG2TCBNNDDD4XUML PVYJA4WVV12S ', 'WKQ9I1NORTC4ANOPO91CPX5KE2SOTHYPYD5IL8LJPKIRYH51B6LIUIBI0B0CIYF6TQY5RLYDYL1NNYNGKTBIUJ723186LGWDD6Y3', 'WNI3Q03 VD', 9, '856-7-2 4:4:27', '4KU57661LU')
go


insert into Equipment (Id, EquipmentName, Code, Standard, Source, Price, UpdateTime, EquipmentStatus) values (15, '6TCVARV5CRR 88 1RPNHG52I2PII57YMG4BNL9HL82KAJLX9KA855KT26W6TO5JWEF9PNYA93T MTS4BWUY5H23FK6MCTLH9A54G', 'KVD3ILTQN77KFBHDI64JVKN0D8UJ6SIOUHUQOL30UJLMDQ1567QBWA7ELODPCXQOUDGVIDVGRCMM3UA6OKJ53TAJSG4J6O3CNB53FULXXAJV2KT59 K569O50N3GXN0PH115FDI0XX1Q78VG344OE71OD9IWAWNEJ5K  OLWDOYU2KJ2EHS8ILQ3Y6WJLS0S33HM5WOHUWHXPOPNGLEGSR05X847M7UUEDSBHNA90W2VN4 JJS564HR6F57VPCN8S8SH2UUGLTGP0UUP0BGBTXS7PJKMPWR9LY0LJVEXBQNNG6GS6F01SOLV0XUS1VBV6MCE1IX3XNX33UT1H4ULFOGKKRYTNR4PYBWRAX477GWIO2OFAG6FRDJ7OE68YEV0DY3NHRH0YXELFEMK3BL47INGQ3YV 21PVEM9DY7 2SL62R OCIXESAGM1Y3L9FSEYFHW9XD9DMV9XLUPKPA73CDN13NHTL5C5OW2XHTMT YYSO36BL2K', 'G CODQOVAGAODL1UE2UK HQBU3EGL36FNQ3KRRFQER16OW17SMY  W75IAR3GR FVIEUYAJL 0M1JYQDS44XJDK4CXMR FYG5F6Y', '4FWMDNWNA3', 14, '1727-6-28 8:56:28', '0VGKQ5JYVA')
go


insert into Equipment (Id, EquipmentName, Code, Standard, Source, Price, UpdateTime, EquipmentStatus) values (14, 'E96QA37VR1AELAF 6UPINL5IJYWOFO2IA2TABSM1KVVAGDGCGF6YW AVB0OU47NLBNNULSW9 C6HAT731UU R7W75XF1SWNN NV1', '6OO53GYQ91XD0QEDRV4IC9UK15GD5MYPNPADQXNRPNN452ULLOP WSRKJNC5O9X N818F9M3TRPQ71CQUXOTITAKP7 0KV7XUIGCN73DQ064R 8UH32F7H8BI6G7GNB7G6VW0AHI7L RK267YYIU2UPQEEHK1Q1P8AGS22KGHYUVBE599TLT6T4XE3PK28IDE91LGWEEA379R DJXBKON9452WHEA31DRYDHS49N 9CFORCS1HJIP0NQFUWVJ5C0ONVCRYQOD99JVIVV6TCYGN 94DYHK7AR00SN2IP3U8SC6Y VG5LC7TLG9CBCBX38436LGUCOAPJDHS2YKTRQ5 B5J H8LWA7XFU0QV3F4MVOOHQHNG QLJ6D4YPLDMLMXUCDNGNDBDX2PIW H5AOVRLARD1KLI4J3N2T1B0SEQP J8S39FEIBV69PNCU8U68WK64S4G3CUVG6WUNT7WVAYUQQP7WATC3FOKSTGKTQBY9MPTMFQ30', 'WWM0LTIYXYWDPTMO1Y VQCCH77043140H2GRD60DYXLADGL6WI 8G63173C2S7RSP68NVG7BNW3F76W0MWA5YJUR31D8W9DOIHBS', 'WR2LIDKHR0', 0, '1220-4-16 5:53:50', '6HR2AEM 6N')
go


insert into Equipment (Id, EquipmentName, Code, Standard, Source, Price, UpdateTime, EquipmentStatus) values (1, 'MU1VBU7319459FTJRX3EMDM6SV3PE7H1XLBCD5SVL6WPXY 6HT8JSAGWK1C03QBS3M8CIIKAV0H1EO13GC2S95XGJB1X87WTPGMM', '93SD6S1RULKNAI0V0S6QN58SYNS5YS2XL4IYWM 6X61OI X6BGEPPPS49R0JRFQ5UYSGAB0HOH5 TEO3SRNQ1TFWNX57S8QYG9M07BVS7DPMCI9PDXM1DOUKBW2SF4K9 OEU6L3QPKPRSGJQ6 9XWVD3EEW1OFEL TOE4FYPDPGRER4M9YUYCG85515V1X9632D8KKINFEJ4YDFCQSVR0VF4SBHCJP XXUN4K4OB51TGQOMNQ875OWOYLMXOQE3B4CYYOM3XU1FLKEOVH2V3OTIBWBRAQWYKDT1Q015JSOUITRC15UBQX8AI1LLP5NQIFAWQ6P2QD3QAD94TY64BR91HDM8N5DAM1RU8DDUT D39OXCI8G9C5APUBEUWF9E3 3GTA68Q1K7SO54581 CK8WWAVTK6YGQ25K54QS30INITP9CB5Q4 B3JRYUQ6DS 6KC1O U4B2756THDU BKX9ID8BWRP F 507H7BJRJW1M92576KSQ', '9HXI7Q192H8FPV P4YCP0VVLK  SX7EA9GSBP7AEFB0CO1E7EB4J4CUCIGFU1EFK0Y7RD00K80IB4Y32SYFOL3MT09D8W3P2B2DI', 'PV3YS7DB U', 19, '1640-6-16 8:35:37', '5EKO10S63S')
go


insert into Equipment (Id, EquipmentName, Code, Standard, Source, Price, UpdateTime, EquipmentStatus) values (11, 'KIVEW26MJ5F8AYHJ7RTR9F20FVLCDEL6 8W MMI1RDE2N RB9DNF74LXVFI8RSI2O2LG4SB31RYU6PFTNLTNX 4IA1L1JS1K4UPU', 'F34N9P94KK5IXYTMJIPJ6MI 6GJGSWIU4DQ8DMHG4BM FT7R2R2QTTBFIFME4U2B4YWO5LBJ8W7JM MCMN373UFCFS5XO6EM14 78 XCAB1VKMM N7YHL228KSQMXMPH3M3PA2OY9 4F8W0G2UQQ1RRT62OPHPEQYJ6OY28MMS48QVXPED7V31CWYN33V AEWEV902ISCYM15HPRL0YDIYUH7 WCRUDMP4PD62R1Y4V6ML3W9DCD1HOPOXSMSLYPO2VF70I1KDXQA  IFIIQHHGXQR7SLGN5MYGMXPIQQ4PCCAM4OVEWNP4J85ECXJCKXX9Q7VU5MBSD14KG7AP0EWW7K5EIHX5QIJU8V4VGT6LSMYJDM0WUNK9PN8033IIKRRN8U171KFCBD7OV5Q9VA90YYBUJH578PXSH32SEL407L4B5JHU6AD51FO81KL5WRT7GJIS74RDFNX4J RHIM627M0DD5HO10MN76OO9X9XMXQYICFSA', 'FSNO0BOKM30URKE2PORJRB6 M6QIF5AV40YUREDXTSAAEAUDPK543 2SEHBN53NWP3W92S4 DBEA8NGYW4XEU1Y2CQKGT317HDSB', 'KOQ2M O4RR', 10, '1053-4-20 5:11:26', 'JR0W4VCFD8')
go


insert into Equipment (Id, EquipmentName, Code, Standard, Source, Price, UpdateTime, EquipmentStatus) values (10, 'FMPOU5WDK8AV3GFC1GETX7HVGJ53CUPWO22W6QT6LNEGWGC050GYITPM7117UQXYY02 L62E V4QTEBWVYK8F9GQM68OPIE2H6NB', 'AXBULG5Y5EC7 XMG2P8LDX12UK2QWS5KCOVJVHAXITY3RPDN9NH98HSPSCYYIIR3VJV M1B153PL C TTJRMX134BVB6KPJ9YCR2GEHQ2IXRSNBNW7N3D4LJVX9I V82R0ASJDU3BACRUU JNG2B OQW04366XE8G8IBM19SXHXXEJEI904 R0QRA0FN67B37OP1VYCA 3XS5QQ7XF925XNBB15IHE1N9WGF42GKL1V FV0 W99M8J9GQKFG3MGLXDN5MQUDX5JC SXUHV3UKE3P7UQEMG88FFEY7QF1442T6Q2FYM267HK9E3RE5TQI4C5VA7 LFLSKWAP1NQQ5U6RX1DKNB273DCM OQ0P13EUIKYM BYFL9M8WMEIAXN9KHSKVBUP91U4Y0PSBGUV4VVCRSWIRMSY4RY3SBJKETAYPILT41UIPNX2FNVB N8SG2N3WK XRM94Q92OUYMI2K4TRWHRO09 47PC97U3QNJJL0DW Y56', '1HAWYU1XEMNQKMIBCNMRPIU4BTR3U26K9U0ICGACIJLE48M0JDLLPESV1AVJ4AYPXM8B75D Q6B7X29RS75ULSD6V0B4P47KQ1LG', ' RKSBXG1QX', 11, '1350-8-13 7:11:8', 'CQK5FAEYKL')
go


insert into Equipment (Id, EquipmentName, Code, Standard, Source, Price, UpdateTime, EquipmentStatus) values (19, '4HSWJT507KQUWGD6G8TEHSICIO0XE92FE4W438ERWNVDYPQDYXLFNLY9E4EUYTT2KW57IS2LBPSNROSMVTC7Y9WM03 VDDP3A4 Y', 'H1FSN64T520GJW8QEWJ PY78BTGQ1OQ SVQQ0YJN7NCTCSNBDL993IKGI563MQULBAL2QOPK8X 91CMCUS15D79LAX1IBLCSXVFXUOV 3HDNA044W8NK0R75AFF8PMCI2OD0C7KJ7BQKO5E897M3KXKTOEG2G47VM5EQ9CO JV26X XC3CB JAUH7X0LA9K33487N789IX8CPOK95NU4KBR34ITYV6FNHUD2MPOG7QRKQ9D0PL417FCU54C00V 2CX4RBPOS3W0 TPQQJ2TX5YX1M2U7E8Q4OHKAV 6NAH6GPW9Q09EO2434D3BQX4GN5 JBH8ELEX4F9LWIXW3SM0PRSCMEE89PU8O7E WBJ2M2BGWMQ2YEMOXQRCCMP7HIFKEYUQFPD433R4OVB6TDT27 P3UJPLQE3NX84W2Q3TU1I1276677Y08KKXAXETYVJK8BKR6MG6XXJL4P8CI YA2SWMN7O9CM1U16IJFPOP5JS54L2DWJ', 'FSXASMK3D2OY4JEJQ2SLCTQ43ID7UNNSQ7SYVIXNY6F8X48AEGJXF IIP94Q2HLQ112UQTO657DAB89F04F1N6YT05GIOXIG7 8W', 'R6B12B17RS', 15, '1285-2-7 6:34:50', '1M10SHVMU5')
go


insert into Equipment (Id, EquipmentName, Code, Standard, Source, Price, UpdateTime, EquipmentStatus) values (0, 'N3MAD79H3C TMXIXCA SJAXL0BUHQEOSGNWRI1VERJ145L7CQ44AQS8D4WIFNUBSUTW4QI0HL0YRYMEU35HRT3N62DFAAVORUXYL', 'MIW0ODLGM5CGECXHBAPFL85BBVQAOCBCU9DTHQOF7OQCVD7HE38GI3BA5WUCOTFGM09YEP5JHWJGCP038UIK9YS7D8MH6PSNT5R91O2SKS317E6X9D9R8XLF2TJKSAMDHX8SJGBXL8 KB0E80EJ3DIE DICMPC1OMKCPL8IAO03M5G4W0LPW3MRMH00TM TBB44EEN2Y1UM N4KJTHBJEJYNL WISRMNLNRCQP5JVBYKCORA1IBMR132W0L6 MUQL U6VUQEGXVF9CH3A2UW970JQIXIGXOBG 4RKWLI03CUYNBF9ED8GLDFBW192E1OEDQ2729KW6O4JKMIMOLOF6LN0EEF7AQVKR15M11TGCFVMHI74 KGU9WV68P3P39K8OPD9U090SHRC4XYHALWUL8D7GYL0TX3OKN50Y3H0HWMFQKXIJ7K5DE2H2DB3VTG6R32C8XSVF6I2VVY0GA3Y4YMH KUG1T83JJV9XY23FYL1J5IUS C', 'QVYJGUM3SEXUW4H01H0CMUN0GS6O5H AMINCEPKMEPH6JG237EGX0X7USA9WS09BRVGSLBV5THVQDYSM8TW4UVXTI1454VCF2LTR', '0MTETHMRWD', 8, '270-12-5 1:30:5', 'K88W6X7RPN')
go


insert into Equipment (Id, EquipmentName, Code, Standard, Source, Price, UpdateTime, EquipmentStatus) values (13, 'KBTKFF0424SJELL1K3RL8SGIFFE3G6PL0K737CRT1QV7QM63A5UX18TRFRVUPP2OORX5U72IYE 64BA2VW04WL0T4KAQOI6KPTHJ', '1U68P DY1HKRR0RHAPDX4A85M4FPW4PAPX9TMSVIHUH LAU HP8LIN8OLGIA2052R40 S1HLS5TI0B4KEDA T3JTCQ1QAUC KN6XT8VFMSKLHY7M7L3MN3YCQMC5KXHI 46IAS0C3KG6H0 OJP1RL0K852N8VK57FH9BT25XWR3SJ6PEKD78B5SKKLWE9U7WV6FI4BSS7 SQ81RP RIJJP8MF SRSTOGS1IYUNQTTAOU32 I2COXXSWTQHUYKG106A25S63 X3OPRPB1L2559E O1RCFQMWSLIG9NS7FDBFHV95KU97RAG0 EWE6F2952SU38FRIG5F14X0LNOUWUSQMEBUVUGBO9K55ETNM2BWW7VTQFFWBS39L5WAW8DL19N2I0N2GLUV9V3QR03 JX0X4CY77TBW5QB20WIKQY96VWJ5MVMGM84CK65QHVNB X8H30VUELFEB11TF DGEMTGFBJW0RP6QIGAUB60JIMVN7DPET4 8', 'M3I16NWCWEL5U1O6O1 W23W85AT8XOYS4FPR3D4OMIMC5SWY7RO6DUKJWFGIBJX3SI12TBVW3VC3W4GY36QWW5V3FBE5PYHIAI8R', 'RE85OK3G47', 17, '103-2-16 0:37:43', 'QMEQ9YCUIG')
go


insert into Equipment (Id, EquipmentName, Code, Standard, Source, Price, UpdateTime, EquipmentStatus) values (17, '5FB8MT96GCQS2HVA6L5L6WCDNFRUYL3 RDA52F5SQWCUK0468NKY2OWO7B9UO8PR6 WJB3BMJESH3DA3WM05RBCQR995CHX12P0W', '1HGD2OFSTO4QRGD SPEE7LSP664YE1P9HDT76FWFFN3GH4A FOLERE2XX1NPAQ56 N9XY3M7YOAJ QIW97I3PKFFBE3AK5KFMCVOAFO1WN6T5 4FEAC660CYDMKNUO31HIYQJI KQEK7B 6 YWIIU24Y00ISA6IPOY4KKW6 WOFUE7BK1UT5TGTHBRLXLTHUDJ8QVIQ8036 WL4WTW78UB8AAYTDY7EERWG1EPVVL8C1QGWCIN15670Q1LDN3EG40N8DM7L38JUMGHOUCQWDJ2KWOLTEBRMBEBATN6PSLDVG2VD5KJMJ982GDQ GF6NY8BOMY6SIB VE62LIIHEH5HHR9SXRQV3QSYM4O66D4JKKU3RXGSL5K0KVKC1H5H9WEGPWGJ0AO5 4R940RP NFCUEJX W128FHYTNF17QTREE1BM3V9IA4HLPF PFB3WYDI17AUHU9AE FF135HHGMTXSKVENIEXRK1TL9LAGUJUI36YL18GS', '3H9XW JDCM3C3G2HN9ANVX19268KDGFU6E8AO88C869 WJWJ6U4LC313YUJDTC GUUE72YPAU56DBDRQIXGW MC0H JSD0JWF4AJ', '1RCJO4Q58H', 3, '755-8-24 3:32:15', 'QN0P9H1H24')
go


insert into Equipment (Id, EquipmentName, Code, Standard, Source, Price, UpdateTime, EquipmentStatus) values (16, 'XIRO3EO5DJR3BD0UH9QWJUFT0KLN VS1XTFMMCUJQTPWMQDU2AR5VFT27Y95NSOUVKWSHLHG 13T E64UNY50CPB2O9PPLGBVOM5', 'F5Q89UKDK9QQIEU 38W1F7VTTINV2C8 JNMEW10G0DKHOD3O27DOVVWVXUAUQIX IY26UIRYWSE8NMT5 AI743NU7XQ1KE TE287J965T11WXOJ27QX039310 NQ5G1PUE6RG5VDXY205147L307RQHV8KJS2630 SMQ2XS6TWSTW4MIKHXJ4QD AQLQ0UCAHG6PWC28PKC5U5F329MF9DL54UURLQB6J04XIX7EA1OJPD87KBTW6Q9A7R3QK0UJWJMAH8YPTVG55VY92V0P0RRGKNX5MO0DUHKBENB82Y4UXOTU2LJ6WBRWP7P6IQ5T5PM8YGMDBN 3UNCOOJGE 570QFKN32Y74FAVSXGKGP12POBNG6M1GYCD8RG 4DBYOCSRN5PFT83JBFTSJCNEJAOND21DHFGP6J4286ISASS LK5BMDYJHO0PRKUL3QU9JH5LCXBICCGHFM0JTWR2MGFLMY42UUBI82FVQ9VRW9AVR190X01B', 'NFTQQYBTGKT3I4MXS5PRL1K I0AKY2PQM0R69CRCD8G7EO0LPMLJU8LP FBIAH2SF1PPF43X2P1BSF2SMP42RB62L8O N1CCCS I', '33DSEGQUJ9', 5, '1458-1-7 7:33:7', 'FAD9AMPOPF')
go


insert into Equipment (Id, EquipmentName, Code, Standard, Source, Price, UpdateTime, EquipmentStatus) values (8, 'XFYVIAPXM1USP0O6BUO363S6WD3PLHSBD11V770UR6 5 E0860J3PYO205XC5RFK6HORGRDXO8KNOBTW YG5DGPIRRHS9P9WST5X', '7YAGPAXWN4VK8KC0AW4RHB7JJ75E59K8ND7M813UKVUO2P1TVJDX4OYKRB3IAIUG9S3L138BKCW7RKFQCQ6TBW0PGKVBN289IA70EPQEOLVRXO9VNXE581ODP1J 2NTLTQ0O6LRT0P 1NY0 RI4SFE0KLPERXEH1NY8IRVAXNLOVKQYINRTT3VU17F245TXUJQYO3 1SQ2PCWP6ICV3DVLU5R1EN6UKX NIFKXJ3GV3LA2HPWY U08DWD6L5YTMTLAH67X36 O4 0AIJD PO7RO0BH2H I5RX4RHISS2K1E TEN WUSLSMORTGJRC1WLMGJ4ILHEHES90O3TNE2DJO564H17I GWDL9YSVTH 5FNEYSBQDL S4MWLYU6OA6TUPO2FL7CFKQ2ECIKFBSKFME8J0J9EC78RURN22VL6SGMUGR7YUAET8M5CUY3VXGLV0T1W3SHLXJN69VJKC0XXF47FH8LR8M3 4GSKTP03 AJD5WLK57Q', 'XDCMIDNINM5MC59NV29IBSJMB88CRI9W2LD8OKK0H FWQLBN6NK34DDA1YBG0AEDLMR6LIG9DLU3ONTO7NLK34ZX4JWXK4OKVRYH', 'CSPC1JKAXX', 7, '398-4-14 1:56:30', 'OJWKXYK8NF')
go


insert into Equipment (Id, EquipmentName, Code, Standard, Source, Price, UpdateTime, EquipmentStatus) values (6, '8BU4PJSV8LRG6JUAC7AC10OO6TVVMU111PB44D5KMHAU7PDPF7Q NNLUM3KQ6G6RW2G6BWFNEOMML42OVT2MH9PAWXHFYBN1B2M9', '60KR6VSPAU6JWXIJDT8Q5U9WVWQ AKCLMBFO3UBO8QEEH54500NX9BAGQP1 4P8EQYWJO6SRUBBRLFQLSU4HW4G4I77LGNW7L3 NGJGGYEQF5800J2G0MU7Y8DIDODQ8R5GU HVEW7BU40YPMVFP0165JOVMAQBWE1XOTHUDJDE3F2U4WUEGO5C3LV59RIKO42PENYHDCW5X4O7WS1OS8HYB19UUMEPB3XXU255F67KR8YWS9T9WDAJH3FAME05M3RIJS9JUJ6BMSX PR0YNTPWGHGNGQTNMB24OJGK1G1X9YLVQBVBK8T37GRTW68AFJS921NGKFGP1SS84H PRGJJWV7F7ELCF28572TR6JGQ IA19ADB27STT020533E1R6V9GS7QCJUSARIODJ1 DBWGQ0RBYUBWYP7018XA0JPRCR54VAKNSS0EG3QTPXBSLFQXPT817ROYXTREFWETCTLH2TQJ48RN2AV4B3QB2W0 CAFK80TX', 'B97SU 293PNF32NB93CPGO3OT JAQP2WVW A13M7 7WSG9RFPATWEISC9MQHJK2SFC9OM7SBBF0SE2SKKL0XTIM5EUC98TQ72ER ', 'PQBNSHSBTI', 4, '594-11-25 2:43:9', 'TNX0VRKSM5')
go


insert into Equipment (Id, EquipmentName, Code, Standard, Source, Price, UpdateTime, EquipmentStatus) values (12, 'P4P6KAR1UI4PHV4 GBO5U3HII2VWEO4YP3BDSRI0JF3FMLHJIBHPSS96F7ILRCVKQMVM40E29CUM6KJDMJGGMMADA7JHJVP CIAG', 'XWGK22BW1MFLCMREUIEOD0N6WHIS1PV3JENSE4W39U9VX7D47DERBMEIXLNE4GD35NICLOMWOKLVU8DEG 6DQLRKUQQV74XBQUMPQVER5BY5NAA0MHKIWA2O1X0UO  TE4XDC6YRLM7HFDFBPYIBOEFQY3Y5CRND5HL2KJSP1TGOSTTDUEF3F1QD22APMKXA5V1O1950E63TWHCV6NU83QNSWK4NEUJOI428X35QQWU2EKM8SINE2ELXY9Q85J 6EYOVX6LM34OSKO1FXO1BCFVCTNRWU L6025 A031JRTH3TS5SSGXFJE83827 WGNLY31SL228SSSAGVQMAL9CV1HECUXLDEAF5DOPAOD90EJXD16PNHLO0CNE9JWA 2DRY5QWSXCU3SPDTS4B6EAHWNVS5W74NXXYNT5OCJ 6QAEGHGVU2YWEX40A3W1RQ5JDG31 H1YHFLWMD5DNHX3MUNKO2VSD PJCG0P76QK1LLOSYQ84GIR', 'Q2MP3IMMNOD4 TSF7P3 SANX9EJU UIB2TY3DKQMDQX44LA5ICEFYGBULLT2DBU3W EV9NLBD7M99K0188JPIT7MQ5MUHCBRYKE1', 'PDLQ39XM6R', 1, '491-10-27 2:17:37', 'NO454EC612')
go


insert into Equipment (Id, EquipmentName, Code, Standard, Source, Price, UpdateTime, EquipmentStatus) values (3, '9CSGMNF8JVG7S72 RKRKRC72EH5S0GQJCFT AN8DMX7H1I6161R HW11JUK8B2PR3GD7XIYBYJH8GGVLAV0H60T8Q 26TSY3SV6A', 'SVYPPYEYMJFTCLSKBUPU6MIBD2WSPX3W5KI77LB6S0T0TS07S9UE7PVKG11VVRCOFYLL0NRCKB7D8VIDNNSJH2GCHIE53PAEYE7X1R6FAWPS4JEYGKY7FQBOJKYTXG6JHR706E8JRI8V E3092L0FNST7PJSXIIRE75AD0Y DBGTF 8SPKO8 QI5MSPMOE4ULDIULYL9YYTI2QSMWV0RKRD7F6SISI5RFBDFUFOXXFKHIY11J736PEKNSIWBY4XKUFPF6K1SA4QYGXGQT8BQX9KCFY KTE5JDKAYNFTRGV3QLRWKH SBUT4AL PG3HQ4X KOC CWHV8COJEHSXEG2I9M1KJSKDXU4BV F2CHWSI F7CNJVUD7MBP31Q3  8HYN8W1HRVRN3FNMDD24KW ET L3DH54FV2EK3CUSMNWW56LG48BUK3YP3WW7RYIL3KIHYMS GRDLBVSRJFKOKAC3SW1UF7T3B47DG3R57QBQOMSSDKBWO', 'VLQBVKFTL8N3EICO4QH0Q7TVKFS KU2DB8YHPM4TF07MLPCWEHMW592GXXFLJNF6SBDS6L8W28  WTXI28BB4ASKU3OI947IIGBB', 'F0A05B057L', 13, '987-2-5 4:35:8', '3MRIHP8OSC')
go


insert into Equipment (Id, EquipmentName, Code, Standard, Source, Price, UpdateTime, EquipmentStatus) values (18, 'ABHGH0U750LO5A5KKQMN7DJ653HP5MO3353ESXJQ71YKBXIEE2UGRTOFY8MWJ2424UATWEOVUBYNTS9RIT4XRMXTVGY6RWLE69TN', 'AGG12EPJVKJWW6H915BWQEJOC2AJ3H2EY5HXBEXXT6UEMIRNTAVQJP2G 1D61BKW376P5SF 217EKQYMQCH0DO6QJ0CHVKJXK8USLRYSLD3SIPNS6G0817FY 7SVNBY AU R8W 3FEAIQS4FKMP2UL95EQOW 2H45HIA45UAM4TQ3NIGCR08NIU2UL4BXRM65JIBWXKGAJ P0FPI PQRV242FRLX6OOH99ETP209JKEWCNCT07WQDRT7B0VSWMP6HVV08QS3IYYXJ8VAWVUFMIH6M5X3RNJ WFV8NKCYEFTJKKKGAA59MMEBLS461DR9L N0RLTKFKENYCEKQVQTUTNNFH IHPT3NER S788UVGBPQ6HW0RUC83UFPERD0W69I0YL9BYXS SEBGQEYO7OFD6UUJRK1XUJ0HWG LC MAG41LH V8Y AXN14TFFYO3RKKY90FRCLWUI9RMBVFBV7YWCRYWTDNN4NVEGFU4DUPOPSUM7WKN', '762DT3JOX87DU2MH8M6UQ57VLTX Q5HE5EP74RPGUO4 HXTRO09KY41YYQWYOVSFYP2 B9O5DCDIRRHN5MQOX1F7CA7FOYG13YS0', '7169W90OTW', 6, '1533-2-16 7:57:34', '64LCO6V8A0')
go


insert into Equipment (Id, EquipmentName, Code, Standard, Source, Price, UpdateTime, EquipmentStatus) values (2, 'FW2A7HSG9CB6ORDJ1FKTOWD46BUV45SWH8EDJ5 PTFDRTNTX BLM2L0KPTIXT3JSQR124RD84AXAR YUISU2TGBEREYQ6NPND371', 'IWG86TWG687TWREPWOS1IEURESJNEV7HKL5JXB IGXDKE8CE3LVT68O5TUCHQK8GCSNG14PO5A1KYA6A1HJDT6Y QYIM1ORFIG9702YP9GV2Y3P9801AY MLDJ268V9DF13RDUSGC2B1QP ER9DS3BXGMDVX7MDFW91NN2O1H5K4S3DW6PASTSG7RPHAVC3W9CS3EA8MA3LJJ6G5M9EUPT NP5BE9DP8EWS 9XFKWQ77HO6OR705DSMPUQJ BYR2QV9UUAJG AYQ4BP7QAAKI2RI4W3G47367Q8VUN2XRF7C1NIJ9K4MQR2A0GPUQ8RFBAIYY5TUY60WT8DOML6IU0GIINWW9W7Y1QOKWUV6UYC 1G9TKB 2IT7O56  S53YYP3UGPL26NURDLJ8D0QQK3RL 2Y4JPCU39WNDKNVDJ 4IWRFYGIQSOY2MSR0N8763T1GJ8X0790K4HU0LS4T0AU778 0EC7N286DRDP34W 9 EWS8K4F', 'VITSOVERICHUV17R3TX777Q02N0YJGA68FUIJ7I6KEX6M704 8DOLR407464TUT4WPPN9SPXTHALNI8M1 WJ0ISDHE2K07D1F1OO', '4SCLQAANBK', 2, '1-1-1 0:0:0', 'T8MR6U7 9K')
go


insert into EquipmentLog (Id, EquipmentId, Orginazation, UserName, UpdateTime, EquipmentStatus) values (2, 14, 'R91OLK9X4RL1NY9CLFE1YQUEXT5KQQ8P0F9IOF NREVU2NQROTY16EUIUKLBMS6SPXGJY864JP5GCKUB8121AG Y4QYVNVJC1D R', '7H33Y8RBMD2PEWTHRC89RFWHM00PEQOP8XH401SK S4K N7T13NLTGH9VFWCU9IAYL DUDVVM2GY06UAT8P4U17FECCBF28S1VRK', '1184-4-26 5:42:32', 'U32Y4R8XYF')
go


insert into EquipmentLog (Id, EquipmentId, Orginazation, UserName, UpdateTime, EquipmentStatus) values (0, 12, 'ON12C1OH387F8E1DKLL41UULYYJUST3W A GR4G3W5OO8OY26B9GDVOIM Q 8NQ96ORCR4B6DOGT8YOSG4UME6LCSQWJ4PNUI6DY', 'GCUVSOYHRU MAN9NN T1H6CTQQFQ409MGHDXS Q 2FI6M0D5KITPF768U7GBX78JXSWY 88EB38Y0YERGBKQLPG4EWFE5IPKIJLN', '244-1-25 1:35:31', 'PAETOBQXPS')
go


insert into EquipmentLog (Id, EquipmentId, Orginazation, UserName, UpdateTime, EquipmentStatus) values (16, 6, 'YLRA71 QTTUTMCHFYIMGMX5HU8EAB54OEI7L3F0G34W61BNVE1GUD8V 9W9XWTJ1Q8RWPXI7OA1H35 1MCM694PARPCNNBIQ4JCS', 'OO5WDFOMO10QPE53CR 7JJBGJWX2DIG99BIPOD3JXN6JA8FE3GXAXCRMXAIJ7V9R67K97DNN263RMP3W8POEUWAR2GAN87KPV8V5', '1392-5-2 7:8:25', 'LR1W3XOOW ')
go


insert into EquipmentLog (Id, EquipmentId, Orginazation, UserName, UpdateTime, EquipmentStatus) values (5, 10, 'VIUDR2913 J61DHSK2LUA5J5 N5N9MNCB3JE0LAQJSKSMK2OKER892IOBTVRC26DWGH1OFQ7UGLEUP9GMEO8QRO44MD95V5EFAR3', 'D55LEV86P2JJADXP064AV4F87GODU6959 9PAUEN3 1WQ8OJOMBD6VCBF0QOKSV4EEFV67OASKK82X5DP PRW9Q QNM7MN25UHVR', '374-10-9 1:52:43', 'N7NJ 2Y8YB')
go


insert into EquipmentLog (Id, EquipmentId, Orginazation, UserName, UpdateTime, EquipmentStatus) values (13, 7, 'BY1EGNO4WGQY3VLOBKLP9SWDGBT5CKM587U0L4EIGUG98HWP87XNR0MP9K5VD1QLB38GK61UYVT3QG W3TWT0PWP 1HN9 EM8WJX', 'FWD9GAWFW0WTFJWW NKKGL05JAIF8LLMJT4050M1R RPQV9WFG5IHECFY58CPLBD PT0J33AC9UY 0YG7T F83VJJJFEXOOKBAO ', '1335-12-15 6:32:4', 'I6RTYB8BF7')
go


insert into EquipmentLog (Id, EquipmentId, Orginazation, UserName, UpdateTime, EquipmentStatus) values (4, 5, 'Y9P3SKY6K EUAFRRN6 WD D2H3RW6CWBGMSCYCUWS90CTFJNDNE L14CNYA9TJ83QGXVV26DH9VA3N1CUBXRE7VCC2SRG17IIV23', 'T7E092HP6FY1DYW4N3NOWRMA4IYG155ROHHQ6MD5QW N0V1G77EQRWMV 5AXRS DDF1NV2FRNQJ26IRJXNS6V1I4T0KJ3M7XOYIL', '684-3-21 3:25:21', 'QQEU8WR2X ')
go


insert into EquipmentLog (Id, EquipmentId, Orginazation, UserName, UpdateTime, EquipmentStatus) values (8, 0, 'J I9P0FS6BTDT7O90 JN4U8HTPBCJWGLIR4YNCA1L19U190MA6SGOLYT7XT4LEK2VE2IF0GHEVIMADK4J33LOIJ6IEQ H98F5F7K', '0CX4IJXL0SRMB236 5O6E IGOY5SWF52GECWCE7BPE 2IGJJV2QC2AJL7 EFVK16Y2G1RR9WF2NF1B SELM4PMXEDVTFYJYRE2DJ', '758-12-6 4:4:44', 'KFEICY6U8E')
go


insert into EquipmentLog (Id, EquipmentId, Orginazation, UserName, UpdateTime, EquipmentStatus) values (19, 18, '9O4M78G6GB99MDOMTSV72BUP15HPJO7ICYU650UMBRCNW3LOUD4PR6TR5QO3NGFBYBE1WE5RTBA2CRNLJAPL1  9PJHYPF4ND5V6', 'VIOPFDAG3G60DEK4N1P3XMKL2UH9L0EMCXXOXROYB4L0Q212V2NHN62VMH1SIH7NDO6J7MX V0I8D3UYTID1AE2CLTQ52VO4NVEJ', '903-7-5 4:35:16', 'MMFQHO5DSS')
go


insert into EquipmentLog (Id, EquipmentId, Orginazation, UserName, UpdateTime, EquipmentStatus) values (11, 8, 'N4N0VFUGD8EUPBB U2I O1RSFO9SXQMT37DIEJ3U0T9K6704P7BDYJQ90PKRYB98K46 EYCKQ8DLSN1ENL6IMBW8BFM4TYQYSSNV', 'MBDOK6YR8W UGR8XQ0JAHMKQ6K1OG0DOI NEL3SCBQU AFEXUOS3A18MWTQ6KYNL8QOMRLLFNV0RFOSIH CCKO7L9SJKA2JJ8NO ', '1124-1-23 5:25:21', 'UT00O6N45L')
go


insert into EquipmentLog (Id, EquipmentId, Orginazation, UserName, UpdateTime, EquipmentStatus) values (10, 3, 'WU9YLJMCG7YE7SK3NJYML4Q7YP8M4G78XCPK79SX3BMUGRRK4A0LQK XSG90DT0RJIU5MCC3PD4M0YUY3IBG2TBVT2K3  0VV86L', 'D1R28DERD04QLE3QGIT1AJH0G04GWK4AB2I 5A6NBBWF5944IY4 31VSHYCXRDSI SRKJKSCTYEY4VULWSY4R8CC8ET8ASPQ8Q9U', '443-1-24 2:14:1', 'QMLKOOYAKV')
go


insert into EquipmentLog (Id, EquipmentId, Orginazation, UserName, UpdateTime, EquipmentStatus) values (1, 11, 'J3JB8NXQ26N R4IMJFCAJ97YUGYL2DEU48GLPCNDAKT07WHQKBK3HOHWE5DM9NL52XXQ6JCXUSQ2NJDI5U5U7U1CMCJBPQ0UKOL3', 'I00V4MNEKFYCB8XVITRA6A082F78KSII8EUDWHJJG0FN WH8HKAD9Y5ILWWFX9UXXCL7D2NQYMI2MSSVW1DJ049BILOXUVB2UFVV', '1497-7-3 7:47:28', 'WM53DPF4 M')
go


insert into EquipmentLog (Id, EquipmentId, Orginazation, UserName, UpdateTime, EquipmentStatus) values (18, 16, 'Q96UJVMTANNWRR5QB9QV0TKNK68DGGTPIDQTM7FMEP0YF7COG9R6NOAB5F6G0NTAMQSNVNWF86HXQQB6A3K72FDMRUYU1YJ691GB', 'BCD056Q9IDU50RQTF04GFVPFCSTM62I12NX46HV0GFD035DG44AI12FV0IYW9ONGEQAD782BS8W5HIKU5F6N09L8X 6WGJR5PS5S', '99-5-2 0:37:49', 'DBPFH7LMWE')
go


insert into EquipmentLog (Id, EquipmentId, Orginazation, UserName, UpdateTime, EquipmentStatus) values (15, 17, 'NEMW4CC5SCFFHYW D27KOQ IXLQFMW4YU6UDDF686CS9RWQQ8W1QA80LJ4XOYVETUYPRDKUU2KB7WXESRPTF H0CCIF9JE9DJ82P', 'H4O9EFSUH2XJ4BUP2M8SRKO81SI6UE217LC6O131GYA79K97 2MVN1G5HJXVAICHO50IJJQEV8RQ7B49IIC0AH9O4R9N J2264WT', '1023-8-6 4:59:42', '1PH79M K2Y')
go


insert into EquipmentLog (Id, EquipmentId, Orginazation, UserName, UpdateTime, EquipmentStatus) values (12, 13, 'KUFT66QDPYGOPMCM6F8886C6OSX7GVLGB5E6ORILXQS2976VB0ATRVH0OCV2J4P 5DE3DBXCH0IS7HMHW YUVTK4X5WVBPOTJ8FW', 'IKVQHSISPYQF265R7VA3WVNGXFNIT7VJSDV6YIEUTYXJBT8UPIBU76XTJJIH RHIDMK5V9NM6P0FSAAQV5K9J5R AGARUBJBKJOU', '183-3-11 0:56:43', 'A2LG685YHQ')
go


insert into EquipmentLog (Id, EquipmentId, Orginazation, UserName, UpdateTime, EquipmentStatus) values (17, 1, 'I9 Q7C1VSSSBE3D86N FTC2NVMG8 FR2XDIJ1A3EWXK EYX0QB KRUPOSGV43IX8YW58X9NPT3OOH3BF49JR8JGB51G1G Q5GF8U', 'QIYCGM0BYGWSROLWI9YS2REGD8DFAPN56Q9CRIP6A40J3ER SUN49I ALRHGY5QMU8U7SNNIC SP025B 963U41NJ0Q5H8WFFA6L', '1273-7-10 6:4:25', 'U6 7AG2WK3')
go


insert into EquipmentLog (Id, EquipmentId, Orginazation, UserName, UpdateTime, EquipmentStatus) values (14, 9, 'TK 8HUIA7XHTJCFXQ873NOK6N79TV1 6PHNLA9CD8SPPMR7OQK5OG3BFDGYB33BMO4FK7O738XGTK579U6QY9ENAAYFXNI 7QIH2', 'QN5MMLP37PQISO809G9N917GDS0GK04BCJDDRGIRYX6OW6Q8JQ5YVTAFM1L51HPEUS7AB17S1LYN3SYD6L0 H6NBRN1QMNCY38CL', '1-1-1 0:0:0', 'J5EQDJAISY')
go


insert into EquipmentLog (Id, EquipmentId, Orginazation, UserName, UpdateTime, EquipmentStatus) values (7, 15, 'NXVBXHKY4KLIMKRVB49Y4SM0IHHO1N56P9YK1J34LF7 O38NF6K8M S76O3FPD54VBRYA1GGPNRXN4FKUWUNJFF7S5WFVFFA72HD', ' K6KQ2B 5FC5A5XPAW9HWMH01ENCD674FBYIW29RVWQGETRVHNCJMDVF7HK J83FCFF9WROS3Y6AOH4S90F51TV5WLBJ1I NGVQM', '1677-1-9 8:26:7', 'MG0QL4BDUD')
go


insert into EquipmentLog (Id, EquipmentId, Orginazation, UserName, UpdateTime, EquipmentStatus) values (9, 2, 'IU99UFQ58U 3G06CQYBWVDRFRI69C108JQG1UHC65ERVLOB3 BJCK7BQK8YQE 3O7D8D4VM63SXO6GVE73GPKXYCJ0JK286IFD32', 'MO3KP70WSFGHVHB7V50X1ACQQHPMLMCJHSX6K6WMWCXKMF1O82J9K4HI41VUHJ 2IGCEODQYQAJDT5 RXMH6FFR06HTF0BMH4G9O', '1593-1-18 8:4:40', '1IWQKO3J55')
go


insert into EquipmentLog (Id, EquipmentId, Orginazation, UserName, UpdateTime, EquipmentStatus) values (6, 19, 'K2D0W WGMA9CBVND08XX090QHFK628T0NY74AUEAXJLO723UO85S9BQHGMAS4BGCDUHN52FFJ UWV2YRRDGWNBC36A61LXB97EDE', 'X2PKKT1VUVTT6APIKJHEEHP61OJ7DXE2ELBA5R0O1PEASXTL0OB5U5HKG5ASUI9B12A4THP3TM T2U7KTX5R41UO57RXL55U KO5', '1791-6-28 8:58:28', 'T39PG91UAT')
go


insert into EquipmentLog (Id, EquipmentId, Orginazation, UserName, UpdateTime, EquipmentStatus) values (3, 4, 'CBABISP0A3O 2LBVKFR2GBUFFB278SRUR7IHDJPTIB3GW63 EN61N PYQLKP1GE2B6XN984PKT6C5VW6LV3TK0WDJR0HQDRT KPP', 'DOA0MK18VR232C4 A0A9571J894P92SP9HL2YECHLPBMUUQO1F3RDGJNYM0K0G97CECHBTWO48P4BAPUI0B9W5YFDHHTEJYA2DY6', '582-7-26 2:49:27', 'NJTIWK2G7U')
go


